root	russian	pos	pos_source	synonym_of	register	aliases
Anaria	Анария (Солнце)	noun	default		standard	анария (солнце
Bendelia	Бенделье	noun	default		standard	бенделье
Bordusnia	Бордусния	noun	default		standard	бордусния
Dervessnia	Дервесния	noun	default		standard	дервесния
Kevirytsyt	Кефирстан	noun	default		standard	кефирстан
Kurbania	Курбания	noun	default		standard	курбания
Molloksyt	Молокстан	noun	default		standard	молокстан
Nidrosia	Нидросия	noun	default		standard	нидросия
Nolania	Нолания	noun	default		standard	нолания
Sargatia	Саргатия	noun	default		standard	саргатия
Snezhskosyt	Снежскостан, Дурдания	noun	default		standard	дурдания|снежскостан
Turbania	Турбания	noun	default		standard	турбания
Vordsfalia	Вордсфалия	noun	default		standard	вордсфалия
Yogurtsyt	Йогуртстан	noun	default		standard	йогуртстан
abaj	книжная полка	adjective	heuristic		standard	книжная полка
abak	абака	noun	default		standard	абака
abas	смирение искреннее	adjective	heuristic		standard	смирение искреннее
abbrev	аббревиатура	noun	default		standard	аббревиатура
abitur	абитуриент	noun	default		standard	абитуриент
aborda	абордаж	noun	default		standard	абордаж
aboz	поле ржаное	noun	default		standard	поле ржаное
abrazi	абразия	noun	default		standard	абразия
abride	абрикосовое дерево	adjective	heuristic		standard	абрикосовое дерево
absətsi	абсцисса	noun	default		standard	абсцисса
abul	отбой	adjective	heuristic		standard	отбой
abyz	воссоединение	adjective	heuristic		standard	воссоединение
abzavv	абзац вводный	noun	default		standard	абзац вводный
abæz	сапог	noun	default		standard	сапог
abøz	холм	noun	default		standard	холм
abək	осадное оружие	adjective	heuristic		standard	осадное оружие|осадное вооружение|осадное ствол
aceb	континентальный климат	adjective	heuristic		standard	континентальный климат
acebə	сладкая наливка	adjective	heuristic		standard	сладкая наливка
acej	ромашка полевая	noun	default		standard	ромашка полевая
acil	жрец огня	noun	default		standard	жрец огня
acoke	чинить забор	verb	heuristic		standard	чинить забор
acuj	оппонент на защите	noun	default		standard	оппонент на защите
acæj	сила физическая	noun	default		standard	сила физическая|могущество физическая|мощь физическая
adap	брусья гимнастические	noun	default		standard	брусья гимнастические
adapte	адаптация текста	noun	default		standard	адаптация текста
ader	падалица фруктовая	noun	default		standard	падалица фруктовая
adin	лысина	noun	default		standard	лысина
admide	административное деление	adjective	heuristic		standard	административное деление
admin	админ, администратор	noun	default		colloquial	админ|администратор
adminka	админка, панель администратора	noun	default		colloquial	админка|панель администратора
admitt	адмиттанс	noun	default		standard	адмиттанс
adof	лыжные палки	adjective	heuristic		standard	лыжные палки
adrepo	адрес почтовый	noun	default		standard	адрес почтовый
adub	хомяк домашний	noun	default		standard	хомяк домашний
advoko	адвокатская контора	adjective	heuristic		standard	адвокатская контора
advoza	адвокат защиты	noun	default		standard	адвокат защиты
adym	сумма чисел	noun	default		standard	сумма чисел
adyv	ковш	noun	default		standard	ковш
adær	следствие грамматическое	adjective	heuristic		standard	следствие грамматическое
aerogr	аэрогриль	noun	default		standard	аэрогриль
aerome	аэропорт международный	noun	default		standard	аэропорт международный
aeroport	аэропорт	noun	default		standard	аэропорт
aeropr	аэропресс	noun	default		standard	аэропресс
aerost	аэрологическая станция	adjective	heuristic		standard	аэрологическая станция
aerozo	аэрозоль	noun	default		standard	аэрозоль
afac	топограф	noun	default		standard	топограф
afaj	глиняная свистулька	adjective	heuristic		standard	глиняная свистулька
afol	авторское свидетельство	adjective	heuristic		standard	авторское свидетельство
afoś	гончарная мастерская	adjective	heuristic		standard	гончарная мастерская
afuc	кинокамера	noun	default		standard	кинокамера
aføś	счётчик электроэнергии	noun	default		standard	счетчик электроэнергии
aga	ага	noun	default		colloquial	ага|верно|да
agan	отвес	noun	default		standard	отвес
agaroz	агароза	noun	default		standard	агароза
agenne	агентство недвижимости	noun	default		standard	агентство недвижимости
agitpu	агитпункт	noun	default		standard	агитпункт
aglaon	аглаонема	noun	default		standard	аглаонема
agoh	главлит	noun	default		standard	главлит
agrus	крыжовник	noun	default	kryźov	standard	крыжовник
agæf	капоэйра	noun	default		standard	капоэйра
agəj	симпозиум	noun	default		standard	симпозиум
ah	ах	noun	default		colloquial	ах
ahab	громоотвод	noun	default		standard	громоотвод
ahis	рекламный щит	adjective	heuristic		standard	рекламный щит
ahterp	ахтерпик	noun	default		standard	ахтерпик
ahøn	цеп	noun	default		standard	цеп
ahəc	заблуждение	adjective	heuristic		standard	заблуждение
ahəj	кладка стены	noun	default		standard	кладка стены
aj	ай	noun	default		colloquial	ай
ajet	перепись	noun	default		standard	перепись
ajev	плановый отдел	adjective	heuristic		standard	плановый отдел
ajih	благословение иконой	adjective	heuristic		standard	благословение иконой
ajoj	междометие	adjective	heuristic		standard	междометие
ajoli	айоли	noun	default		standard	айоли
ajug	министр внутренних дел	noun	default		standard	министр внутренних дел
ajul	данное слово чести	adjective	heuristic		standard	данное слово чести|данное выражение чести|данное лексема чести
ajyk	разорвать рукав	verb	heuristic		standard	разорвать рукав
ajyn	философский порошок	adjective	heuristic		standard	философский порошок
ajæz	установление отношений заново	adjective	heuristic		standard	установление отношений заново
ajək	шкура добытого зверя	noun	default		standard	шкура добытого зверя
ajər	стахановец	noun	default		standard	стахановец
ajəś	труд	noun	default		standard	труд
akac	канал	noun	default		standard	канал
akadem	академик	noun	default		standard	академик
akaj	колбаса вареная домашняя	noun	default		standard	колбаса вареная домашняя
akis	колдун	noun	default		standard	колдун
akk	акк, аккаунт	noun	default		colloquial	акк|аккаунт
akkaunt	аккаунт	noun	default		colloquial	аккаунт
akkuba	аккумуляторная батарея автомобильная	adjective	heuristic		standard	аккумуляторная батарея автомобильная
akkufo	аккумулятор фотоаппарата	noun	default		standard	аккумулятор фотоаппарата
akkumu	аккумулятор	noun	default		standard	аккумулятор
akkəret	аккреция	noun	default		standard	аккреция
akroni	акроним	noun	default		standard	акроним
aksiom	аксиома	noun	default		standard	аксиома
aktino	актинометр	noun	default		standard	актинометр
aktsen	акцент	noun	default		standard	акцент
aktuat	актуатор	noun	default		standard	актуатор
akul	акула	noun	default		standard	акула
akulst	акулья стая	noun	default		standard	акулья стая
akyk	послушник	noun	default		standard	послушник
akæk	карантин растений	noun	default		standard	карантин растений
akæt	погреб	noun	default		standard	погреб
akøf	вспашка зяби	noun	default		standard	вспашка зяби
akøg	стенная печать	adjective	heuristic		standard	стенная печать
albed	альбедо	noun	default		standard	альбедо
algori	алгоритм	noun	default		standard	алгоритм
alid	птицеводство	noun	default		standard	птицеводство
alkaś	алкаш, пьющий человек	noun	default		colloquial	алкаш|пьющий человек|пьющий индивид|пьющий личность|пьющий персона
alkin	алкин	noun	default		standard	алкин
allo	алло	noun	default		colloquial	алло
allomo	алломорф	noun	default		standard	алломорф
alləjuv	аллювий	adjective	heuristic		standard	аллювий
aloe	алоэ	noun	default		standard	алоэ
alom	верительная грамота	adjective	heuristic		standard	верительная грамота
altaot	алтарь под открытым небом	noun	default		standard	алтарь под открытым небом|алтарь под доступным небом|алтарь под незакрытым небом
altrui	альтруизм	noun	default		standard	альтруизм
aluś	свадебный поезд конный	adjective	heuristic		standard	свадебный поезд конный|свадебный железнодорожный состав конный|свадебный состав конный
alym	грунтовка стен	noun	default		standard	грунтовка стен
alæs	эмиграция	noun	default		standard	эмиграция
alæź	платформа перронная	noun	default		standard	платформа перронная
aløv	гараж	noun	default		standard	гараж
amah	замок дверной	noun	default		standard	замок дверной
amaran	амарант	noun	default		standard	амарант
amazon	амазонит	noun	default		standard	амазонит
ambaza	амбарная запись урожая	adjective	heuristic		standard	амбарная запись урожая|амбарная письмо урожая|амбарная текст урожая
amem	жертвенник	noun	default		standard	жертвенник
amep	огнетушитель	noun	default		standard	огнетушитель
amfibo	амфиболит	noun	default		standard	амфиболит
amib	пересменка	noun	default		standard	пересменка
amid	амид	noun	default		standard	амид
amigda	амигдала	noun	default		standard	амигдала
amin	амин	noun	default		standard	амин
amitoz	амитоз	noun	default		standard	амитоз
amob	линия метрополитена	noun	default		standard	линия метрополитена
amorti	амортизатор	noun	default		standard	амортизатор
amulet	амулет	noun	default		standard	амулет
amyl	скамейка у подъезда	noun	default		standard	скамейка у подъезда
amyr	радиоузел сельский	noun	default		standard	радиоузел сельский
amøp	открытый нараспашку (прилагательное)	adjective	heuristic		standard	открытый нараспашку|доступный нараспашку|незакрытый нараспашку
analkr	анализ крови	noun	default		standard	анализ крови
andant	анданте	noun	default		standard	анданте
andezi	андезит	noun	default		standard	андезит
anemog	анемограф	noun	default		standard	анемограф
angar	ангар	noun	default		standard	ангар
anim	шлагбаум переезда	noun	default		standard	шлагбаум переезда
anis	анис	noun	default		standard	анис
annete	аннексия территории	noun	default		standard	аннексия территории
anodir	анодирование	adjective	heuristic		standard	анодирование
antenn	антенна	noun	default		standard	антенна
antik	антикварк	noun	default		standard	антикварк
antikv	антиквар	noun	default		standard	антиквар
antino	антиномия	noun	default		standard	антиномия
antise	антисептика	noun	default		standard	антисептика
antits	антициклон	noun	default		standard	антициклон
antiza	антикоррозийная защита	adjective	heuristic		standard	антикоррозийная защита
antəres	антресоль	noun	default		standard	антресоль
anyb	коромысло	noun	default		standard	коромысло
anyn	пейзаж	noun	default		standard	пейзаж
anyr	арахис	noun	default		standard	арахис
anæf	каша овсяная	noun	default		standard	каша овсяная
anæn	датировка радиоуглеродная	noun	default		standard	датировка радиоуглеродная
anæv	спальный район	adjective	heuristic		standard	спальный район
anøm	увеличительная форма	adjective	heuristic		standard	увеличительная форма
apap	баскетбол	noun	default		standard	баскетбол
aplodi	аплодисменты	noun	default		standard	аплодисменты
aplozr	аплодисменты зрителей	noun	default		standard	аплодисменты зрителей
apoast	апоастр	noun	default		standard	апоастр
apokop	апокопа	noun	default		standard	апокопа
apori	апория	noun	default		standard	апория
apotse	апоцентр	noun	default		standard	апоцентр
appərok	аппроксимация	noun	default		standard	аппроксимация
aprel	апрель	noun	default		standard	апрель
aptepe	аптечка первой помощи	noun	default		standard	аптечка первой помощи
aptetś	аптечка	noun	default	śalnə	standard	аптечка
arahis	арахис	noun	default	anyr	standard	арахис
aramid	арамид	noun	default		standard	арамид
aranmu	аранжировка музыкальная	noun	default		standard	аранжировка музыкальная
arbale	арбалет	noun	default		standard	арбалет
arbime	арбитр международный	noun	default		standard	арбитр международный
arfa	арфа	noun	default		standard	арфа
argum	аргумент	noun	default		standard	аргумент
argume	аргументация	noun	default		standard	аргументация
arhar	архар	noun	default	icøp	standard	архар
arhiki	архив кинохроники	noun	default		standard	архив кинохроники
arhios	архипелаг островной	noun	default		standard	архипелаг островной
arhitr	архитрав	noun	default		standard	архитрав
arhivo	архивольт	noun	default		standard	архивольт
arija	ария	noun	default		standard	ария
ariź	ось планеты	noun	default		standard	ось планеты
arka	арка	noun	default		standard	арка
armi	армия	noun	default	guźaź	standard	армия
arob	бенгальский огонь	adjective	heuristic		standard	бенгальский огонь|бенгальский пламя|бенгальский пожар
arok	гонец	noun	default		standard	гонец
aromvy	аромат выпечки	noun	default		standard	аромат выпечки
arpedź	арпеджиатор	noun	default		standard	арпеджиатор
artedr	артефакт древний	noun	default		standard	артефакт древний|артефакт ветхий|артефакт старый
artel	артель	noun	default	bośuc	standard	артель
artipo	артиллерийская подготовка	adjective	heuristic		standard	артиллерийская подготовка
arøb	буксир	noun	default		standard	буксир
arøl	шина медицинская	noun	default		standard	шина медицинская
asis	магический символ	adjective	heuristic		standard	магический символ
aspira	аспирант	noun	default		standard	аспирант
assimi	ассимиляция	noun	default		standard	ассимиляция
astero	астероид	noun	default		standard	астероид
astrol	астролябия	noun	default		standard	астролябия
astərot	астроцит	noun	default		standard	астроцит
asuk	ловчий	adjective	heuristic		standard	ловчий
asøk	сыр домашний	noun	default		standard	сыр домашний
asøn	ключница настенная	noun	default		standard	ключница настенная
asəl	зараза	noun	default		standard	зараза
atak	атака	noun	default	læźbø	standard	атака
atelpo	ателье пошива	noun	default		standard	ателье пошива
atep	выкройка	noun	default		standard	выкройка
atev	противотанковая оборона	adjective	heuristic		standard	противотанковая оборона
atof	городской рынок	adjective	heuristic		standard	городской рынок
atoj	мученик	noun	default		standard	мученик
atomar	атомарность	verb	heuristic		standard	атомарность
atoź	молчать	verb	heuristic		standard	молчать|не говорить|хранить молчание
atrium	атриум	noun	default		standard	атриум
atseta	ацетальдегид	noun	default		standard	ацетальдегид
atseti	ацетилхолин	noun	default		standard	ацетилхолин
atseto	ацетон	noun	default		standard	ацетон
attenj	аттенюатор	noun	default		standard	аттенюатор
attrak	аттракцион	noun	default		standard	аттракцион
attərak	аттрактор	noun	default		standard	аттрактор
atæn	малый	adjective	heuristic		standard	малый
atəv	бабочка	noun	default		standard	бабочка
au	ау	noun	default		colloquial	ау
audiog	аудиогид	noun	default		standard	аудиогид
auktəsi	аукцион	noun	default	nityg	standard	аукцион
aureli	Аурелия (планета/мир)	noun	default		standard	аурелия (планета/мир
auskul	аускультация	noun	default		standard	аускультация
austen	аустенит	noun	default		standard	аустенит
autent	аутентификация	noun	default		standard	аутентификация
ava	ава, аватарка	noun	default		colloquial	ава|аватарка
avans	аванс	noun	default		standard	аванс
avantəj	авантюрист	noun	default	tov	standard	авантюрист
avardo	авария дорожная	noun	default		standard	авария дорожная
avaren	авария энергетическая	noun	default		standard	авария энергетическая
avarst	авария на станции	noun	default		standard	авария на станции
avev	выемка дорожная	noun	default		standard	выемка дорожная
aviabi	авиабилет	noun	default		standard	авиабилет
aviano	авианосец	noun	default	ganji	standard	авианосец
aviaud	авиаудар	noun	default		standard	авиаудар
avim	заимствование через посредника	adjective	heuristic		standard	заимствование через посредника
avtoan	автоантоним	noun	default		standard	автоантоним
avtoma	автобусный маршрут	adjective	heuristic		standard	автобусный маршрут
avtoob	автономная область	adjective	heuristic		standard	автономная область|автономная край|автономная регион|автономная территория
avtopi	автограф писателя	noun	default		standard	автограф писателя
avtor	авторизация	noun	default		standard	авторизация
avtora	автомобильная развязка	adjective	heuristic		standard	автомобильная развязка|автомобильная выход|автомобильная решение
avtori	авторитаризм	noun	default		standard	авторитаризм
avtost	автосцепка	noun	default		standard	автосцепка
avtotr	автотрансформатор	noun	default		standard	автотрансформатор
avtovy	автоматический выключатель	adjective	heuristic		standard	автоматический выключатель
avtrka	аватарка	noun	default		colloquial	аватарка
avup	заячья тропа	noun	default		standard	заячья тропа
avyd	запивать еду	verb	heuristic		standard	запивать еду
avyś	хохломская роспись	adjective	heuristic		standard	хохломская роспись
azbumo	азбука морзе	noun	default		standard	азбука морзе
azeb	нарушенная связь	adjective	heuristic		standard	нарушенная связь
azih	звёздная карта	adjective	heuristic		standard	звездная карта
aziź	снятие судимости	adjective	heuristic		standard	снятие судимости
azosoe	азосоединение	adjective	heuristic		standard	азосоединение
azæm	поверхностное суждение	adjective	heuristic		standard	поверхностное суждение
azøk	странный (прилагательное)	adjective	heuristic		standard	странный
aśaj	проектор видео	noun	default		standard	проектор видео
aśak	браслет	noun	default		standard	браслет
aśeś	бармен	noun	default		standard	бармен
aśul	переговариваться	verb	explicit		standard	переговариваться
aśuś	групповая экскурсия	adjective	heuristic		standard	групповая экскурсия
aśæh	филателист	noun	default		standard	филателист
aśæź	оправданный	adjective	heuristic		standard	оправданный
aźij	костоправ	noun	default		standard	костоправ
aźoc	парусная мастерская	adjective	heuristic		standard	парусная мастерская
aźut	сеть для ловли зверя	verb	heuristic		standard	сеть для ловли зверя
aźym	пояс астероидов	noun	default		standard	пояс астероидов
aźøl	стадо оленей	noun	default		standard	стадо оленей
babgø	дистилляция	noun	default		standard	дистилляция
babip	телорез	noun	default		standard	телорез
babiru	бабирусса	noun	default		standard	бабирусса
babk	бабка	noun	default		standard	бабка
babkig	бабки игра в кости	noun	default		standard	бабки игра в кости|бабки игрище в кости
babu	бабушка	noun	default		standard	бабушка
babəh	планктон	noun	default		standard	планктон
badem	переписчик	noun	default	perep	standard	переписчик
badmin	бадминтон	noun	default		standard	бадминтон
baf	таблетка	noun	default		standard	таблетка
bagave	багажник велосипедный	noun	default		standard	багажник велосипедный
bagip	лживый (прилагательное)	adjective	heuristic		standard	лживый
baguln	багульник	noun	default		standard	багульник
baheb	остеон	noun	default		standard	остеон
baj	ведро деревянное	noun	default		standard	ведро деревянное
bajab	рифт	noun	default		standard	рифт
bajdar	байдара	noun	default		standard	байдара
bajer	терпеть неудачу	verb	explicit		standard	терпеть неудачу
bajpas	байпас (обводной канал)	noun	default		standard	байпас (обводной канал
bajtəko	байткод	noun	default		standard	байткод
bajud	гиперинфляция	noun	default		standard	гиперинфляция
baken	бакен	noun	default		standard	бакен
baklaź	баклажан	noun	default	mesir	standard	баклажан
baklsp	баклажан спелый	noun	default		standard	баклажан спелый
bako	короед	noun	default		standard	короед
bakyv	алхимический сосуд	adjective	heuristic		standard	алхимический сосуд
bal	тачка садовая	noun	default		standard	тачка садовая|авто садовая|автомобиль садовая|машина садовая
balade	балалайка деревенская	noun	default		standard	балалайка деревенская
balan	балансировка	noun	default		standard	балансировка
baldəź	балдж	noun	default		standard	балдж
balek	бредень речной	noun	default		standard	бредень речной
balepa	балетная пачка	adjective	heuristic		standard	балетная пачка
baljas	балясина	noun	default		standard	балясина
baljus	балюстрада	noun	default		standard	балюстрада
balk	балка	noun	default		standard	балка
balun	балун	noun	default		standard	балун
balzam	бальзамин	noun	default		standard	бальзамин
bambuk	бамбук	noun	default		standard	бамбук
bamjy	дипломатический протокол	adjective	heuristic		standard	дипломатический протокол
bampy	здание суда	adjective	heuristic		standard	здание суда|постройка суда|строение суда
ban	железнодорожная линия, магистраль	adjective	heuristic		standard	железнодорожная линия|магистраль
bana	бан, запрет доступа	noun	default		colloquial	бан|запрет доступа|бан доступа|блокировка доступа
banade	банановое дерево	adjective	heuristic		standard	банановое дерево
bander	бандероль	noun	default		standard	бандероль
bank	банк	noun	default		standard	банк
bankro	банкрот	noun	default		standard	банкрот
bankza	банкетный зал	adjective	heuristic		standard	банкетный зал
bannik	банник	noun	default		standard	банник
banven	банный веник берёзовый	adjective	heuristic		standard	банный веник березовый
baobab	баобаб	noun	default		standard	баобаб
bap	писарь	noun	default		standard	писарь
baraus	барабанная установка	adjective	heuristic		standard	барабанная установка
bardak	бардак, беспорядок	noun	default		colloquial	бардак|беспорядок
barhan	бархан	noun	default		standard	бархан
barhat	бархат	noun	default		standard	бархат
barmen	бармен	noun	default	aśeś	standard	бармен
barno	ритуальный круг	adjective	heuristic		standard	ритуальный круг
barome	барометр	noun	default		standard	барометр
barter	бартер	noun	default		standard	бартер
basspl	бассейн плавательный	noun	default		standard	бассейн плавательный
bastio	бастион	noun	default		standard	бастион
bat	медогонка	noun	default		standard	медогонка
batial	батиаль	noun	default		standard	батиаль
batja	батя, отец	noun	default		colloquial	батя|отец
batk	отец	noun	default	ægøk	standard	отец
batoli	батолит	noun	default		standard	батолит
batut	батут	noun	default		standard	батут
batøl	хитрый (прилагательное)	adjective	heuristic		standard	хитрый
batś	видеть	verb	heuristic	vel	standard	видеть
baza	база, верное мнение	noun	default		colloquial	база|верное мнение|верное взгляд|верное позиция|корректное мнение|правильное мнение
bazalt	базальт	noun	default		standard	базальт
bazaza	базарный зазывала	adjective	heuristic		standard	базарный зазывала
baź	зной	adjective	heuristic		standard	зной
baźi	мартенсит	noun	default		standard	мартенсит
beba	гепатоцит	noun	default		standard	гепатоцит
bebir	гиперболоид	noun	default		standard	гиперболоид
bebom	фугетта	noun	default		standard	фугетта
beclæ	передовой отряд	adjective	heuristic		standard	передовой отряд
becæh	пятилетний план	adjective	heuristic		standard	пятилетний план
bednos	бедность	verb	heuristic	tæd	standard	бедность
bef	достаточно (квантор)	noun	default		standard	достаточно
befyg	раскаяние	adjective	heuristic		standard	раскаяние
beg	клизма	noun	default		standard	клизма
begap	брод	noun	default		standard	брод
begde	сердечно-сосудистая система	adjective	heuristic		standard	сердечно-сосудистая система|сердечно-сосудистая структура|сердечно-сосудистая устройство
begemo	бегемот	noun	default		standard	бегемот
beggu	алиби	noun	default		standard	алиби
begodo	беговая дорожка домашняя	adjective	heuristic		standard	беговая дорожка домашняя
begoni	бегония	noun	default		standard	бегония
begovd	беговая дорожка стадиона	adjective	heuristic		standard	беговая дорожка стадиона
begæd	зернохранилище	noun	default	zernoh	standard	зернохранилище
behzy	этикет придворный	noun	default		standard	этикет придворный
bejzi	дельта реки заболоченная	noun	default		standard	дельта реки заболоченная
bejśə	плащ	noun	default		standard	плащ
belpe	резервный отряд	adjective	heuristic		standard	резервный отряд
belved	бельведер	noun	default		standard	бельведер
bemab	инвариант	noun	default		standard	инвариант
bemyś	истинная дружба	adjective	heuristic		standard	истинная дружба
bemær	кувшинка	noun	default		standard	кувшинка
ben	роспись	noun	default		standard	роспись
benru	боевой конь	adjective	heuristic		standard	боевой конь
benum	датчик движения	noun	default		standard	датчик движения
benzal	бензальдегид	noun	default		standard	бензальдегид
benze	мировое соглашение	adjective	heuristic		standard	мировое соглашение
benzin	бензин	noun	default		standard	бензин
bep	миска деревянная	noun	default		standard	миска деревянная
beptæ	день урожая	noun	default		standard	день урожая|дневное время урожая|сутки урожая
bereob	берег обрывистый	noun	default		standard	берег обрывистый
berest	береста	noun	default		standard	береста
bergəśr	бергшрунд	noun	default		standard	бергшрунд
bes	освобождать	verb	explicit		standard	освобождать
besedk	беседка	noun	default		standard	беседка
besit	бесит, раздражает	noun	default		colloquial	бесит|раздражает
besitsja	беситься, сильно злиться	verb	heuristic		colloquial	беситься|сильно злиться|крайне злиться|очень злиться|чрезвычайно злиться
beskon	бесконечность	verb	heuristic		standard	бесконечность
beso	маяк	noun	default	dyt	standard	маяк
bespol	бесполезный (прилагательное)	adjective	heuristic		standard	бесполезный
besser	бессердечие	adjective	heuristic		standard	бессердечие
bester	бестер (гибрид белуги и стерляди)	noun	default		standard	бестер (гибрид белуги и стерляди
besvy	наградной лист	adjective	heuristic		standard	наградной лист
beszi	чехол для телефона	noun	default		standard	чехол для телефона
besśu	земная кора	adjective	heuristic		standard	земная кора
bet	возможно (модальное выражение вводное)	noun	default		standard	возможно (модальное выражение вводное|возможно|возможно (модальное лексема вводное|возможно (модальное слово вводное
betono	бетономешалка	noun	default		standard	бетономешалка
betøź	морской порт грузовой	adjective	heuristic		standard	морской порт грузовой
bev	созвездие рыб	adjective	heuristic		standard	созвездие рыб
bevoj	душица	noun	default		standard	душица
bevub	гордиться	verb	heuristic	gor	standard	гордиться
bez	без (предлог отсутствия)	noun	default		standard	без (предлог отсутствия
bezako	безалкогольный коктейль	adjective	heuristic		standard	безалкогольный коктейль
bezope	безопасный перевал	adjective	heuristic		standard	безопасный перевал|защищенный перевал|неопасный перевал
bezponjatija	без понятия, не знаю	noun	default		colloquial	без понятия|не знаю
bezraz	безразличие	adjective	heuristic		standard	безразличие
bezu	безусый	adjective	heuristic		standard	безусый
bezum	безумие	adjective	heuristic		standard	безумие
bezvet	безветрие	adjective	heuristic		standard	безветрие
bezzub	беззубка	noun	default		standard	беззубка
bezźal	безжалостный (прилагательное)	adjective	heuristic		standard	безжалостный
beź	похвала	noun	default		standard	похвала
beźabo	бежать босиком	verb	heuristic		standard	бежать босиком|мчаться босиком|нестись босиком
beźe	пальпация	noun	default		standard	пальпация
beźela	беженский лагерь	adjective	heuristic		standard	беженский лагерь
beźene	беженец	noun	default		standard	беженец
beźets	бежевый цвет	adjective	heuristic		standard	бежевый цвет
beźf	бежать	verb	explicit		standard	бежать
beźø	судьба	noun	default	sudb	standard	судьба
bhecy	снимать шкуру	verb	heuristic		standard	снимать шкуру
bi	с (предлог совместности)	noun	default		standard	с (предлог совместности
biatlo	биатлон	noun	default	opøt	standard	биатлон
biblio	библиотека	noun	default	zəhid	standard	библиотека
biccu	дятел стучащий	noun	default		standard	дятел стучащий
bid	обменивать	verb	explicit		standard	обменивать
bide	биде	noun	default		standard	биде
biduh	отруби	noun	default	otrub	standard	отруби
bidør	водопой	adjective	heuristic	vodop	standard	водопой
bife	капрон	noun	default		standard	капрон
bigøp	бабагануш	noun	default		standard	бабагануш
bih	бежать	verb	heuristic	coźhə	standard	бежать
biham	свежесть	verb	heuristic		standard	свежесть
biheź	шкафут	noun	default		standard	шкафут
bihkæ	насыщение	adjective	heuristic		standard	насыщение
bij	конфискация имущества	noun	default		standard	конфискация имущества
bik	чайник заварочный бытовой	noun	default		standard	чайник заварочный бытовой
bilav	привычный (прилагательное)	adjective	heuristic		standard	привычный
bilbor	билборд	noun	default		standard	билборд
bilete	билет в театр	noun	default		standard	билет в театр
biling	билингвизм	noun	default		standard	билингвизм
biljar	бильярд	noun	default	øzaź	standard	бильярд
biluf	бодрость	verb	heuristic		standard	бодрость
biluk	капельник	noun	default		standard	капельник
bilus	прииск	noun	default	źygud	standard	прииск
bimif	оцелот	noun	default		standard	оцелот
bimup	омматидий	adjective	heuristic		standard	омматидий
bimy	гидролог	noun	default	gidrol	standard	гидролог
binom	бином	noun	default		standard	бином
bint	бинт	noun	default	pəv	standard	бинт
bintur	бинтуронг	noun	default		standard	бинтуронг
biolis	биолог-исследователь	noun	default		standard	биолог-исследователь
biotit	биотит	noun	default		standard	биотит
bip	песня скорби	noun	default		standard	песня скорби|композиция скорби|трек скорби
bipap	пантограф	noun	default		standard	пантограф
bipdø	биржа труда	noun	default		standard	биржа труда
bipø	дженерик	noun	default		standard	дженерик
birjut	бирючина	noun	default		standard	бирючина
birźfo	биржа фондовая	noun	default		standard	биржа фондовая
birźin	биржевой индекс	adjective	heuristic		standard	биржевой индекс
birźto	биржа товарная	noun	default		standard	биржа товарная
birəz	гора	noun	default	yhaś	standard	гора
bisas	наездник	noun	default		standard	наездник
bitrej	битрейт	noun	default		standard	битрейт
bitv	битва	noun	default		standard	битва
bivæh	вальдшнеп	noun	default		standard	вальдшнеп
bizcy	федерация	noun	default		standard	федерация
bizic	свобода духа	noun	default		standard	свобода духа|вольность духа|независимость духа
biznpl	бизнес-план	noun	default		standard	бизнес-план
bizun	перелом	noun	default		standard	перелом
biśeź	сипуха	noun	default		standard	сипуха
biź	штык	noun	default		standard	штык
biźoś	отшельник	noun	default	ybøc	standard	отшельник
bjulgo	бюллетень для голосования	noun	default		standard	бюллетень для голосования
bjurap	бюрократический аппарат	adjective	heuristic		standard	бюрократический аппарат
bjurok	бюрократия	noun	default		standard	бюрократия
blagmu	благословение мудреца	adjective	heuristic		standard	благословение мудреца
blagne	благое небесное знамение	adjective	heuristic		standard	благое небесное знамение|доброе небесное знамение|хорошее небесное знамение
blago	благодаря (предлог)	noun	default		standard	благодаря
blagod	благодарить	verb	explicit		standard	благодарить
blagos	благословение	adjective	heuristic		standard	благословение
blagou	благоухание	adjective	heuristic		standard	благоухание
blagvo	благовония восточные	noun	default		standard	благовония восточные
blagvy	благодарность выражение	verb	heuristic		standard	благодарность выражение|благодарность лексема|благодарность слово
blasto	бластоциста	noun	default		standard	бластоциста
blastu	бластула	noun	default		standard	бластула
blelu	кофемолка	noun	default		standard	кофемолка
blende	блендер	noun	default		standard	блендер
blestəj	блестянка (оса)	noun	default		standard	блестянка (оса
blija	кодек	noun	default		standard	кодек
blikut	банк	noun	default	bank	standard	банк
blin	блин (мягкое ругательство)	noun	default		colloquial	блин (мягкое ругательство|блин
blinda	блиндаж	noun	default		standard	блиндаж
blinto	блин тонкий	noun	default		standard	блин тонкий
blivom	локализация	noun	default	lokali	standard	локализация
blizdu	близость душевная	verb	heuristic		standard	близость душевная
bljad	Блядь, Блять (мат)	noun	default		colloquial	блядь|блять
blodub	десублимация	noun	default		standard	десублимация
bloh	блоха	noun	default		standard	блоха
blokno	блокнот	noun	default		standard	блокнот
blokoz	инжир	noun	default		standard	инжир
bloneś	шейдер	noun	default		standard	шейдер
blotdo	блочный дом	adjective	heuristic		standard	блочный дом|блочный жилище|блочный жилье|блочный обиталище
blouof	блоуофф	noun	default		standard	блоуофф
bludak	джамбалайя	noun	default		standard	джамбалайя
bluzźe	блузка женская	noun	default		standard	блузка женская
bluźog	водоскат	noun	default		standard	водоскат
blygyk	олуша	noun	default		standard	олуша
blyska	молния	noun	default	molni	standard	молния
blædo	дрейф	noun	default		standard	дрейф
blægaz	хряк	noun	default	hrjak	standard	хряк
bløsal	товарищество	noun	default		standard	товарищество
bløtim	запасливый	adjective	heuristic		standard	запасливый
blədap	староста	noun	default	staros	standard	староста
bləte	пентод	noun	default		standard	пентод
bmirə	перец черный молотый	noun	default		standard	перец черный молотый
bo	вместо (предлог)	noun	default		standard	вместо
bobgæ	манекен портновский	noun	default		standard	манекен портновский
bobrik	бобрик (ворсовая шерстяная ткань)	noun	default		standard	бобрик (ворсовая шерстяная ткань
bobsəle	бобслей	noun	default	jəpom	standard	бобслей
boc	поливочная машина	adjective	heuristic		standard	поливочная машина|поливочная авто|поливочная автомобиль|поливочная тачка
bocfe	защита от радиации	noun	default		standard	защита от радиации
bocvy	пешеходный мост подвесной	adjective	heuristic		standard	пешеходный мост подвесной
bod	коалиционное правительство	adjective	heuristic		standard	коалиционное правительство|коалиционное власти|коалиционное кабинет
bodbe	очищение ритуальное	adjective	heuristic		standard	очищение ритуальное
bodr	бодрый (прилагательное)	adjective	heuristic		standard	бодрый
bodros	бодрость	verb	heuristic	biluf	standard	бодрость
boevdo	боевое донесение	adjective	heuristic		standard	боевое донесение
boevdu	боевой дух войск	adjective	heuristic		standard	боевой дух войск
boevkl	боевой клич	adjective	heuristic		standard	боевой клич
boevkr	боевое крещение	adjective	heuristic		standard	боевое крещение
bogat	богатый	adjective	heuristic		standard	богатый|зажиточный|состоятельный
bogats	богатство	noun	default		standard	богатство
bogaty	богатырь	noun	default		standard	богатырь
bogim	желтый	adjective	heuristic	źolt	standard	желтый
bogomo	богомол	noun	default		standard	богомол
boh	хлопушка	noun	default		standard	хлопушка
bohel	недоговоренность	verb	heuristic		standard	недоговоренность
boja	бояться	verb	heuristic	muś	standard	бояться|опасаться|страшиться
bojari	боярин	noun	default		standard	боярин
boje	мангры	noun	default		standard	мангры
bojgi	контрольный пост	adjective	heuristic		standard	контрольный пост
bojnse	бойня сельская	noun	default		standard	бойня сельская
boka	бокал	noun	default	æsim	standard	бокал
bokbu	горячий источник	adjective	heuristic		standard	горячий источник|жаркий источник|раскаленный источник
bokore	бокорезы	noun	default		standard	бокорезы
boks	бокс	noun	default		standard	бокс
boksit	боксит	noun	default		standard	боксит
boksri	боксёрский ринг	adjective	heuristic		standard	боксерский ринг
bol	прошение к трону	adjective	heuristic		standard	прошение к трону
bolelś	болельщик	noun	default		standard	болельщик
boler	болеро	noun	default		standard	болеро
boli	боль	noun	default		standard	боль
bolid	болид	noun	default		standard	болид
bolnit	больница	noun	default		standard	больница
bolnli	больничный лист	adjective	heuristic		standard	больничный лист
bolot	болото	noun	default	ucyf	standard	болото
bolt	болт	noun	default		standard	болт
bolug	логика	noun	default	logik	standard	логика
bolvan	болван (оскорбление)	noun	default		colloquial	болван (оскорбление
bolvu	деревянная ложка расписная	adjective	heuristic		standard	деревянная ложка расписная
bolśin	большинство	noun	default	il	standard	большинство
bolśme	большая медведица	adjective	heuristic		standard	большая медведица|великяя медведица|крупная медведица|огромная медведица
bombit	бомбит, сильно раздражает	noun	default		colloquial	бомбит|сильно раздражает|крайне раздражает|очень раздражает|чрезвычайно раздражает
bombou	бомбоубежище	noun	default		standard	бомбоубежище
bomek	верховодка	noun	default		standard	верховодка
bonvæ	невежество	noun	default		standard	невежество
bopa	кардан	noun	default		standard	кардан
bophæ	договорённость письменная	verb	heuristic		standard	договоренность письменная
bopon	кортизол	noun	default		standard	кортизол
borave	бора ветер	noun	default		standard	бора ветер
borbsp	борьба спортивная	noun	default		standard	борьба спортивная
borh	долг	noun	default	dysmu	standard	долг
boro	защищать	verb	heuristic	səvan	standard	защищать|оборонять|охранять
boron	боронование	adjective	heuristic		standard	боронование
boropa	борозда пахотная	noun	default		standard	борозда пахотная
bortko	борцовский ковёр	adjective	heuristic		standard	борцовский ковер
bortni	бортничество	noun	default		standard	бортничество
bos	кардиолог	noun	default		standard	кардиолог
bosaf	знойность	verb	heuristic		standard	знойность
bosef	журналист	noun	default	źurnal	standard	журналист
bosev	полевод	noun	default	polevod	standard	полевод
bot	смирение	adjective	heuristic		standard	смирение
botan	ботан, чрезмерно усердный ученик	noun	default		colloquial	ботан|чрезмерно усердный ученик|чрезмерно усердный учащийся|чрезмерно усердный школьник
botsma	боцман	noun	default		standard	боцман
botśbr	бочка с брагой	noun	default		standard	бочка с брагой
botśk	бочка	noun	default		standard	бочка
boulin	боулинг	noun	default		standard	боулинг
bovos	обнимать	verb	heuristic	obnim	standard	обнимать
bovøh	брынза	noun	default		standard	брынза
boz	прожектор уличный	noun	default		standard	прожектор уличный
bośuc	артель	noun	default		standard	артель
boźeso	божество солнечное	noun	default		standard	божество солнечное
boźezv	божество звёздное	noun	default		standard	божество звездное
bra	брать	verb	heuristic		standard	брать|взять|забирать|получать
brabez	цитокин	noun	default		standard	цитокин
braga	брага	noun	default		standard	брага
bragø	краудфандинг	noun	default		standard	краудфандинг
brako	дендрит	noun	default		standard	дендрит
brakon	браконьерство	noun	default		standard	браконьерство
brakpr	брак производственный	noun	default		standard	брак производственный
brakto	браковщик товара	noun	default		standard	браковщик товара
branas	бра настенное	noun	default		standard	бра настенное
brasle	браслет	noun	default	aśak	standard	браслет
brat	брат	noun	default		standard	брат
bratan	братан, друг	noun	default		colloquial	братан|друг
bratmo	братская могила фронтовая	adjective	heuristic		standard	братская могила фронтовая
bratuha	братуха, близкий друг	noun	default		colloquial	близкий друг|братуха|близкий приятель|близкий товарищ|недалекий друг|рядом друг
braśpi	брашпиль	noun	default		standard	брашпиль
bred	бред, бессмыслица	noun	default		colloquial	бессмыслица|бред
brend	бренд	noun	default		standard	бренд
brezgəl	брезгливый	adjective	heuristic		standard	брезгливый
bridok	балдахин	noun	default		standard	балдахин
bridæ	сушняк (сухой лесной материал)	noun	default		standard	сушняк (сухой лесной материал
briga	суперфиций	adjective	heuristic		standard	суперфиций
brigad	бригадир	noun	default		standard	бригадир
brigpo	бригада полеводческая	noun	default		standard	бригада полеводческая
brijub	циркумфикс	noun	default		standard	циркумфикс
brirar	облегчение	adjective	heuristic	oblegt	standard	облегчение
britst	бритвенный станок	adjective	heuristic		standard	бритвенный станок
britæ	труха	noun	default		standard	труха
brizer	бризер	noun	default		standard	бризер
bro	бро, друг	noun	default		colloquial	бро|друг
brodja	бродяжничать	verb	heuristic		standard	бродяжничать
brodmu	бродячий музыкант	adjective	heuristic		standard	бродячий музыкант
brodpr	бродячий призрак ночной	adjective	heuristic		standard	бродячий призрак ночной
brodsk	бродячий сказитель	adjective	heuristic		standard	бродячий сказитель
brodto	бродячий торговец мелочью	adjective	heuristic		standard	бродячий торговец мелочью
brodæ	гигрограф	noun	default		standard	гигрограф
brokko	брокерская контора	adjective	heuristic		standard	брокерская контора
bromid	бромид	noun	default		standard	бромид
brona	экзоскелет	noun	default		standard	экзоскелет
bronhi	бронхиола	noun	default		standard	бронхиола
bropep	роскошный	adjective	heuristic	roskoś	standard	роскошный
brosat	бросок в атаку	noun	default		standard	бросок в атаку
brospr	бросать предмет	verb	explicit		standard	бросать предмет|бросать вещь|бросать объект|бросать штука|кидать предмет|швырять предмет
brosst	бросаться в сторону	verb	heuristic		standard	бросаться в сторону
brov	бровь	noun	default		standard	бровь
broś	брошь	noun	default		standard	брошь
broźen	брожение	adjective	heuristic	lisræ	standard	брожение
brubav	стерилизация	noun	default		standard	стерилизация
brudn	грязный	adjective	heuristic	śomky	standard	грязный|замаранный|нечистый
brufak	коленвал	noun	default		standard	коленвал
bruton	драйвер	noun	default		standard	драйвер
bryge	реквием	noun	default		standard	реквием
bryjih	плазмон	noun	default		standard	плазмон
bryvu	водосбор	noun	default		standard	водосбор
brøjæf	лонжерон	noun	default		standard	лонжерон
brøvyt	тиол	noun	default		standard	тиол
brəjuki	брюки	noun	default	job	standard	брюки
brəraś	содалит	noun	default		standard	содалит
bubde	кислота химическая	noun	default		standard	кислота химическая
bubedu	бубенец под дугой	noun	default		standard	бубенец под дугой
bubip	планария	noun	default		standard	планария
bubkæ	выкуп невесты	noun	default		standard	выкуп невесты
buc	мёртвый	adjective	heuristic		standard	мертвый
bucbo	десять	verb	heuristic		standard	десять
bucub	керосиновая лампа	adjective	heuristic		standard	керосиновая лампа
bud	строить	verb	heuristic	ofiv	standard	строить|возводить|сооружать
budiln	будильник	noun	default		standard	будильник
budlæ	покров день	noun	default		standard	покров день|покров дневное время|покров сутки
budpy	пирог с начинкой	noun	default		standard	пирог с начинкой
budr	будра	noun	default		standard	будра
budyno	дом	noun	default	dom	standard	дом|жилище|жилье|обиталище
bufcæ	крестная мать	adjective	heuristic		standard	крестная мать
buferz	буферная зона	adjective	heuristic		standard	буферная зона
bufezo	буферная зона международная	adjective	heuristic		standard	буферная зона международная
bufid	метание диска	adjective	heuristic		standard	метание диска
bugæf	тестостерон	noun	default		standard	тестостерон
buhar	бухарь, часто пьющий человек	noun	default		colloquial	бухарь|часто пьющий человек|нередко пьющий человек|регулярно пьющий человек|часто пьющий индивид|часто пьющий личность|часто пьющий персона
buhat	бухать, пить алкоголь	verb	heuristic		colloquial	бухать|пить алкоголь|выпивать алкоголь|употреблять напиток алкоголь
buhnut	бухнуть, выпить алкоголь	verb	heuristic		colloquial	бухнуть|выпить алкоголь
buht	бухта	noun	default		standard	бухта
buhæl	анализировать	verb	explicit		standard	анализировать
bujny	скрип телеги	noun	default		standard	скрип телеги
bujon	хромосфера	noun	default		standard	хромосфера
bujrep	буйреп	noun	default		standard	буйреп
buk	пень	noun	default		standard	пень
bukl	букле	noun	default		standard	букле
buks	букса (узел опоры железнодорожной оси)	noun	default		standard	букса (узел опоры железнодорожной оси
bukśø	равнодушие	adjective	heuristic		standard	равнодушие
bulav	булава	noun	default		standard	булава
buli	гусляр	noun	default	guslar	standard	гусляр
buliv	чистюля	noun	default		standard	чистюля
bulona	бульон наваристый	noun	default		standard	бульон наваристый
bulun	распределительная сеть электрическая	adjective	heuristic		standard	распределительная сеть электрическая
bulvar	бульвар	noun	default		standard	бульвар
bumaze	бумазея	noun	default		standard	бумазея
bumaźn	бумажник	noun	default		standard	бумажник
bunker	бункер	noun	default		standard	бункер
buntov	бунтовщик	noun	default	mopźu	standard	бунтовщик
bureve	буревестник	noun	default		standard	буревестник
burger	бургерная	adjective	heuristic	ycyk	standard	бургерная
burja	буря	noun	default	pør	standard	буря
burjak	свекла	noun	default	svjokl	standard	свекла
burosk	буровая скважина геологическая	adjective	heuristic		standard	буровая скважина геологическая
burrit	буррито	noun	default		standard	буррито
burs	бурса (синовиальная сумка)	noun	default		standard	бурса (синовиальная сумка
bursi	утка	noun	default		standard	утка
burtæ	лимфатический узел	adjective	heuristic		standard	лимфатический узел
burun	бурун	noun	default		standard	бурун
busar	копыто	noun	default		standard	копыто
butafo	бутафория	noun	default		standard	бутафория
butij	космическая скорость первая	adjective	heuristic		standard	космическая скорость первая|космическая быстрота первая|космическая скорость начальная|космическая темп первая
buv	экспортный контроль	adjective	heuristic		standard	экспортный контроль
buviv	следствие	adjective	heuristic		standard	следствие
buvuh	рисовать	verb	heuristic	fapuś	standard	рисовать
buzsi	частица усилительная	noun	default		standard	частица усилительная
buzyt	оставаться прежним	verb	explicit		standard	оставаться прежним
buśpri	бушприт	noun	default		standard	бушприт
buźeni	буженина	noun	default		standard	буженина
buźuf	гейзер	noun	default		standard	гейзер
by	например (вводное слово)	noun	default		standard	например (вводное слово|например (вводное выражение|например (вводное лексема
byb	доспех	noun	default		standard	доспех
byba	гекон	noun	default	ujæg	standard	гекон
bybaź	турбина	noun	default	turbin	standard	турбина
byd	мыть	verb	explicit		standard	мыть
byf	закон	noun	default		standard	закон|норма|правило
byfle	мост через реку главный	noun	default		standard	мост через реку главный|мост через реку ведущий|мост через реку ключевой|мост через реку основной
byfræ	группа поддержки	noun	default		standard	группа поддержки
bygmə	хрип	noun	default		standard	хрип
bygni	телефон	noun	default		standard	телефон
byh	сбор макулатуры	noun	default		standard	сбор макулатуры
byjak	хрустеть суставами	verb	explicit		standard	хрустеть суставами
byjźe	удлинитель электрический	noun	default		standard	удлинитель электрический
byk	как бы (слово-паразит)	noun	default		colloquial	как бы (слово-паразит|каким образом бы (слово-паразит|каким способом бы (слово-паразит
bykef	паргелий ложное солнце	adjective	heuristic		standard	паргелий ложное солнце|паргелий ложное светило|паргелий ненастоящее солнце|паргелий фальшивое солнце
bykoś	пенальти	verb	heuristic	øbøź	standard	пенальти
byktu	смерть	verb	heuristic		standard	смерть
byky	вероломство	noun	default		standard	вероломство
bykźi	нарыв	noun	default		standard	нарыв
bylcæ	полевая дорога	adjective	heuristic		standard	полевая дорога|полевая путь|полевая трасса
byləl	гвоздика пряная	noun	default		standard	гвоздика пряная
bym	штрафстоянка	noun	default		standard	штрафстоянка
bymuj	заимствование прямое	adjective	heuristic		standard	заимствование прямое
bynud	квантизация	noun	default		standard	квантизация
bynøk	беременность	verb	heuristic	møh	standard	беременность
bypos	колибри	noun	default		standard	колибри
byram	младший воин	adjective	heuristic		standard	младший воин|младший боец|младший военнослужащий|младший солдат
byrjo	мерзлота вечная	noun	default		standard	мерзлота вечная
byroz	разговорный стиль	adjective	heuristic		standard	разговорный стиль
byrut	корень	noun	default		standard	корень
bys	дача загородная	noun	default		standard	дача загородная
bystr	быстрый	adjective	heuristic		standard	быстрый|скорый|стремительный|шустрый
byt	наполнять	verb	explicit		standard	наполнять
byti	бытие	adjective	heuristic	ojøm	standard	бытие
byvø	делювий	adjective	heuristic		standard	делювий
byz	командир роты	noun	default		standard	командир роты|военный начальник роты|офицер роты
byzśu	второй квартал года	adjective	heuristic		standard	второй квартал года
byś	дворник	noun	default		standard	дворник
byź	кокосовый орех	adjective	heuristic		standard	кокосовый орех
byźgi	биохимик	noun	default		standard	биохимик
byźvu	шелуха	noun	default		standard	шелуха
bæb	печенье	noun	default		standard	печенье
bæc	держать крепко	verb	explicit		standard	держать крепко|удерживать крепко|хранить в руках крепко
bæd	стучать кружкой	verb	heuristic		standard	стучать кружкой
bæfoh	водоплавающая птица	adjective	heuristic		standard	водоплавающая птица
bæhme	толчок	noun	default		standard	толчок
bæhæn	чердак	noun	default	tśerda	standard	чердак
bæjfø	наёмное войско	adjective	heuristic		standard	наемное войско|наемное армия|наемное вооруженные силы
bæjmi	прыжковая яма	adjective	heuristic		standard	прыжковая яма
bæju	златка	noun	default		standard	златка
bæmfe	ведьма	noun	default		standard	ведьма
bænu	камедь	noun	default	kamed	standard	камедь
bænuv	тимпан (поле внутри фронтона или арки)	noun	default		standard	арки|тимпан (поле внутри фронтона|тимпан (поле внутренний фронтона|тимпан (поле внутригосударственный фронтона
bærəs	очаг	noun	default		standard	очаг
bæs	проливать	verb	explicit		standard	проливать
bæsdi	получатель	noun	default		standard	получатель
bævfø	метательное оружие	adjective	heuristic		standard	метательное оружие|метательное вооружение|метательное ствол
bæś	целебный отвар	adjective	heuristic		standard	целебный отвар
bæśoź	взвешивать	verb	heuristic		standard	взвешивать
bæśut	приморские земли	adjective	heuristic		standard	приморские земли
bæźdə	выпускной вечер	adjective	heuristic		standard	выпускной вечер
bæźøb	светофорный перекрёсток	adjective	heuristic		standard	светофорный перекресток
bøb	идеология государственная	noun	default		standard	идеология государственная
bøca	стопка для водки	noun	default		standard	стопка для водки
bøcək	спасательная станция пляжная	adjective	heuristic		standard	спасательная станция пляжная
bød	держать изо всех сил	verb	heuristic		standard	держать изо всех сил|удерживать изо всех сил|хранить в руках изо всех сил
bøføg	весенний сев кампания	adjective	heuristic		standard	весенний сев кампания
bøgys	затемнять	verb	explicit		standard	затемнять
bøgəs	небесный экватор	adjective	heuristic		standard	небесный экватор
bøhob	разиня	noun	default		standard	разиня
bøj	иммиграция	noun	default		standard	иммиграция
bøjzo	министр иностранных дел	noun	default		standard	министр иностранных дел
bøjəh	стратегический план	adjective	heuristic		standard	стратегический план
bøk	борть	verb	heuristic		standard	борть
bøkjy	мысль внезапная	noun	default		standard	мысль внезапная|замысел внезапная|идея внезапная
bøkzæ	гасить	verb	heuristic		standard	гасить
bøkət	верховный судья	adjective	heuristic		standard	верховный судья
bøl	тушить огонь	verb	explicit		standard	тушить огонь|тушить пламя|тушить пожар
bøli	конкретизировать	verb	heuristic	ənez	standard	конкретизировать
bølos	генетик	noun	default	geneti	standard	генетик
bøm	академическая гребля	adjective	heuristic		standard	академическая гребля
bømov	букет свадебный	noun	default		standard	букет свадебный
bønæj	условный свист	adjective	heuristic		standard	условный свист
bøpa	литторина	noun	default		standard	литторина
bøpuś	заботливый (прилагательное)	adjective	heuristic		standard	заботливый
bøpə	тамаринд	noun	default		standard	тамаринд
bør	поэт	noun	default		standard	поэт
børaj	наклон оси	noun	default		standard	наклон оси
børyg	примирение	adjective	heuristic		standard	примирение
bøs	пиратский корабль	adjective	heuristic		standard	пиратский корабль|пиратский кораблик|пиратский судно
bøtul	жёсткий характером (прилагательное)	adjective	heuristic		standard	жесткий характером|крепкий характером|твердый характером
bøva	крестины	noun	default	kresti	standard	крестины
bøvəj	шапка вязаная	noun	default		standard	шапка вязаная
bøz	янтарь	noun	default		standard	янтарь
bøś	поплавок	noun	default		standard	поплавок
bəbem	обновление программное	adjective	heuristic		standard	обновление программное
bəbmæ	конный спорт	adjective	heuristic		standard	конный спорт
bəbæk	террариум	noun	default		standard	террариум
bəc	пробирка	noun	default		standard	пробирка
bəccæ	семена цветочные пакетик	noun	default		standard	семена цветочные пакетик
bədtø	бродячий вор	adjective	heuristic		standard	бродячий вор
bədys	позавчера	noun	default		standard	позавчера
bəgig	дровни	noun	default		standard	дровни
bəgəb	новостная сводка	adjective	heuristic		standard	новостная сводка
bəh	выкуп пленного	noun	default		standard	выкуп пленного
bəhiś	затяжной бой	adjective	heuristic		standard	затяжной бой|затяжной битва|затяжной сражение|затяжной схватка
bəjre	конопля	noun	default		standard	конопля
bəkə	катод	noun	default		standard	катод
bəm	присоединительный союз	adjective	heuristic		standard	присоединительный союз
bəmod	рыбак у сети	noun	default		standard	рыбак у сети
bəmus	призовой суд	adjective	heuristic		standard	призовой суд
bən	лоббирование	adjective	heuristic		standard	лоббирование
bəp	светильник	noun	default		standard	светильник
bətit	скала	noun	default		standard	скала
bətyk	люнет	noun	default		standard	люнет
bəvhy	заверение официальное	adjective	heuristic		standard	заверение официальное
bəvke	штурман	noun	default		standard	штурман
bəz	знак перемирия	noun	default		standard	знак перемирия
bəśyp	якорная стоянка	adjective	heuristic		standard	якорная стоянка
bəśźə	щёлочь химическая	verb	heuristic		standard	щелочь химическая
bəśən	силикат	noun	default		standard	силикат
bəźəb	отвертка	noun	default	otvjor	standard	отвертка
cabhə	кондуктор автобусный	noun	default		standard	кондуктор автобусный
cacod	июнь	noun	default		standard	июнь
cacze	нарезать ломтиками	verb	heuristic		standard	нарезать ломтиками
cadba	гумно молотильное	noun	default		standard	гумно молотильное
cador	пропускной пункт автомобильный	adjective	heuristic		standard	пропускной пункт автомобильный
cahob	башмаки	noun	default		standard	башмаки
cajle	компас туристический	noun	default		standard	компас туристический
cakæg	сани расписные	noun	default		standard	сани расписные
cakśa	материал металл	noun	default		standard	материал металл
canud	газовый счётчик	adjective	heuristic		standard	газовый счетчик
canvə	валенки	noun	default		standard	валенки
capcy	гребень для чёски	noun	default		standard	гребень для чески
car	царь	noun	default		standard	царь
casźo	дымоход	noun	default		standard	дымоход
caś	верхний	adjective	heuristic		standard	верхний|высший|наверху
cebho	шаль	noun	default		standard	шаль
cedin	порода овец шерстяная	noun	default		standard	порода овец шерстяная
cedræ	високосный год	adjective	heuristic		standard	високосный год|високосный годичный период|високосный лет
cefal	карантин	noun	default		standard	карантин
ceh	огневой вал	adjective	heuristic		standard	огневой вал
cehək	расписание автобусов	adjective	heuristic		standard	расписание автобусов
cek	карета	noun	default		standard	карета
cel	визовые ограничения	adjective	heuristic		standard	визовые ограничения
cemyh	справедливость	verb	heuristic		standard	справедливость
cendy	неповиновение	adjective	heuristic		standard	неповиновение
cennæ	слеза	noun	default		standard	слеза
cenok	клиент постоянный	noun	default		standard	клиент постоянный
cerśø	катапульта	noun	default		standard	катапульта
cerəm	отпечаток пальца	noun	default		standard	отпечаток пальца
cesom	фрахтователь	noun	default		standard	фрахтователь
cet	праздничный костёр	adjective	heuristic		standard	праздничный костер
cezæz	разжимать	verb	explicit		standard	разжимать
ceścæ	стилус	noun	default		standard	стилус
ciban	ледниковая трещина	adjective	heuristic		standard	ледниковая трещина
cibsə	кислота	noun	default		standard	кислота
cibta	иней утренний	noun	default		standard	иней утренний
cicra	библиотечный каталог	adjective	heuristic		standard	библиотечный каталог
cidov	встречать	verb	explicit		standard	встречать|встречаться|принимать
cifda	дзюдо	noun	default		standard	дзюдо
cifeg	грим актёра	noun	default		standard	грим актера
cigəh	шершавый (прилагательное)	adjective	heuristic		standard	шершавый
cij	вопрос риторический	noun	default		standard	вопрос риторический|вопросительное обращение риторический|запрос риторический
cikel	заводь	noun	default		standard	заводь
cimuh	небытие	adjective	heuristic		standard	небытие
cinco	наказание за проступок	adjective	heuristic		standard	наказание за проступок
cinæl	падать в грязь	verb	heuristic		standard	падать в грязь
cinəz	декорация	noun	default		standard	декорация
cir	станок	noun	default		standard	станок
circa	подстанция	noun	default		standard	подстанция
cisti	залог	noun	default		standard	залог
cit	коромысло водоносное	noun	default		standard	коромысло водоносное
citpæ	фуникулёр	noun	default		standard	фуникулер
civlə	жертвенный костёр	adjective	heuristic		standard	жертвенный костер
civov	толкать	verb	explicit		standard	толкать
civyj	чемпион	noun	default		standard	чемпион
ciśas	ревизия складская	noun	default		standard	ревизия складская
ciź	обстоятельство грамматическое	noun	default		standard	обстоятельство грамматическое
coc	галочья стая	noun	default		standard	галочья стая
cocæź	медальон	noun	default		standard	медальон
cod	пинок	noun	default		standard	пинок
codźi	доля рынка	noun	default		standard	доля рынка|кусок рынка|фрагмент рынка|часть рынка
coh	полевой лагерь	adjective	heuristic		standard	полевой лагерь
cojæ	окорок копченый	noun	default		standard	окорок копченый
col	юбилейная медаль	adjective	heuristic		standard	юбилейная медаль
cosed	приказ боевой	noun	default		standard	приказ боевой
cotøź	укромная долина	adjective	heuristic		standard	укромная долина
covje	рассыпать зерно-приманку	verb	heuristic		standard	рассыпать зерно-приманку
coś	набережная реки центральная	adjective	heuristic		standard	набережная реки центральная
cośoz	демаркационный знак	adjective	heuristic		standard	демаркационный знак
coźhə	бежать	verb	heuristic		standard	бежать
cramu	кишка для колбасы	noun	default		standard	кишка для колбасы
crøbe	спорить кто сильнее	verb	heuristic		standard	спорить кто сильнее|спорить какая персона сильнее|спорить какой человек сильнее
cucjø	коллекционер монет	noun	default		standard	коллекционер монет
cucmæ	противительный оборот	adjective	heuristic		standard	противительный оборот
cucøp	страхование морское	adjective	heuristic		standard	страхование морское
cudśø	именины домашние	noun	default		standard	именины домашние
cuf	король	noun	default		standard	король
cufno	молния застёжка	noun	default		standard	молния застежка
cuh	полозья	noun	default		standard	полозья
cuhaź	дворницкая метла	adjective	heuristic		standard	дворницкая метла
cuj	святая вода	adjective	heuristic		standard	святая вода|святая влага|святая жидкость
cul	артиллерийская дуэль	adjective	heuristic		standard	артиллерийская дуэль
culag	ящерица	noun	default		standard	ящерица
cumət	почётная грамота	adjective	heuristic		standard	почетная грамота
cunam	книга	noun	default		standard	книга|издание|том
curhæ	кресло мягкое	noun	default		standard	кресло мягкое
cursa	хирургическая операция	adjective	heuristic		standard	хирургическая операция
cus	улей рамочный	noun	default		standard	улей рамочный
cusnu	будний день	adjective	heuristic		standard	будний день|будний дневное время|будний сутки
cut	рыбацкая деревня	adjective	heuristic		standard	рыбацкая деревня|рыбацкая поселок|рыбацкая селение|рыбацкая село
cuzaz	летопись	noun	default		standard	летопись
cuśce	дразнилка	noun	default		standard	дразнилка
cuśrø	дешёвый (прилагательное)	adjective	heuristic		standard	дешевый|недорогой
cuśyg	бегство	noun	default		standard	бегство
cuźuh	плутократия	noun	default		standard	плутократия
cvyco	свирель пастушья	noun	default		standard	свирель пастушья
cybal	медленный	adjective	heuristic		standard	медленный|медлительный|неторопливый
cybgu	лаборатория заводская	noun	default		standard	лаборатория заводская
cycet	ополчение	adjective	heuristic		standard	ополчение
cycud	отвеянное зерно	adjective	heuristic		standard	отвеянное зерно
cyd	зеркало	noun	default		standard	зеркало
cyføn	пожарная часть	adjective	heuristic		standard	пожарная часть|пожарная доля|пожарная кусок|пожарная фрагмент
cyg	тхэквондо	noun	default		standard	тхэквондо
cyhmu	друг	noun	default		standard	друг
cykoź	весенний паводок	adjective	heuristic		standard	весенний паводок
cylmø	верховный совет наций	adjective	heuristic		standard	верховный совет наций
cyn	электрический заряд	adjective	heuristic		standard	электрический заряд
cypky	бой курантов	adjective	heuristic		standard	бой курантов|битва курантов|сражение курантов|схватка курантов
cyr	послезавтра	noun	default		standard	послезавтра
cyroh	свежий (прилагательное)	adjective	heuristic		standard	свежий
cys	цистерна	noun	default		standard	цистерна
cyzjo	конституционный кризис	adjective	heuristic		standard	конституционный кризис
cyzyr	кишки очищенные	noun	default		standard	кишки очищенные
cyzøf	благодарность искренняя	verb	heuristic		standard	благодарность искренняя
cyśev	корнеплод	noun	default		standard	корнеплод
cyśyj	сватовство	noun	default		standard	сватовство
cyśze	рабство духа	noun	default		standard	рабство духа
cyźuk	шептать	verb	explicit		standard	шептать
cyźøf	поликлиника	noun	default		standard	поликлиника
cæbśi	кухонная утварь	adjective	heuristic		standard	кухонная утварь
cæd	мыльные пузыри	adjective	heuristic		standard	мыльные пузыри
cædmi	сим-карта	noun	default		standard	сим-карта
cækfø	капитуляция	noun	default		standard	капитуляция
cældo	младший судья	adjective	heuristic		standard	младший судья
cælvi	соль химическая вещество	noun	default		standard	соль химическая вещество
cæmbu	самооценка	noun	default		standard	самооценка
cæmśə	дипломная работа	adjective	heuristic		standard	дипломная работа|дипломная дело|дипломная занятие|дипломная труд
cænor	часовой пояс	adjective	heuristic		standard	часовой пояс
cæpən	консервы рыбные	noun	default		standard	консервы рыбные
cæt	йод	noun	default		standard	йод
cævky	исповедь	noun	default		standard	исповедь
cæś	сланец	noun	default		standard	сланец
cæźtæ	колчан	noun	default		standard	колчан
cæźźə	кочевник	noun	default		standard	кочевник
cøc	сморкаться	verb	explicit		standard	сморкаться
cødfo	группировка войск	noun	default		standard	группировка войск
cødvu	монтажная студия	adjective	heuristic		standard	монтажная студия
cøffe	среднее значение	adjective	heuristic		standard	среднее значение
cøfko	щедрость	verb	heuristic		standard	щедрость
cøfol	приглашение вежливое	adjective	heuristic		standard	приглашение вежливое
cøg	след	noun	default		standard	след
cøj	счёт	noun	default		standard	счет
cøjaz	стрижка овец весенняя	noun	default		standard	стрижка овец весенняя
cøjij	кок судовой	noun	default		standard	кок судовой
cøk	корреспондент	noun	default		standard	корреспондент
cøm	инвалидное кресло	adjective	heuristic		standard	инвалидное кресло
cøniś	дышать	verb	explicit		standard	дышать
cønpe	пожарный шланг	adjective	heuristic		standard	пожарный шланг
cønut	чёрная пропаганда	adjective	heuristic		standard	черная пропаганда
cønza	параплан	noun	default		standard	параплан
cøp	конюшня	noun	default		standard	конюшня
cøpur	прозрачный как стекло (прилагательное)	adjective	heuristic		standard	прозрачный как стекло|прозрачный каким образом стекло|прозрачный каким способом стекло
cøt	уступительный оборот	adjective	heuristic		standard	уступительный оборот
cøtfo	рельс	noun	default		standard	рельс
cøv	условно-досрочное освобождение	adjective	heuristic		standard	условно-досрочное освобождение
cøvef	первый секретарь	adjective	heuristic		standard	первый секретарь|начальный секретарь
cøzæź	крестьянство	noun	default		standard	крестьянство
cøzøl	поздравление искреннее	adjective	heuristic		standard	поздравление искреннее
cźapæ	разделывать тушу	verb	heuristic		standard	разделывать тушу
cəbys	перевал	noun	default		standard	перевал
cəc	времена года	noun	default		standard	времена года
cəclæ	рассвет	noun	default		standard	рассвет
cəcro	здание зоопарка	adjective	heuristic		standard	здание зоопарка|постройка зоопарка|строение зоопарка
cədre	хранитель ключей	noun	default		standard	хранитель ключей
cədźa	старшая ветвь рода	adjective	heuristic		standard	старшая ветвь рода
cəfyv	растопка	noun	default		standard	растопка
cəg	портовый маяк старый	adjective	heuristic		standard	портовый маяк старый|портовый маяк ветхий|портовый маяк древний
cəhra	амбар	noun	default		standard	амбар
cəj	кричать	verb	explicit		standard	кричать|вопить|орать
cək	прятаться за деревом	verb	heuristic		standard	прятаться за деревом
cəkpə	траур	noun	default		standard	траур
cəktu	дивизия	noun	default		standard	дивизия
cəmkø	я	noun	default		standard	я
cən	морошка	noun	default		standard	морошка
cər	плакать	verb	explicit		standard	плакать|реветь|рыдать
cəsom	отвязывать	verb	explicit		standard	отвязывать
cəvuś	оборонительный союз	adjective	heuristic		standard	оборонительный союз
cəz	цензурная правка	adjective	heuristic		standard	цензурная правка
cəźge	мина пороховая	noun	default		standard	мина пороховая
dab	заброшенный замок призрачный	adjective	heuristic		standard	заброшенный замок призрачный
dabmæ	молитвенное правило	adjective	heuristic		standard	молитвенное правило|молитвенное закон|молитвенное норма
dabyź	провал операции разведки	noun	default		standard	провал операции разведки
dac	добродетель честности	noun	default		standard	добродетель честности
dacte	стоянка каравана ночная	noun	default		standard	стоянка каравана ночная
dacul	звукозапись	noun	default		standard	звукозапись
dad	невозможно (модальное выражение)	noun	default		standard	невозможно (модальное выражение|невозможно|невозможно (модальное лексема|невозможно (модальное слово
daduź	ценный (прилагательное)	adjective	heuristic		standard	ценный|дорогой|недешевый
dadæ	антеридий	adjective	heuristic		standard	антеридий
dafhy	цвет зелёный	noun	default		standard	цвет зеленый
dag	лоза	noun	default		standard	лоза
dageg	целлофан	noun	default		standard	целлофан
dah	крыша	noun	default	kryś	standard	крыша
dahmi	даже частица	noun	default		standard	даже частица
dahə	аралия	noun	default		standard	аралия
dajco	коптить холодным дымом	verb	heuristic		standard	коптить холодным дымом|коптить прохладным дымом|коптить студеным дымом
dajez	время процветания	noun	default		standard	время процветания|период процветания|срок процветания
dajvin	дайвинг	noun	default		standard	дайвинг
daladn	да ладно (недоверие)	noun	default		colloquial	да ладно (недоверие|ага ладно (недоверие|верно ладно (недоверие
daljok	далёкий	adjective	heuristic		standard	далекий|отдаленный
dalæs	тусклый	adjective	heuristic		standard	тусклый
dalət	таблетка	noun	default	baf	standard	таблетка
damase	дама сердца рыцаря	noun	default		standard	дама сердца рыцаря|женщина женского пола сердца рыцаря|женщина сердца рыцаря
danj	дань	noun	default		standard	дань
dar	давать	verb	heuristic		standard	давать|вручать|дать|передавать
darpe	вишня	noun	default		standard	вишня
dat	она	pronoun	rule		standard	она
datśas	да частица	noun	default		standard	да частица|ага частица|верно частица
daunve	даунвеллинг	noun	default		standard	даунвеллинг
davaj	давай	noun	default		colloquial	давай
davig	торговля	noun	default	həmæz	standard	торговля
davn	древний	adjective	heuristic	zij	standard	древний
davog	флуоресценция	noun	default		standard	флуоресценция
daś	кибитка кочевая	noun	default		standard	кибитка кочевая
daśeg	дворцовый заговор	adjective	heuristic		standard	дворцовый заговор
daź	библиотекарь	noun	default		standard	библиотекарь
daźa	ведро с кормом	noun	default		standard	ведро с кормом
daźko	огород приусадебный	noun	default		standard	огород приусадебный
daźøz	садиться	verb	explicit		standard	садиться
debark	дебаркадер	noun	default		standard	дебаркадер
debaun	дебаунс	noun	default		standard	дебаунс
debi	апоселений	adjective	heuristic		standard	апоселений
debil	дебил (оскорбление)	noun	default		colloquial	дебил (оскорбление
dedmor	дед мороз	noun	default		standard	дед мороз
dedok	дедок, пожилой мужчина	noun	default		colloquial	дедок|пожилой мужчина|пожилой мужик|пожилой человек мужского пола
dedukt	дедукция	noun	default		standard	дедукция
dedvej	дедвейт	noun	default		standard	дедвейт
deepob	деепричастный оборот	adjective	heuristic		standard	деепричастный оборот
deesse	деэссер	noun	default		standard	деэссер
defibr	дефибриллятор	noun	default		standard	дефибриллятор
deflo	тайный (прилагательное)	adjective	heuristic		standard	тайный
defləja	дефляция (выдувание рыхлой породы)	noun	default		standard	дефляция (выдувание рыхлой породы
defyź	автомобиль	noun	default		standard	автомобиль
defø	дупель	noun	default		standard	дупель
defør	обряд призыва духа	noun	default		standard	обряд призыва духа
defźi	гнев	noun	default		standard	гнев
dehdo	борьба молодецкая на празднике	noun	default		standard	борьба молодецкая на празднике
dehys	спешить	verb	explicit		standard	спешить
dejdəvu	дейдвуд	noun	default		standard	дейдвуд
dejji	вексельный курс	adjective	heuristic		standard	вексельный курс
dejtag	дейтаграмма	noun	default		standard	дейтаграмма
dejtəsi	дейция	noun	default		standard	дейция
dejvə	кирпич	noun	default		standard	кирпич
dek	деревня	noun	default		standard	деревня|поселок|селение|село
dekabr	декабрь	noun	default		standard	декабрь
dekati	декатировка	noun	default		standard	декатировка
deken	глупый	adjective	heuristic	nyźni	standard	глупый
deklme	декларация международная	noun	default		standard	декларация международная
deklta	декларация таможенная	noun	default		standard	декларация таможенная
dekora	декоратор (программная оболочка объекта или функции)	noun	default		standard	декоратор (программная оболочка объекта|функции
deksətr	декстрин	noun	default		standard	декстрин
del	делать	verb	heuristic		standard	делать
delepe	делегация переговорная	noun	default		standard	делегация переговорная
delmat	деление математическое	adjective	heuristic		standard	деление математическое
delmy	резюме	noun	default		standard	резюме
delopa	деловой партнёр	adjective	heuristic		standard	деловой партнер|деловой союзник
delope	деловые переговоры	adjective	heuristic		standard	деловые переговоры
delopr	деловое предложение	adjective	heuristic		standard	деловое предложение
deltre	дельта реки	noun	default		standard	дельта реки
demfæ	спасательный жилет	adjective	heuristic		standard	спасательный жилет
demodu	демодулятор	noun	default		standard	демодулятор
demə	мочь	verb	heuristic	tib	standard	мочь (модальный глагол|мочь
den	летняя засуха длительная	adjective	heuristic		standard	летняя засуха длительная
dena	немертина	noun	default		standard	немертина
deng	деньги	noun	default		standard	деньги|средства|финансы
denid	танк	noun	default	tank	standard	танк
dennik	денник	noun	default		standard	денник
denomi	деноминация	noun	default		standard	деноминация
denpob	день победы	noun	default		standard	день победы|дневное время победы|сутки победы
denzim	день зимнего солнцестояния	noun	default		standard	день зимнего солнцестояния|дневное время зимнего солнцестояния|сутки зимнего солнцестояния
denæb	вальма	noun	default		standard	вальма
depeh	сообщать	verb	heuristic	soobś	standard	сообщать
depih	каменистая тропа	adjective	heuristic		standard	каменистая тропа
deplaz	деплазмолиз	noun	default		standard	деплазмолиз
depolo	депо локомотивное	noun	default		standard	депо локомотивное
deport	депортация	noun	default		standard	депортация
deputa	депутат	noun	default		standard	депутат
deredv	дерево во дворе	noun	default		standard	дерево во дворе
dereko	деревенский колдун	adjective	heuristic		standard	деревенский колдун
derepl	деревенский плотник у сруба	adjective	heuristic		standard	деревенский плотник у сруба
deresh	деревенская сходка	adjective	heuristic		standard	деревенская сходка
derev	дерево	noun	default	nycut	standard	дерево
derezn	деревенская знахарка	adjective	heuristic		standard	деревенская знахарка
dermat	дерматоскоп	noun	default		standard	дерматоскоп
dermo	дерьмо (грубое ругательство)	noun	default		colloquial	дерьмо (грубое ругательство
dernin	дернина	noun	default		standard	дернина
derve	старейшина	noun	default		standard	старейшина
derzk	дерзкий (прилагательное)	adjective	heuristic		standard	дерзкий
derźzo	держава золотая	noun	default		standard	держава золотая|государство золотая|страна золотая
des	десять	verb	heuristic	bucbo	standard	десять
desagr	десантная группа	adjective	heuristic		standard	десантная группа
desaop	десантная операция	adjective	heuristic		standard	десантная операция
desebl	десертное блюдо	adjective	heuristic		standard	десертное блюдо
deskəri	дескриптор	noun	default		standard	дескриптор
desun	пастель	noun	default		standard	пастель
detekt	детектор	noun	default		standard	детектор
detip	эволюта	noun	default		standard	эволюта
detper	детская передача	adjective	heuristic		standard	детская передача
detplo	детская площадка дворовая	adjective	heuristic		standard	детская площадка дворовая
detsil	дециль	noun	default		standard	дециль
detsim	децима	noun	default		standard	децима
detssa	детский сад	adjective	heuristic		standard	детский сад
detsvl	децентрализация власти	noun	default		standard	децентрализация власти|децентрализация кабинет|децентрализация правительство
detvora	дети как группа	verb	heuristic		standard	дети как группа|дети каким образом группа|дети каким способом группа
dev	шаткое мнение	adjective	heuristic		standard	шаткое мнение|шаткое взгляд|шаткое позиция
dever	деверь	noun	default		standard	деверь
devitsa	молодая девушка	adjective	heuristic		standard	молодая девушка|нестарая девушка|юная девушка
devtśonka	девчонка	noun	default		colloquial	девчонка
devtśulja	девчуля, девушка	noun	default		colloquial	девушка|девчуля
dezert	дезертирство	noun	default	høś	standard	дезертирство
dezinf	дезинфляция	noun	default		standard	дезинфляция
deziop	дезинформационная операция	adjective	heuristic		standard	дезинформационная операция
dezipr	дезинформация противника	noun	default		standard	дезинформация противника
dezodo	дезодорант	noun	default		standard	дезодорант
deśif	дешифратор	noun	default		standard	дешифратор
deśifr	дешифровщик	noun	default		standard	дешифровщик
deźuob	дежурный по объекту	adjective	heuristic		standard	дежурный по объекту
dfæbø	подметать двор	verb	heuristic		standard	подметать двор
dhæca	штоф стеклянный	noun	default		standard	штоф стеклянный
diadem	диадема	noun	default		standard	диадема
diafiz	диафиз	noun	default		standard	диафиз
diagon	диагонализация	noun	default		standard	диагонализация
diamag	диамагнетик	noun	default		standard	диамагнетик
diapro	диапроектор	noun	default		standard	диапроектор
dib	сейсморазведка	noun	default		standard	сейсморазведка
dibbu	страх	noun	default		standard	страх
did	экосистема	noun	default		standard	экосистема
didu	дед	noun	default	źan	standard	дед
didəv	агроном	noun	default		standard	агроном
difbe	почётный караул	adjective	heuristic		standard	почетный караул
difer	верша плетёная	noun	default		standard	верша плетеная
diffuz	диффузор	noun	default		standard	диффузор
dig	лоцман	noun	default		standard	лоцман
digam	гетероскедастичность	verb	heuristic		standard	гетероскедастичность
digfæ	игровая приставка	adjective	heuristic		standard	игровая приставка
digźi	нагорье	noun	default		standard	нагорье
dihav	осипнуть	verb	heuristic		standard	осипнуть
dihu	гетероцикл	noun	default		standard	гетероцикл
dihæp	желторотый	adjective	heuristic		standard	желторотый
dijhe	кинозал	noun	default		standard	кинозал
dijib	гадание на пепле	adjective	heuristic		standard	гадание на пепле
dikmjo	дикий мёд	adjective	heuristic		standard	дикий мед
diktbu	дикторская будка	adjective	heuristic		standard	дикторская будка
diktsi	дикция	noun	default		standard	дикция
diktte	дикторский текст	adjective	heuristic		standard	дикторский текст|дикторский запись|дикторский письмо
dikzve	дикий зверь	adjective	heuristic		standard	дикий зверь
dil	радиомолчание перед атакой	adjective	heuristic		standard	радиомолчание перед атакой
dile	дилей	noun	default		standard	дилей
dilej	дядя	noun	default		standard	дядя
dilśø	сосна	noun	default		standard	сосна
dimas	голова	noun	default	źypdu	standard	голова
diod	диод	noun	default		standard	диод
diorit	диорит	noun	default		standard	диорит
dipa	трико	noun	default		standard	трико
diplmi	дипломатическая миссия	adjective	heuristic		standard	дипломатическая миссия
diplo	компресс	noun	default		standard	компресс
diplom	дипломник	noun	default		standard	дипломник
dipmi	договорённость	verb	heuristic		standard	договоренность
dipol	диполь	noun	default		standard	диполь
diptih	диптих	noun	default		standard	диптих
dipźi	слышать	verb	heuristic		standard	слышать
direśk	директор школы	noun	default		standard	директор школы
diripa	дирижёрская палочка	adjective	heuristic		standard	дирижерская палочка
diriźa	дирижабль	noun	default		standard	дирижабль
diriźe	дирижер	noun	default	gænag	standard	дирижер
dis	шеф-повар	noun	default		standard	шеф-повар
disgar	дисгармония	noun	default		standard	дисгармония
dispae	диспетчер аэропорта	noun	default		standard	диспетчер аэропорта
dispan	диспансер	noun	default		standard	диспансер
disper	дисперсия	noun	default		standard	дисперсия
dispme	диспетчер метро	noun	default		standard	диспетчер метро
disppu	диспетчерский пульт	adjective	heuristic		standard	диспетчерский пульт
dispta	диспетчер такси	noun	default		standard	диспетчер такси
dispve	диспетчер вертолётной площадки	noun	default		standard	диспетчер вертолетной площадки
dispvy	диспетчерская вышка	adjective	heuristic		standard	диспетчерская вышка
disser	диссертация	noun	default		standard	диссертация
dissim	диссимиляция	noun	default		standard	диссимиляция
distil	дистилляция	noun	default	babgø	standard	дистилляция
dit	охотничье животное	noun	default		standard	охотничье животное
diti	тафта	noun	default		standard	тафта
ditja	дитя	noun	default		standard	дитя
dito	горло	noun	default	gorəl	standard	горло
ditva	смысловой оттенок	adjective	heuristic		standard	смысловой оттенок
ditś	дичь, странная или плохая ситуация	verb	heuristic		colloquial	дичь|плохая ситуация|странная|дурная ситуация|злая ситуация|недобрая ситуация|некачественная ситуация|скверная ситуация
divan	диван	noun	default		standard	диван
divers	диверсия	noun	default		standard	диверсия
divizi	дивизия	noun	default	cəktu	standard	дивизия
divtəśy	девушка	noun	default	ypyg	standard	девушка
dizas	протокол задержания	noun	default		standard	протокол задержания
dizlajk	дизлайк	noun	default		colloquial	дизлайк
dizlajknut	дизлайкнуть, поставить дизлайк	verb	heuristic		colloquial	дизлайкнуть|поставить дизлайк
diźəź	начинать	verb	explicit		standard	начинать|приступать|стартовать
djad	дядь, обращение	noun	default		colloquial	дядь|обращение
djak	дьяк	noun	default		standard	дьяк
djuda	разбавлять водой	verb	heuristic		standard	разбавлять водой
djufri	дьюти-фри	noun	default		standard	дьюти-фри
djupio	дюпион	noun	default		standard	дюпион
djurat	дюрация	noun	default		standard	дюрация
dlja	для (предлог цели)	noun	default		standard	для (предлог цели
dnevpu	дневник путешественника	noun	default		standard	дневник путешественника
dnevsm	дневная смена	adjective	heuristic		standard	дневная смена
dnevut	дневник ученика	noun	default		standard	дневник ученика
doba	сутки	noun	default	sutk	standard	сутки
dobo	радиатор	noun	default		standard	радиатор
dobojn	добойник	noun	default		standard	добойник
dobr	добрый	adjective	heuristic	raj	standard	добрый
dobrot	добротность (характеристика потерь колебательной системы)	verb	heuristic		standard	добротность (характеристика потерь колебательной системы
dobrpr	доброе предзнаменование	adjective	heuristic		standard	доброе предзнаменование|благое предзнаменование|хорошее предзнаменование
dobrśe	добродетель щедрости	noun	default		standard	добродетель щедрости
dobu	финал	noun	default	final	standard	финал
dobyot	добыча к очагу	noun	default		standard	добыча к очагу
dobytś	добыча	noun	default		standard	добыча
dodeka	додекаэдр	noun	default		standard	додекаэдр
dodi	стриппер	noun	default		standard	стриппер
dodyz	храмовый служитель	adjective	heuristic		standard	храмовый служитель
doebat	доебать (мат, докучать)	verb	heuristic		colloquial	доебать (мат|докучать
dofśæ	лунное затмение	adjective	heuristic		standard	лунное затмение
dogad	догадываться	verb	explicit		standard	догадываться
dognat	догнать, понять смысл	verb	heuristic		colloquial	догнать|понять смысл
dognatsja	догнаться, выпить ещё	verb	heuristic		colloquial	выпить еще|догнаться
dogoku	договор купли-продажи	noun	default		standard	договор купли-продажи
dogous	договорённость устная	verb	heuristic		standard	договоренность устная
dogovo	договор	noun	default		standard	договор
doho	договор	noun	default	dogovo	standard	договор
dohuja	дохуя (мат, очень много)	noun	default		colloquial	дохуя (мат|очень много|крайне много|очень куча|очень масса|очень множество|сильно много|чрезвычайно много
dohyg	олово	noun	default		standard	олово
dohyt	отрыжка	noun	default		standard	отрыжка
dojaś	волюта	noun	default		standard	волюта
dojve	жечь	verb	heuristic		standard	жечь
dojøz	бюро пропусков	noun	default		standard	бюро пропусков
dolbəle	долбление	adjective	heuristic		standard	долбление
dolgge	долгота географическая	noun	default		standard	долгота географическая
dolgon	долгоножка	noun	default		standard	долгоножка
dolgop	долгопят	noun	default		standard	долгопят
dolgvr	долгая вражда	adjective	heuristic		standard	долгая вражда
dolm	долма	noun	default		standard	долма
dolomi	доломит	noun	default		standard	доломит
dolon	ладонь	noun	default	ladon	standard	ладонь
dolopl	долото плотницкое	noun	default		standard	долото плотницкое
dolot	долото	noun	default		standard	долото
dolyn	долина	noun	default	æźøk	standard	долина
dolźen	долженствование	adjective	heuristic		standard	долженствование
dom	дом	noun	default		standard	дом|жилище|жилье|обиталище
domaki	домашний кинотеатр	adjective	heuristic		standard	домашний кинотеатр
domask	домашний скот	adjective	heuristic		standard	домашний скот
domen	домен	noun	default		standard	домен
domin	домино	noun	default		standard	домино
domofo	домофон	noun	default		standard	домофон
domoko	домовый комитет	adjective	heuristic		standard	домовый комитет
domopo	домотканое полотно	adjective	heuristic		standard	домотканое полотно
domosed	домосед	noun	default		colloquial	домосед
domov	домовой	adjective	heuristic		standard	домовой
domovnik	управляющий домом	adjective	heuristic		standard	управляющий домом
domvi	приветствие	adjective	heuristic		standard	приветствие
donat	донат	noun	default		colloquial	донат
donatr	донатер	noun	default		colloquial	донатер
donos	донос	noun	default		standard	донос
dope	микрофиламент	noun	default		standard	микрофиламент
dopogr	дополнение грамматическое	adjective	heuristic		standard	дополнение грамматическое
dopoma	помогать	verb	heuristic	pomog	standard	помогать|выручать|содействовать
dorjy	знамя	noun	default		standard	знамя
dorodn	дородный	adjective	heuristic		standard	дородный
dorog	дорога	noun	default	inef	standard	дорога
doropo	дорожное покрытие бетонное	adjective	heuristic		standard	дорожное покрытие бетонное
dorosa	дорожка садовая	noun	default		standard	дорожка садовая
dorosu	дорожная сумка	adjective	heuristic		standard	дорожная сумка
doroza	дорожная застава	adjective	heuristic		standard	дорожная застава
dorozn	дорожный знак	adjective	heuristic		standard	дорожный знак
dos	самодеятельность художественная	verb	heuristic		standard	самодеятельность художественная
doskpo	доска почёта	noun	default		standard	доска почета
doslpe	дословный перевод	adjective	heuristic		standard	дословный перевод
dosmli	досмотр личных вещей	noun	default		standard	досмотр личных вещей
dosrvy	досрочные выборы	adjective	heuristic		standard	досрочные выборы
dostal	достал, надоел	noun	default		colloquial	достал|надоел
dostig	достигать	verb	explicit		standard	достигать
dosuz	комбайнёр	noun	default		standard	комбайнер
dothə	белый флаг	adjective	heuristic		standard	белый флаг
dotogn	дот огневая точка	noun	default		standard	дот огневая точка|дот огневая локация|дот огневая место
dotośn	дотошный	adjective	heuristic		standard	дотошный
dotś	дочь	verb	heuristic		standard	дочь
dovegl	доверие глубокое	adjective	heuristic		standard	доверие глубокое
dovh	длинный	adjective	heuristic	æmuf	standard	длинный|протяженный
dovlæ	притяжение земли	adjective	heuristic		standard	притяжение земли
dovodt	доводчик	noun	default		standard	доводчик
dovoh	настольная лампа	adjective	heuristic		standard	настольная лампа
dozime	дозиметр	noun	default		standard	дозиметр
dozit	капитуляция гарнизона	noun	default		standard	капитуляция гарнизона
dozoko	дозорный костёр	adjective	heuristic		standard	дозорный костер
dozopo	дозорный пост	adjective	heuristic		standard	дозорный пост
dozor	дозор	noun	default	źucfø	standard	дозор
dozost	дозорный на стене	adjective	heuristic		standard	дозорный на стене
dozźø	чихание	adjective	heuristic		standard	чихание
dośetś	дощечка	noun	default		standard	дощечка
dośhy	внучка	noun	default		standard	внучка
dośtəś	дождь	noun	default	ydus	standard	дождь
dośtəśe	дощечка	noun	default	dośetś	standard	дощечка
doź	этикет воинский	noun	default		standard	этикет воинский
doźdmo	дождь моросящий	noun	default		standard	дождь моросящий
doźes	ящик	noun	default		standard	ящик
dragka	драгоценный камень	adjective	heuristic		standard	драгоценный камень|драгоценный валун|драгоценный камешек
dragla	драгоценности в ларце	verb	heuristic		standard	драгоценности в ларце
dramkr	драматический кружок	adjective	heuristic		standard	драматический кружок
dramli	драма литературная	noun	default		standard	драма литературная
drazn	дразнить	verb	explicit		standard	дразнить
drelru	дрель ручная	noun	default		standard	дрель ручная
drenaź	дренаж	noun	default	puźti	standard	дренаж
dreźøn	агути	verb	heuristic		standard	агути
drigy	олигархия	noun	default	oligar	standard	олигархия
drijob	криотерапия	noun	default		standard	криотерапия
driməf	духи	noun	default	muv	standard	духи
dritup	цареубийство	noun	default	əźøn	standard	цареубийство
drobma	дробь математическая	noun	default		standard	дробь математическая
dronop	асимметрия	noun	default		standard	асимметрия
drosse	дроссель	noun	default		standard	дроссель
drotik	дротик	noun	default	ræcyt	standard	дротик
droto	прокси	noun	default		standard	прокси
drovko	дрова колотые	noun	default		standard	дрова колотые
drozd	дрозд	noun	default		standard	дрозд
drumli	друмлин	noun	default		standard	друмлин
drupəz	канал	noun	default	akac	standard	канал
drusez	мениск	noun	default		standard	мениск
druźin	дружинник	noun	default		standard	дружинник
druźiśtśe	дружище	noun	default		colloquial	дружище
druźkn	дружина княжеская	noun	default		standard	дружина княжеская
druźkr	дружба крепкая	noun	default		standard	дружба крепкая
druźn	дружный	adjective	heuristic		standard	дружный
druźsv	дружка на свадьбе	noun	default		standard	дружка на свадьбе
dryjag	яйцеклад	noun	default		standard	яйцеклад
drytu	телефон	noun	default	bygni	standard	телефон
dræsy	успевать	verb	heuristic	røś	standard	успевать
dræśo	полова	noun	default		standard	полова
drøśik	астроном	noun	default	helbi	standard	астроном
drəgi	линья	noun	default		standard	линья
drəhyr	кардиоида	noun	default		standard	кардиоида
drəjahl	дряхлеть	verb	heuristic		standard	дряхлеть
drəjap	царапать	verb	heuristic	hanaś	standard	царапать
dub	подземный тоннель	adjective	heuristic		standard	подземный тоннель
dubiln	дубильня	noun	default	jog	standard	дубильня
dubisp	дуб-исполин	noun	default		standard	дуб-исполин
dubitś	дубильный чан	adjective	heuristic		standard	дубильный чан
dubl	дубление	adjective	heuristic		standard	дубление
dublenk	дубленка	noun	default	dubljo	standard	дубленка
dubler	дублерин	noun	default		standard	дублерин
dubli	бронетранспортёр	noun	default		standard	бронетранспортер
dubljo	дублёнка	noun	default		standard	дубленка
dubme	этажерка	noun	default		standard	этажерка
duc	видение	adjective	heuristic		standard	видение
dufe	курганник	noun	default		standard	курганник
dufvy	подвеска	noun	default		standard	подвеска
dufy	анамнез	noun	default		standard	анамнез
dug	военный союз	adjective	heuristic		standard	военный союз
duge	протозвезда	noun	default		standard	протозвезда
duhobm	дух-обманщик	noun	default		standard	дух-обманщик
duhys	гордость за достижение	verb	heuristic		standard	гордость за достижение
duhət	прилив	noun	default		standard	прилив
dujyg	эстуарий	adjective	heuristic		standard	эстуарий
dukpo	футбольное поле дворовое	adjective	heuristic		standard	футбольное поле дворовое
dukyk	прогноз погоды передача	noun	default		standard	прогноз погоды передача
dum	сонный (прилагательное)	adjective	heuristic		standard	сонный
duma	дума боярская	noun	default		standard	дума боярская
dumk	мысль	noun	default	ebig	standard	мысль|замысел|идея
dundi	трамвайный маршрут	adjective	heuristic		standard	трамвайный маршрут
dunem	лыжи беговые	noun	default		standard	лыжи беговые
dup	разрешение выражение	adjective	heuristic		standard	разрешение выражение|дозволение выражение|допуск выражение|разрешение лексема|разрешение слово
durak	дурак (оскорбление мягкое)	noun	default		colloquial	дурак (оскорбление мягкое
durdom	дурдом, полный беспорядок	noun	default		colloquial	дурдом|полный беспорядок
durist	глупость	verb	heuristic	glupos	standard	глупость
durpre	дурное предзнаменование	adjective	heuristic		standard	дурное предзнаменование|глупое предзнаменование|некачественное предзнаменование|неумное предзнаменование|плохое предзнаменование|скверное предзнаменование|тупое предзнаменование
duræ	ножны	noun	default	noźn	standard	ножны
durśla	дуршлаг	noun	default		standard	дуршлаг
dus	якорь	noun	default		standard	якорь
duv	юридическая консультация	adjective	heuristic		standard	юридическая консультация
duza	садиться на землю	verb	heuristic		standard	садиться на землю
duzæs	обморок	noun	default		standard	обморок
duśa	душа	noun	default	ykøt	standard	душа
duśaf	клещи	noun	default	kleś	standard	клещи
duśe	бодрый	adjective	heuristic	bodr	standard	бодрый
duśepo	душевный подъём	adjective	heuristic		standard	душевный подъем
duśera	душевная рана	adjective	heuristic		standard	душевная рана
duśevp	душевный покой	adjective	heuristic		standard	душевный покой
duśnila	душнила, занудный человек	noun	default		colloquial	душнила|занудный человек|занудный индивид|занудный личность|занудный персона
duźyj	сильный	adjective	heuristic	vuźpe	standard	сильный
dveri	дверь	noun	default	əkas	standard	дверь
dverni	дверь низкая избяная	noun	default		standard	дверь низкая избяная
dvervy	дверь выбитая	noun	default		standard	дверь выбитая
dvigat	двигатель	noun	default		standard	двигатель
dviźenie	движение	adjective	heuristic		standard	движение
dvojag	двойной агент разведки	adjective	heuristic		standard	двойной агент разведки
dvojzv	двойная звезда	adjective	heuristic		standard	двойная звезда|двойная светило
dvor	двор	noun	default		standard	двор
dvorpr	дворец правосудия	noun	default		standard	дворец правосудия
dvorst	дворцовая стража	adjective	heuristic		standard	дворцовая стража
dvyhun	двигатель	noun	default	dvigat	standard	двигатель
dybøh	торнадо	noun	default	rol	standard	торнадо
dydhu	кредит потребительский	noun	default		standard	кредит потребительский
dyfø	хондрит	noun	default		standard	хондрит
dygəb	предбанник	noun	default		standard	предбанник
dyh	регент	noun	default		standard	регент
dyhasi	дыхательная система	adjective	heuristic		standard	дыхательная система|дыхательная структура|дыхательная устройство
dyhi	дыхание	adjective	heuristic		standard	дыхание
dyhpa	стог сена свежий	noun	default		standard	стог сена свежий|стог сена недавний|стог сена новый
dyj	лучина	noun	default		standard	лучина
dylcæ	запрет	noun	default		standard	запрет
dym	морской нотариус	adjective	heuristic		standard	морской нотариус
dymjra	дымящиеся развалины	noun	default		standard	дымящиеся развалины
dymkig	дымковская игрушка	adjective	heuristic		standard	дымковская игрушка
dymoho	дымоход	noun	default	casźo	standard	дымоход
dymope	дымоход печной	noun	default		standard	дымоход печной
dymopr	дымоход прочищенный	noun	default		standard	дымоход прочищенный
dymosi	дымовая сигнализация	adjective	heuristic		standard	дымовая сигнализация
dymoź	останавливаться	verb	explicit		standard	останавливаться
dyn	морщина	noun	default		standard	морщина
dynji	огородное пугало	adjective	heuristic		standard	огородное пугало
dyp	пила	noun	default		standard	пила
dysmu	долг	noun	default		standard	долг
dyszø	запасная деталь	adjective	heuristic		standard	запасная деталь
dyt	маяк	noun	default		standard	маяк
dytør	удалой	adjective	heuristic		standard	удалой
dyv	морской патруль	adjective	heuristic		standard	морской патруль
dyśbo	совет земледельцев	noun	default		standard	совет земледельцев
dyśmo	мел	noun	default		standard	мел
dyśøs	опохмеляться утром	verb	heuristic		standard	опохмеляться утром
dyźgə	крёстная дочь	adjective	heuristic		standard	крестная дочь
dyźis	бронежилет	noun	default		standard	бронежилет
dyźyc	рассуждение	adjective	heuristic		standard	рассуждение
dzerka	зеркало	noun	default	cyd	standard	зеркало
dzot	дзот	noun	default		standard	дзот
dæ	немного (квантор)	noun	default		standard	немного|малость|слегка|чуть
dæc	весна	noun	default		standard	весна
dæcab	лотос водяной	noun	default		standard	лотос водяной
dæcly	урожай	noun	default		standard	урожай
dæd	спутник планеты естественный	noun	default		standard	спутник планеты естественный|луна планеты естественный|месяц планеты естественный
dæf	лёгкое	adjective	heuristic		standard	легкое
dæhas	охват с фланга	noun	default		standard	охват с фланга
dæheź	сожжённая деревня	adjective	heuristic		standard	сожженная деревня|сожженная поселок|сожженная селение|сожженная село
dæhyk	пояснительный союз	adjective	heuristic		standard	пояснительный союз
dæhøn	лес	noun	default		standard	лес
dæjdø	орошаемое поле	adjective	heuristic		standard	орошаемое поле
dæk	острый соус	adjective	heuristic		standard	острый соус
dækpo	прочный (прилагательное)	adjective	heuristic		standard	прочный
dækśi	убежище беглецов	noun	default		standard	убежище беглецов
dæle	аттик	noun	default		standard	аттик
dæməg	коврик туристический	noun	default		standard	коврик туристический
dæpaź	баран	noun	default		standard	баран
dæpgo	легендарный клинок	adjective	heuristic		standard	легендарный клинок
dær	тайный склад	adjective	heuristic		standard	тайный склад
dære	начос	noun	default		standard	начос
dærus	солнечный восход	adjective	heuristic		standard	солнечный восход
dæt	отражать свет	verb	explicit		standard	отражать свет|отражать освещение|отражать сияние
dævaź	ливень летний	noun	default		standard	ливень летний
dævnu	полевой госпиталь	adjective	heuristic		standard	полевой госпиталь
dæś	радоваться	verb	explicit		standard	радоваться
dæśby	торговый союз	adjective	heuristic		standard	торговый союз
døbde	власть военная	verb	heuristic		standard	власть военная|правление военная|управление военная
døcci	самооборона	noun	default		standard	самооборона
døcde	запах свежего хлеба	noun	default		standard	запах свежего хлеба|запах недавнего хлеба|запах нового хлеба
døcør	розыгрыш кубка	noun	default		standard	розыгрыш кубка
døfam	водомер	noun	default		standard	водомер
døgne	шифровальная машина	adjective	heuristic		standard	шифровальная машина|шифровальная авто|шифровальная автомобиль|шифровальная тачка
døhci	смотровая площадка городская	adjective	heuristic		standard	смотровая площадка городская
døhib	жалованье	noun	default		standard	жалованье
døj	всегда	noun	default		standard	всегда|вечно|постоянно
døjmo	операция под кодовым словом	noun	default		standard	операция под кодовым словом
døk	диктатура	noun	default		standard	диктатура
døl	бросать	verb	heuristic		standard	бросать|кидать|швырять
dølij	колбасник	noun	default		standard	колбасник
dømsi	хранитель печати	noun	default		standard	хранитель печати
dønnø	шахматный клуб	adjective	heuristic		standard	шахматный клуб
døryś	ожог	noun	default		standard	ожог
døsys	неблагодарность	verb	heuristic		standard	неблагодарность
døsśø	шпала	noun	default		standard	шпала
døtby	совет старейшин	noun	default		standard	совет старейшин
døza	перекапывать огород	verb	heuristic		standard	перекапывать огород
døźo	фейдер	noun	default		standard	фейдер
døźśo	обособление	adjective	heuristic		standard	обособление
døźək	ложная атака	adjective	heuristic		standard	ложная атака|ненастоящяя атака|фальшивая атака
dźampək	джампкат	noun	default		standard	джампкат
dźekfər	джекфрут	noun	default		standard	джекфрут
dźezv	джезва	noun	default		standard	джезва
dźib	джиб (короткий операторский кран)	noun	default		standard	джиб (короткий операторский кран
dźojig	джойстик игровой	noun	default		standard	джойстик игровой
dəbfo	жук	noun	default		standard	жук
dəbky	жертва восходу	noun	default		standard	жертва восходу
dəbor	водомет	noun	default		standard	водомет
dəbza	полярная звезда путеводная	adjective	heuristic		standard	полярная звезда путеводная|полярная светило путеводная
dəc	грузовой трюм	adjective	heuristic		standard	грузовой трюм
dəceb	рукавицы вязаные	noun	default		standard	рукавицы вязаные
dədah	рикотта	noun	default		standard	рикотта
dədøp	обзорная башня	adjective	heuristic		standard	обзорная башня
dəfud	сейша	noun	default		standard	сейша
dəg	эвакуатор	noun	default		standard	эвакуатор
dəgap	защищать словами	verb	explicit		standard	защищать словами|оборонять словами|охранять словами
dəh	колонна снабжения	noun	default		standard	колонна снабжения
dənve	реактор химический	noun	default		standard	реактор химический
dəpaf	частушка смешная	noun	default		standard	частушка смешная
dər	растягиваться	verb	explicit		standard	растягиваться
dəs	истощать	verb	explicit		standard	истощать
dəsa	вдоль	noun	default	vdol	standard	вдоль
dəsu	мириться после ссоры	verb	heuristic		standard	мириться после ссоры
dətle	чувствовать запах еды	verb	heuristic		standard	чувствовать запах еды
dəvka	отшельничество	noun	default		standard	отшельничество
dəzko	скипетр королевский тяжёлый	noun	default		standard	скипетр королевский тяжелый|скипетр королевский увесистый
dəśdo	ландшафтный дизайнер	adjective	heuristic		standard	ландшафтный дизайнер
dəśiś	зенит	noun	default		standard	зенит
dəśøn	обременение имущества	adjective	heuristic		standard	обременение имущества
ebanat	ебанат (мат, грубое оскорбление)	noun	default		colloquial	грубое оскорбление|ебанат (мат
ebani	ебани (мат, резкая команда)	noun	default		colloquial	ебани (мат|резкая команда
ebanut	ебануть (мат, резко ударить или сделать)	verb	heuristic		colloquial	ебануть (мат|резко ударить|сделать
ebanyj	ебаный (мат, усилительное прилагательное)	adjective	heuristic		colloquial	ебаный (мат|усилительное прилагательное
ebat	ебать (мат)	verb	heuristic		colloquial	ебать
ebej	гордость	verb	heuristic		standard	гордость
ebig	мысль	noun	default		standard	мысль|замысел|идея
ebir	мольберт	noun	default		standard	мольберт
eblan	еблан (мат, грубое оскорбление)	noun	default		colloquial	грубое оскорбление|еблан (мат
eblo	ебло (мат, грубое название лица)	noun	default		colloquial	грубое название лица|ебло (мат|грубое имя лица|грубое наименование лица
ebog	менестрель поющий баллады	noun	default		standard	менестрель поющий баллады
ebonit	эбонит	noun	default		standard	эбонит
ebuc	ебучий (мат, усилительное прилагательное)	adjective	heuristic		colloquial	ебучий (мат|усилительное прилагательное
ebəp	солнечная батарея крыши	adjective	heuristic		standard	солнечная батарея крыши
ecas	перевязывать колбасу	verb	heuristic		standard	перевязывать колбасу
ecyf	декларация грузовая	noun	default		standard	декларация грузовая
eda	еда	noun	default		standard	еда|питание|пища
edat	традиция устная	noun	default		standard	традиция устная
edum	обжалование	adjective	heuristic		standard	обжалование
edyb	нить основы и утка	verb	heuristic		standard	нить основы и утка
edød	типография	noun	default		standard	типография
edəh	вино	noun	default		standard	вино
edəz	известковый раствор	adjective	heuristic		standard	известковый раствор
eee	эээ	noun	default		colloquial	эээ
efen	высокомерие	adjective	heuristic		standard	высокомерие
efet	ветеринарная клиника	adjective	heuristic		standard	ветеринарная клиника
efeź	судья	noun	default		standard	судья
efit	ручей	noun	default		standard	ручей
efoc	пепел	noun	default		standard	пепел
efoz	глашатай мира	noun	default		standard	глашатай мира
efuf	палец	noun	default		standard	палец
efun	технолог химический	noun	default		standard	технолог химический
efyd	корм для кошек	noun	default		standard	корм для кошек
eg	между (предлог)	noun	default		standard	между
egaj	робкий (прилагательное)	adjective	heuristic		standard	робкий
egam	внешний жёсткий диск	adjective	heuristic		standard	внешний жесткий диск|внеший жесткий диск|внешний крепкий диск|внешний твердый диск|наружный жесткий диск
eger	егерь	noun	default		standard	егерь
eges	плотина гидроэлектростанции	noun	default		standard	плотина гидроэлектростанции
egih	прорыв фронта	noun	default		standard	прорыв фронта
egik	ворон	noun	default		standard	ворон
egiv	нехватка	noun	default		standard	нехватка
egiś	конвой морской	adjective	heuristic		standard	конвой морской
egoizm	эгоизм	noun	default		standard	эгоизм
egoj	камера хранения	noun	default		standard	камера хранения
egoke	пучок укропа	noun	default		standard	пучок укропа
egozli	егозливый	adjective	heuristic		standard	егозливый
eguś	начало	noun	default		standard	начало|начинание|старт
egys	сражение	adjective	heuristic		standard	сражение
egəm	трубопровод	noun	default		standard	трубопровод
eh	ехать	verb	heuristic		standard	ехать|двигаться на транспорте|ездить
ehidn	ехидный	adjective	heuristic		standard	ехидный
ehinat	эхинацея	noun	default		standard	эхинацея
ehob	покладистый (прилагательное)	adjective	heuristic		standard	покладистый
ehokam	эхокамера	noun	default		standard	эхокамера
ehos	яд	noun	default		standard	яд
ehyb	индустриализация	noun	default		standard	индустриализация
ehyg	но союз	noun	default		standard	но союз
ehyz	символ	noun	default		standard	символ
ehæź	нежный (прилагательное)	adjective	heuristic		standard	нежный
ej	эй	noun	default		colloquial	эй
ejal	мусорное ведро	adjective	heuristic		standard	мусорное ведро
ejeź	церковно-приходская школа	adjective	heuristic		standard	церковно-приходская школа|церковно-приходская учебное заведение|церковно-приходская училище
ejib	мера веса	noun	default		standard	мера веса
ejiź	дворецкий	adjective	heuristic		standard	дворецкий
ejyk	огранка камня	noun	default		standard	огранка камня
ejæd	радиокружок	noun	default		standard	радиокружок
ejæm	темперамент спокойный	noun	default		standard	темперамент спокойный
ejæś	кабельное телевидение	adjective	heuristic		standard	кабельное телевидение
ejəky	оболочка колбасная	noun	default		standard	оболочка колбасная
ekac	верный (прилагательное)	adjective	heuristic		standard	верный|корректный|правильный
ekev	засолка	noun	default		standard	засолка
ekipvo	экипаж воздушного судна	noun	default		standard	экипаж воздушного судна
eklogi	эклогит	noun	default		standard	эклогит
ekolak	экологическая акция	adjective	heuristic		standard	экологическая акция
ekolog	эколог	noun	default		standard	эколог
ekosis	экосистема	noun	default	did	standard	экосистема
ekrase	экран сенсорный	noun	default		standard	экран сенсорный
eksedr	экседра	noun	default		standard	экседра
ekskav	экскаватор	noun	default		standard	экскаватор
ekskur	экскурсионный автобус	adjective	heuristic		standard	экскурсионный автобус
eksper	эксперимент	noun	default		standard	эксперимент
eksəpli	экспликация	noun	default		standard	экспликация
eksəpon	экспонента	noun	default		standard	экспонента
eksətru	экструзия (выдавливание вязкой лавы)	noun	default		standard	экструзия (выдавливание вязкой лавы
eksətse	эксцентрик (деталь со смещенной осью)	noun	default		standard	эксцентрик (деталь со смещенной осью
ekuf	правонарушение мелкое	adjective	heuristic		standard	правонарушение мелкое
ekviva	эквиваленция	noun	default		standard	эквиваленция
ekyd	главный удар	adjective	heuristic		standard	главный удар|ведущий удар|ключевой удар|основной удар
ekzame	экзамен	noun	default		standard	экзамен
ekzara	экзарация	noun	default		standard	экзарация
ekzoni	экзоним	noun	default		standard	экзоним
ekzosf	экзосфера	noun	default		standard	экзосфера
ekzots	экзоцитоз	noun	default		standard	экзоцитоз
ekæh	грива	noun	default		standard	грива
ekøz	инженерный факультет	adjective	heuristic		standard	инженерный факультет
el	ель	noun	default		standard	ель
elasti	эластин	noun	default		standard	эластин
elasto	эластомер	noun	default		standard	эластомер
elekgi	электростанция гидравлическая	noun	default		standard	электростанция гидравлическая
elekna	электрическое напряжение	adjective	heuristic		standard	электрическое напряжение
elekt	электрик	noun	default		standard	электрик
elektr	электричество	noun	default		standard	электричество
elektər	электролюминесценция	noun	default		standard	электролюминесценция
elektəro	электрокардиограф	noun	default		standard	электрокардиограф
elemhi	элемент химический	noun	default		standard	элемент химический
eliv	напиток прохладительный	noun	default		standard	напиток прохладительный|питье прохладительный
elizi	элизия	noun	default		standard	элизия
ellip	эллипс	noun	default		standard	эллипс
ellips	эллипсоид	noun	default		standard	эллипсоид
elon	курение трав	adjective	heuristic		standard	курение трав
elonga	элонгация	noun	default		standard	элонгация
elufo	рубленое мясо	adjective	heuristic		standard	рубленое мясо|рубленое мясная пища
elyj	красная книга	adjective	heuristic		standard	красная книга|красная издание|красная том
elym	костёр	noun	default		standard	костер
elæj	ресторан высокой кухни	noun	default		standard	ресторан высокой кухни
elæs	прощание надолго	adjective	heuristic		standard	прощание надолго
em	эм	noun	default		colloquial	эм
emaf	деревянная ложка	adjective	heuristic		standard	деревянная ложка
embi	эмбия	noun	default		standard	эмбия
emblgo	эмблема государственная	noun	default		standard	эмблема государственная
emes	резиденция президента	noun	default		standard	резиденция президента
emfite	эмфитевзис	noun	default		standard	эмфитевзис
emir	стражи сокровищницы	noun	default		standard	стражи сокровищницы
emissa	эмиссар	noun	default		standard	эмиссар
emitte	эмиттер (электрод биполярного транзистора)	noun	default		standard	эмиттер (электрод биполярного транзистора
emiz	почтовый ящик	adjective	heuristic		standard	почтовый ящик
empati	эмпатия	noun	default		standard	эмпатия
emuj	ночное небо чёрное	adjective	heuristic		standard	ночное небо черное|ночное небеса черное|ночное небосвод черное
emulja	эмуляция	noun	default		standard	эмуляция
emun	храмовая дева	adjective	heuristic		standard	храмовая дева
emyk	бурелом	noun	default		standard	бурелом
emæs	сундук домашний	noun	default		standard	сундук домашний
emøg	кто	pronoun	rule		standard	кто|какая персона|какой человек
enam	забытый храм	adjective	heuristic		standard	забытый храм
endoka	эндокард	noun	default		standard	эндокард
endome	эндометрий	adjective	heuristic		standard	эндометрий
endoni	эндоним	noun	default		standard	эндоним
endosp	эндосперм	noun	default		standard	эндосперм
endost	эндост	noun	default		standard	эндост
endote	эндотелий	adjective	heuristic		standard	эндотелий
endoźe	эндокринная железа	adjective	heuristic		standard	эндокринная железа
enesø	одежда разбросанная	noun	default		standard	одежда разбросанная
enikas	эникаст	noun	default		standard	эникаст
enis	печь русская	verb	heuristic		standard	печь русская
enkaus	энкаустика	noun	default		standard	энкаустика
enoś	хореография	noun	default		standard	хореография
entalp	энтальпия	noun	default		standard	энтальпия
entazi	энтазис	noun	default		standard	энтазис
entərop	энтропия	noun	default		standard	энтропия
enuf	шифровка боевая	noun	default		standard	шифровка боевая
enæf	каламбур	noun	default		standard	каламбур
enən	любовь	noun	default		standard	любовь
epan	патруль	noun	default		standard	патруль
epidem	эпидемиолог	noun	default		standard	эпидемиолог
epifiz	эпифиз (конец трубчатой кости)	noun	default		standard	эпифиз (конец трубчатой кости
epig	реформа	noun	default		standard	реформа
epikar	эпикард	noun	default		standard	эпикард
epital	эпиталамус	noun	default		standard	эпиталамус
epitet	эпитет	noun	default		standard	эпитет
epitsi	эпициклоида	noun	default		standard	эпициклоида
epod	дверной глазок	adjective	heuristic		standard	дверной глазок
epoksi	эпоксид	noun	default		standard	эпоксид
epyf	пограничный контроль строгий	adjective	heuristic		standard	пограничный контроль строгий
epær	дом культуры	noun	default		standard	дом культуры|жилище культуры|жилье культуры|обиталище культуры
epøg	голубь	noun	default		standard	голубь
epøj	степь	noun	default		standard	степь
epøm	хитрость	verb	heuristic		standard	хитрость
epøz	памятник архитектуры	noun	default		standard	памятник архитектуры
epət	гарпун	noun	default		standard	гарпун
erah	измена	noun	default		standard	измена
eral	газетный киоск	adjective	heuristic		standard	газетный киоск
eras	имя	noun	default		standard	имя|название|наименование
ereg	беспечный (прилагательное)	adjective	heuristic		standard	беспечный
ergodi	эргодичность	verb	heuristic		standard	эргодичность
ergoni	эргоним	noun	default		standard	эргоним
erik	эрика	noun	default		standard	эрика
eritri	эритрит	noun	default		standard	эритрит
erker	эркер	noun	default		standard	эркер
erlift	эрлифт	noun	default		standard	эрлифт
ernitś	ерничать	verb	heuristic		standard	ерничать
erom	находка археологическая	noun	default		standard	находка археологическая
erozpo	эрозия почвы	noun	default		standard	эрозия почвы
eruz	имитация наступления	noun	default		standard	имитация наступления
eræc	рационализаторское предложение	adjective	heuristic		standard	рационализаторское предложение
erəl	невод	noun	default		standard	невод
esab	снайперская винтовка	adjective	heuristic		standard	снайперская винтовка
esaź	восклицание риторическое	adjective	heuristic		standard	восклицание риторическое
esef	смертельная ловушка	adjective	heuristic		standard	смертельная ловушка
esih	медведь дрессированный на ярмарке	noun	default		standard	медведь дрессированный на ярмарке
eskilo	эскимосская лодка	adjective	heuristic		standard	эскимосская лодка
eskiz	эскиз	noun	default		standard	эскиз
esmine	эсминец	noun	default		standard	эсминец
esol	затонувший корабль	adjective	heuristic		standard	затонувший корабль|затонувший кораблик|затонувший судно
espand	эспандер	noun	default		standard	эспандер
estamp	эстамп	noun	default		standard	эстамп
estərog	эстроген	noun	default		standard	эстроген
esys	жажда	noun	default		standard	жажда
esæb	завещание	adjective	heuristic		standard	завещание
esøv	мазурка	noun	default		standard	мазурка
esəz	косметический ремонт	adjective	heuristic		standard	косметический ремонт
etah	окружать зверя	verb	heuristic		standard	окружать зверя
etat	капилляр	noun	default		standard	капилляр
etaźer	этажерка	noun	default	dubme	standard	этажерка
etel	слюна	noun	default		standard	слюна
etikdi	этикет дипломатический	noun	default		standard	этикет дипломатический
etnole	этнолект	noun	default		standard	этнолект
etoc	конёк на крыше	noun	default		standard	конек на крыше
etosam	это самое (слово-паразит)	noun	default		colloquial	это самое (слово-паразит
etot	этот	noun	default		standard	этот
etov	шерсть	verb	heuristic		standard	шерсть
etum	фарватер	noun	default		standard	фарватер
etæd	звезда	noun	default		standard	звезда
etøb	настольная игра детская	adjective	heuristic		standard	настольная игра детская|настольная игрище детская
etøj	толкование примет	adjective	heuristic		standard	толкование примет
euhari	эухарис	noun	default		standard	эухарис
evakna	эвакуация населения	noun	default		standard	эвакуация населения
evakog	эвакогоспиталь	noun	default		standard	эвакогоспиталь
evar	связной	adjective	heuristic		standard	связной
eved	последний снег	adjective	heuristic		standard	последний снег|крайний снег|финальный снег
evkali	эвкалипт	noun	default	mimuś	standard	эвкалипт
evolve	эвольвента	noun	default		standard	эвольвента
evov	цвет золотой	noun	default		standard	цвет золотой
evrist	эвристика	noun	default		standard	эвристика
evtekt	эвтектика	noun	default		standard	эвтектика
evutø	кислая слива	adjective	heuristic		standard	кислая слива
evys	солёность	verb	heuristic		standard	соленость
evær	шмель	noun	default		standard	шмель
evəpø	погреб под домом	noun	default		standard	погреб под домом
ezek	казначей	noun	default		standard	казначей
ezij	фотоальбом	noun	default		standard	фотоальбом
ezoź	улитка	noun	default		standard	улитка
ezyp	жена	noun	default		standard	жена
ezəl	цвет белый	noun	default		standard	цвет белый
ezəz	четыре	numeral	heuristic		standard	четыре
eś	каждый (квантор)	adjective	heuristic		standard	каждый
eśafot	эшафот	noun	default	ævøś	standard	эшафот
eśez	нож	noun	default		standard	нож
eśyź	пищевод	noun	default		standard	пищевод
eźec	лампа	noun	default		standard	лампа
eźevik	ежевика	noun	default		standard	ежевика
eźeź	фаза луны	noun	default		standard	фаза луны
eźic	раб	noun	default		standard	раб
eźil	парус	noun	default		standard	парус
eźir	свёкор	noun	default		standard	свекор
eźob	опускать	verb	heuristic		standard	опускать
eźub	пускать слюну	verb	heuristic		standard	пускать слюну
eźyhø	переводить дух	verb	heuristic		standard	переводить дух
eźæs	соединение химическое	adjective	heuristic		standard	соединение химическое
eźəh	спиральная форма	adjective	heuristic		standard	спиральная форма
eźən	трудовой подвиг	adjective	heuristic		standard	трудовой подвиг
fabo	врать	verb	heuristic	næj	standard	врать
fabud	сульфид	noun	default		standard	сульфид
fabø	весло	noun	default	vesl	standard	весло
facin	воинское звание	adjective	heuristic		standard	воинское звание
facso	курортный сезон	adjective	heuristic		standard	курортный сезон
fadde	откупщик	noun	default		standard	откупщик
fadmø	чёрствость	verb	heuristic		standard	черствость
faervo	фаервол	noun	default		standard	фаервол
faf	интервью	noun	default		standard	интервью
fafor	апоневроз	noun	default		standard	апоневроз
fagif	плакирование	adjective	heuristic		standard	плакирование
fagkə	цилиндр геометрический	noun	default		standard	цилиндр геометрический
fagots	фагоцитоз	noun	default		standard	фагоцитоз
fahde	геологическая проба	adjective	heuristic		standard	геологическая проба
faj	капкан	noun	default		standard	капкан
fak	заклинание защиты	adjective	heuristic		standard	заклинание защиты
fakan	собирать вместе	verb	explicit		standard	собирать вместе|собирать совместно|собирать сообща
fakap	факап, серьёзная ошибка	noun	default		colloquial	серьезная ошибка|факап|серьезная косяк|серьезная промах
fakel	факел	noun	default		standard	факел
fakesm	факел смоляной	noun	default		standard	факел смоляной
fakoz	пресность	verb	heuristic	səg	standard	пресность
faktor	факторинг	noun	default		standard	факторинг
fal	артерия	noun	default		standard	артерия
falep	обижаться	verb	explicit		standard	обижаться
falśdo	фальшивые документы	adjective	heuristic		standard	фальшивые документы|ложные документы|ненастоящие документы
falśəbo	фальшборт	noun	default		standard	фальшборт
famog	конкуренция рыночная	noun	default		standard	конкуренция рыночная
famta	керлинг	noun	default		standard	керлинг
fanop	повествование	adjective	heuristic		standard	повествование
fapuś	рисовать	verb	heuristic		standard	рисовать
farb	краска	noun	default	løs	standard	краска
farfza	фарфоровый завод	adjective	heuristic		standard	фарфоровый завод|фарфоровый предприятие|фарфоровый фабрика
farmak	фармаколог	noun	default		standard	фармаколог
fasgə	хобби кулинария	noun	default		standard	хобби кулинария
fasrø	хвост кометы	noun	default		standard	хвост кометы
fastəsi	фасция (соединительнотканная оболочка)	noun	default		standard	фасция (соединительнотканная оболочка
fat	заговор	noun	default		standard	заговор
fatane	фата невесты	noun	default		standard	фата невесты
fatbe	многозначность слова	verb	heuristic		standard	многозначность слова
fats	фация (комплекс пород с общими условиями образования)	noun	default		standard	фация (комплекс пород с общими условиями образования
fatsi	фатсия	noun	default		standard	фатсия
faviko	фавикон	noun	default		standard	фавикон
faz	скрытое оружие	adjective	heuristic		standard	скрытое оружие|скрытое вооружение|скрытое ствол
fazni	мобильный телефон	adjective	heuristic		standard	мобильный телефон
faśoz	дефолт	noun	default		standard	дефолт
faźir	масленичная неделя	adjective	heuristic		standard	масленичная неделя|масленичная семидневка
faźøt	гуманитарная помощь	adjective	heuristic		standard	гуманитарная помощь
feb	мостостроительный батальон	adjective	heuristic		standard	мостостроительный батальон
fecac	вспышка фотографическая	noun	default		standard	вспышка фотографическая
fecil	пошлина ввозная	noun	default		standard	пошлина ввозная
feciś	фарфор заморский	noun	default		standard	фарфор заморский
fedos	баян старый	noun	default		standard	баян старый|баян ветхий|баян древний
fef	железная дорога	adjective	heuristic		standard	железная дорога|железная путь|железная трасса
fefak	нет частица	noun	default		standard	нет частица|неа частица|неверно частица
fefot	кессон	noun	default		standard	кессон
feg	песня победы	noun	default		standard	песня победы|композиция победы|трек победы
fehøs	легендарный герой	adjective	heuristic		standard	легендарный герой
feje	половина	noun	default	polovi	standard	половина
fejeś	сепаратриса	noun	default		standard	сепаратриса
fejho	фейхоа	noun	default		standard	фейхоа
fejzer	фейзер	noun	default		standard	фейзер
feldśe	фельдшер	noun	default		standard	фельдшер
feleto	фельетон	noun	default		standard	фельетон
fellog	феллоген	noun	default		standard	феллоген
felæź	посуда	noun	default	posud	standard	посуда
femaj	день	noun	default		standard	день
femfe	коллекционирование марок	adjective	heuristic		standard	коллекционирование марок
femmə	салочки	noun	default		standard	салочки
femzy	гнездование	adjective	heuristic		standard	гнездование
fenek	фенек	noun	default		standard	фенек
fenhu	политический сыск	adjective	heuristic		standard	политический сыск
feroś	аэропорт	noun	default	aeroport	standard	аэропорт
ferrim	ферримагнетик	noun	default		standard	ферримагнетик
ferze	остановка транспорта	noun	default		standard	остановка транспорта
ferəv	опаливать щетину	verb	heuristic		standard	опаливать щетину
fes	коптильня прибрежная рыбацкая	noun	default		standard	коптильня прибрежная рыбацкая
feteg	толстянка	noun	default		standard	толстянка
fetræ	ванна	noun	default		standard	ванна
fevral	февраль	noun	default		standard	февраль
fez	штормовая волна	adjective	heuristic		standard	штормовая волна
fezne	целинная земля	adjective	heuristic		standard	целинная земля|целинная грунт|целинная почва
fezøz	шить	verb	heuristic		standard	шить
feś	стадо оленей северных	noun	default		standard	стадо оленей северных
feśźæ	ловчий сокол	adjective	heuristic		standard	ловчий сокол
feźeg	конъюнкция	noun	default		standard	конъюнкция
fguvy	куст крыжовника	noun	default		standard	куст крыжовника
fibag	клаксон	noun	default	ygæf	standard	клаксон
fibə	лепидосирен	noun	default		standard	лепидосирен
fiddy	флюорография	noun	default		standard	флюорография
fifdø	пчелиная матка	adjective	heuristic		standard	пчелиная матка
fifo	адиабата	noun	default		standard	адиабата
fig	фиг	noun	default		colloquial	фиг
fignja	фигня, ерунда	noun	default		colloquial	ерунда|фигня
fihe	магнитопауза	noun	default		standard	магнитопауза
fijin	лепесток	noun	default		standard	лепесток
filin	филин	noun	default		standard	филин
fillit	филлит	noun	default		standard	филлит
filode	филодендрон	noun	default		standard	филодендрон
filtob	фильтр объектива	noun	default		standard	фильтр объектива
fimed	лысина	noun	default	adin	standard	лысина
final	финал	noun	default		standard	финал
fipak	миксер кухонный	noun	default		standard	миксер кухонный
fipi	холдинг	noun	default		standard	холдинг
fipul	урок	noun	default	urok	standard	урок
fipyj	щука	noun	default		standard	щука
fipæś	калоши	noun	default		standard	калоши
fisyd	старший воин	adjective	heuristic		standard	старший воин|старший боец|старший военнослужащий|старший солдат
fit	отступление организованное	adjective	heuristic		standard	отступление организованное
fitil	фитиль	noun	default		standard	фитиль
fiting	фитинг	noun	default		standard	фитинг
fitnkl	фитнес-клуб	noun	default		standard	фитнес-клуб
fiziot	физиотерапия	noun	default		standard	физиотерапия
fizipr	физиотерапевтическая процедура	adjective	heuristic		standard	физиотерапевтическая процедура
fiśul	отговорка	noun	default		standard	отговорка
fjuz	фьюз	noun	default		standard	фьюз
flang	фланг	noun	default		standard	фланг
flejt	флейта	noun	default	jilat	standard	флейта
flendəź	фленджер	noun	default		standard	фленджер
fleśk	флешка	noun	default		standard	флешка
floem	флоэма	noun	default		standard	флоэма
flud	флуд	noun	default		colloquial	флуд
fod	отбывание наказания	adjective	heuristic		standard	отбывание наказания
fodpə	ластик художественный	noun	default		standard	ластик художественный
fofø	сюръекция	noun	default		standard	сюръекция
foh	речной паром малый	adjective	heuristic		standard	речной паром малый|речной паром маленький|речной паром мелкий|речной паром небольшой
fojkø	распутывать веревку	verb	heuristic		standard	распутывать веревку
fojøp	горчичник	noun	default		standard	горчичник
fok	доверенность	verb	heuristic		standard	доверенность
foksø	ткань трикотажная	noun	default		standard	ткань трикотажная
fokuja	фокусник ярмарочный	noun	default		standard	фокусник ярмарочный
fokys	удильщик	noun	default		standard	удильщик
folot	сокровищница	noun	default	sokrov	standard	сокровищница
foləd	косить взглядом	verb	explicit		standard	косить взглядом
fomab	береговая охрана	adjective	heuristic		standard	береговая охрана
fomty	дуршлаг кухонный	noun	default		standard	дуршлаг кухонный
fomyv	ламинария	noun	default		standard	ламинария
fonana	фонарь налобный	noun	default		standard	фонарь налобный
fonaul	фонарь уличный столбовой	noun	default		standard	фонарь уличный столбовой
fontde	фонтан декоративный	noun	default		standard	фонтан декоративный
formal	формальдегид	noun	default		standard	формальдегид
formov	формовка	noun	default		standard	формовка
formpr	форма правления	noun	default		standard	форма правления
formul	формула	noun	default		standard	формула
formvy	формочка для выпечки	noun	default		standard	формочка для выпечки
forsun	форсунка	noun	default		standard	форсунка
fos	диаметр окружности	noun	default		standard	диаметр окружности
fosfit	фосфит	noun	default		standard	фосфит
fotif	тостер	noun	default	toster	standard	тостер
fotka	фотка, фотография	noun	default		colloquial	фотка|фотография
fotnø	полынь горькая	noun	default		standard	полынь горькая
foto	фототранзистор	noun	default		standard	фототранзистор
fotoalb	фотоальбом	noun	default	ezij	standard	фотоальбом
fotoat	фотоателье	noun	default	zytəc	standard	фотоателье
fotodi	фотодиод	noun	default		standard	фотодиод
fotokr	фотокружок	noun	default		standard	фотокружок
fotopr	фотопринтер	noun	default	ikæj	standard	фотопринтер
fotore	фоторезистор	noun	default		standard	фоторезистор
fotots	фотоаппарат цифровой	noun	default		standard	фотоаппарат цифровой
fototśka	фоточка, фотография	noun	default		colloquial	фотография|фоточка
fove	фовеа	noun	default		standard	фовеа
foven	запруда	noun	default		standard	запруда
fośa	хурма	noun	default		standard	хурма
fośyt	электронная лампа	adjective	heuristic		standard	электронная лампа
foźel	омуль	noun	default		standard	омуль
foźæj	внутренний голос	adjective	heuristic		standard	внутренний голос|внутри голос|внутригосударственный голос
frakta	фрактал	noun	default		standard	фрактал
fregat	фрегат	noun	default		standard	фрегат
fresk	фреска	noun	default		standard	фреска
frezer	фрезерование	adjective	heuristic		standard	фрезерование
frik	фрик, странный человек	noun	default		colloquial	странный человек|фрик
frista	фристайл	noun	default		standard	фристайл
friz	фриз	noun	default		standard	фриз
fruksa	фруктовый сад	adjective	heuristic		standard	фруктовый сад
frukto	фруктоза	noun	default		standard	фруктоза
fu	фу	noun	default		colloquial	фу
fub	пирог	noun	default		standard	пирог
fubøś	пост церковный	noun	default		standard	пост церковный
fuf	засов	noun	default		standard	засов
fufnø	сосиска	noun	default		standard	сосиска
fuføp	брусника	noun	default		standard	брусника
fugano	фуганок	noun	default		standard	фуганок
fugźo	приёмная мать	adjective	heuristic		standard	приемная мать
fuhæg	медпункт сельский	noun	default		standard	медпункт сельский
fuhəm	подмигивать	verb	heuristic	lørop	standard	подмигивать
fuj	автоматическая блокировка	adjective	heuristic		standard	автоматическая блокировка|автоматическая бан|автоматическая запрет
fuksi	фуксия	noun	default		standard	фуксия
fukøb	открывать	verb	heuristic		standard	открывать|отпирать|раскрывать
fuljar	фуляр	noun	default		standard	фуляр
fulma	характер твёрдый	noun	default		standard	характер твердый|характер жесткий|характер крепкий
fumara	фумарат	noun	default		standard	фумарат
fumaro	фумарола	noun	default		standard	фумарола
fumśo	страховой агент	adjective	heuristic		standard	страховой агент
fun	пересадка	noun	default		standard	пересадка
fundam	фундамент	noun	default		standard	фундамент
funiku	фуникулус	noun	default		standard	фуникулус
funys	зимняя спячка	adjective	heuristic		standard	зимняя спячка
fupfi	громкость голоса	verb	heuristic		standard	громкость голоса
fupib	порт	noun	default		standard	порт
fupku	жрица луны	noun	default		standard	жрица луны
furcə	голодный (прилагательное)	adjective	heuristic		standard	голодный
fusə	пролаза	noun	default		standard	пролаза
fut	океан	noun	default		standard	океан
futbma	футбольный матч	adjective	heuristic		standard	футбольный матч
futbol	футбол	noun	default		standard	футбол
futer	футер	noun	default		standard	футер
futork	футорка	noun	default		standard	футорка
futøl	вишневое дерево	adjective	heuristic		standard	вишневое дерево
fuzju	высиживание яиц	adjective	heuristic		standard	высиживание яиц
fuzov	возобновляемая энергия	adjective	heuristic		standard	возобновляемая энергия
fuzz	фузз	noun	default		standard	фузз
fuźøv	электрик	noun	default	elekt	standard	электрик
fyf	заговорщик	noun	default		standard	заговорщик
fyhbæ	сельский клуб	adjective	heuristic		standard	сельский клуб
fyk	политическая амнистия	adjective	heuristic		standard	политическая амнистия
fykah	приговор	noun	default		standard	приговор
fyl	доярка	noun	default		standard	доярка
fylig	взвар	noun	default	vzvar	standard	взвар
fymis	глиняная посуда	adjective	heuristic		standard	глиняная посуда
fymon	промышленная зона	adjective	heuristic		standard	промышленная зона
fyn	низкий	adjective	heuristic		standard	низкий|невысокий|приземистый
fypak	булавка портновская	noun	default		standard	булавка портновская
fyr	прощание	adjective	heuristic		standard	прощание
fyrəg	бурелом	noun	default	emyk	standard	бурелом
fysen	придворный этикет строгий	adjective	heuristic		standard	придворный этикет строгий
fytco	куранты	noun	default		standard	куранты
fytzə	обмен пленными фронтовой	noun	default		standard	обмен пленными фронтовой
fytæ	февраль	noun	default	fevral	standard	февраль
fyv	хоккейная коробка	adjective	heuristic		standard	хоккейная коробка
fyvir	прачечная	adjective	heuristic		standard	прачечная
fyvy	лебедь	noun	default	lebed	standard	лебедь
fyzta	оттепель ранняя	noun	default		standard	оттепель ранняя
fyzæl	возвращение домой	adjective	heuristic		standard	возвращение домой
fyśkə	завалинка у стены	noun	default		standard	завалинка у стены
fæbtə	конспиративная сеть	adjective	heuristic		standard	конспиративная сеть
fæd	пещера	noun	default		standard	пещера
fæfpa	третий квартал	adjective	heuristic		standard	третий квартал
fæfyf	радиоперехват	noun	default		standard	радиоперехват
fægøm	траншея	noun	default		standard	траншея
fæh	клан	noun	default		standard	клан
fæj	слушать	verb	explicit		standard	слушать
fælśe	сломанный	adjective	heuristic		standard	сломанный
fæmśæ	цена	noun	default		standard	цена|стоимость|ценник
fæpy	ухват печной	noun	default		standard	ухват печной
fæs	ли частица	noun	default		standard	ли частица
fæt	тракт	noun	default		standard	тракт
fætaf	ртуть	verb	heuristic	rtut	standard	ртуть
fæv	союзник	noun	default		standard	союзник|партнер
fæveh	мошка	noun	default		standard	мошка
fævo	дань	noun	default	danj	standard	дань
fæz	клавиши фортепиано	noun	default		standard	клавиши фортепиано
fæś	предупреждение	adjective	heuristic		standard	предупреждение
fæśpa	монолог	noun	default		standard	монолог
fæź	берег пологий	noun	default		standard	берег пологий
føb	страда сенокосная	noun	default		standard	страда сенокосная
føbyź	повторять	verb	explicit		standard	повторять
føc	черепаха	noun	default		standard	черепаха
fød	масло	noun	default		standard	масло
fødaź	площадь фигуры	noun	default		standard	площадь фигуры
føfdø	кобыла	noun	default		standard	кобыла
føfok	стесняться	verb	explicit		standard	стесняться
føfəc	описывать	verb	explicit		standard	описывать
føgu	птица	noun	default	ptis	standard	птица
føh	контрнаступление	adjective	heuristic		standard	контрнаступление
føhæ	ноготки	noun	default		standard	ноготки
føhæb	кассир	noun	default	ygøm	standard	кассир
føhøh	штурм	noun	default		standard	штурм
føjha	солнце	noun	default		standard	солнце
føk	мастерская авточинки	adjective	heuristic		standard	мастерская авточинки
føkeź	голодовка	noun	default		standard	голодовка
føkse	скейтборд	noun	default		standard	скейтборд
føl	логопед	noun	default		standard	логопед
føløm	чихать	verb	explicit		standard	чихать
fømit	герольд	noun	default	gerold	standard	герольд
fømpø	двойной агент	adjective	heuristic		standard	двойной агент
fømød	раздор	noun	default		standard	раздор
fønle	мышь	noun	default		standard	мышь
føpət	гильдия	noun	default		standard	гильдия
før	обеденный стол накрытый	adjective	heuristic		standard	обеденный стол накрытый
førær	разоблачение агента	adjective	heuristic		standard	разоблачение агента
føsce	холод	noun	default		standard	холод
føsuź	отдыхать	verb	heuristic	kupog	standard	отдыхать
føt	ставить капкан	verb	heuristic		standard	ставить капкан
føves	переселенец	noun	default	perese	standard	переселенец
føvøv	смелый (прилагательное)	adjective	heuristic		standard	смелый
føzme	цилиндр головной убор	noun	default		standard	цилиндр головной убор
føzva	пленный офицер допрос	adjective	heuristic		standard	пленный офицер допрос|пленный военный начальник допрос|пленный командир допрос
fəb	площадь независимости	noun	default		standard	площадь независимости
fəbzo	давление физическое	adjective	heuristic		standard	давление физическое
fəcuv	VR-очки	noun	default		standard	vr-очки
fəd	переплёт книги	noun	default		standard	переплет книги
fəfo	балка	noun	default	balk	standard	балка
fək	разбрасывать овощи	verb	heuristic		standard	разбрасывать овощи
fəkky	учитель музыки	noun	default		standard	учитель музыки|педагог музыки|преподаватель музыки
fəluz	игра детская	noun	default		standard	игра детская|игрище детская
fəm	коктейль алкогольный	noun	default		standard	коктейль алкогольный
fəncə	скалить клыки	verb	heuristic		standard	скалить клыки
fəp	штанга спортивная	noun	default		standard	штанга спортивная
fəpaz	автономия	noun	default	śetfi	standard	автономия
fəpfu	звёздообразная форма	adjective	heuristic		standard	звездообразная форма
fəriv	проклятый лес тёмный	adjective	heuristic		standard	проклятый лес темный|проклятый лесной массив темный|проклятый чаща темный
fərśø	воин	noun	default		standard	воин
fəs	плёнка фотографическая	noun	default		standard	пленка фотографическая
fəsep	завещание нотариальное	adjective	heuristic		standard	завещание нотариальное
fəsyp	лимонад	noun	default		standard	лимонад
fətet	кадастровый инженер	adjective	heuristic		standard	кадастровый инженер
fəśdo	скользкий (прилагательное)	adjective	heuristic		standard	скользкий
fəśhæ	червь	noun	default		standard	червь
fəź	торговая фактория	adjective	heuristic		standard	торговая фактория
fəźij	пекарня	noun	default		standard	пекарня
gac	хамелеон	noun	default		standard	хамелеон
gacje	опекун ребёнка	noun	default		standard	опекун ребенка
gad	гадание	adjective	heuristic		standard	гадание
gadin	гадина (оскорбление)	noun	default		colloquial	гадина (оскорбление
gadś	гад (оскорбление лёгкое)	noun	default		colloquial	гад (оскорбление легкое
gaetkl	гаечный ключ	adjective	heuristic		standard	гаечный ключ
gafuz	снятие блокады	adjective	heuristic		standard	снятие блокады
gafyh	рыбья чешуя	noun	default		standard	рыбья чешуя
gah	тарелка глубокая	noun	default		standard	тарелка глубокая
gahma	договор аренды	noun	default		standard	договор аренды
gahzy	торговое ограничение	adjective	heuristic		standard	торговое ограничение
gaiśni	гаишник	noun	default		standard	гаишник
galag	галаго	noun	default		standard	галаго
galit	галит	noun	default		standard	галит
galokl	галоклин	noun	default		standard	галоклин
galtel	галтель	noun	default		standard	галтель
gameto	гаметофит	noun	default		standard	гаметофит
ganid	зубец крепостной стены	noun	default		standard	зубец крепостной стены
ganji	авианосец	noun	default		standard	авианосец
ganæź	кинжал	noun	default		standard	кинжал
ganøg	охранная грамота	adjective	heuristic		standard	охранная грамота
gapam	уродливый (прилагательное)	adjective	heuristic		standard	уродливый
garatś	гарантия честного слова	noun	default		standard	гарантия честного слова
garaź	гараж	noun	default	aløv	standard	гараж
garder	гардеробная	adjective	heuristic		standard	гардеробная
garfu	отказ	noun	default		standard	отказ
garm	гармонизатор	noun	default		standard	гармонизатор
garmo	гармонь	noun	default		standard	гармонь
garmon	гармония	noun	default		standard	гармония
garmru	гармошка ручная	noun	default		standard	гармошка ручная
gas	гасить	verb	heuristic	bøkzæ	standard	гасить
gastəru	гаструла	noun	default		standard	гаструла
gat	учиться	verb	explicit		standard	учиться
gatah	гонт	noun	default		standard	гонт
gatjo	подсознание	adjective	heuristic		standard	подсознание
gav	тренер спортивный	noun	default		standard	тренер спортивный
gavpo	небесный наблюдатель	adjective	heuristic		standard	небесный наблюдатель
gavys	бетономешалка	noun	default	betono	standard	бетономешалка
gaz	пуговица	noun	default		standard	пуговица
gazet	газета	noun	default		standard	газета
gazhim	газ химический	noun	default		standard	газ химический
gazlif	газлифт	noun	default		standard	газлифт
gazome	газовое месторождение	adjective	heuristic		standard	газовое месторождение
gazono	газонокосилка	noun	default		standard	газонокосилка
gazopr	газопровод	noun	default		standard	газопровод
gaśbə	акварельная краска	adjective	heuristic		standard	акварельная краска
gaśom	огневая точка подавленная	adjective	heuristic		standard	огневая точка подавленная|огневая локация подавленная|огневая место подавленная
gaśup	сад	noun	default		standard	сад
gaźjo	десятилетие	adjective	heuristic		standard	десятилетие
gde	где	noun	default		standard	где
geb	ускорение физическое	adjective	heuristic		standard	ускорение физическое
gebar	атмосфера земная	noun	default		standard	атмосфера земная
gebel	рычаг механизма	noun	default		standard	рычаг механизма
gebol	материк	noun	default		standard	материк
geceg	соучастие в преступлении	adjective	heuristic		standard	соучастие в преступлении
gefam	самбо	noun	default		standard	самбо
geføh	мудрый (прилагательное)	adjective	heuristic		standard	мудрый
gej	план обороны	noun	default		standard	план обороны
gejtpo	гейт посадочный	noun	default		standard	гейт посадочный
gejuk	угощение	adjective	heuristic		standard	угощение
gejəz	маракуйя	noun	default		standard	маракуйя
gek	январь	noun	default		standard	январь
geke	ригель (горизонтальный несущий элемент)	noun	default		standard	ригель (горизонтальный несущий элемент
gektog	гектография	noun	default		standard	гектография
gel	джунгли густые	noun	default		standard	джунгли густые
gelduś	гель для душа	noun	default		standard	гель для душа
geliko	геликоид	noun	default		standard	геликоид
geliod	гелиодор	noun	default		standard	гелиодор
geliog	гелиограф	noun	default		standard	гелиограф
gelios	гелиослой	adjective	heuristic		standard	гелиослой
geliot	гелиотроп	noun	default		standard	гелиотроп
gelməpo	гельмпорт	noun	default		standard	гельмпорт
gelø	электроусилитель	noun	default		standard	электроусилитель
gelśø	критика конструктивная	noun	default		standard	критика конструктивная
gemati	гематит	noun	default		standard	гематит
gemoli	гемолимфа	noun	default		standard	гемолимфа
gemost	гемостаз	noun	default		standard	гемостаз
gener	генерал	noun	default		standard	генерал
genera	генератор	noun	default		standard	генератор
genese	генеральный секретарь	adjective	heuristic		standard	генеральный секретарь
geneti	генетик	noun	default		standard	генетик
geolog	геологоразведка	noun	default	igok	standard	геологоразведка
georgi	георгина	noun	default		standard	георгина
geoten	геотермальная энергия	adjective	heuristic		standard	геотермальная энергия
gep	догонять	verb	explicit		standard	догонять
gepfu	межа между грядками	noun	default		standard	межа между грядками
ger	археолог полевой	noun	default		standard	археолог полевой
geran	герань	noun	default		standard	герань
gerbvo	герб на воротах	noun	default		standard	герб на воротах
gerbśi	герб на щите родовой	noun	default		standard	герб на щите родовой
gerizb	герой избранный судьбой	adjective	heuristic		standard	герой избранный судьбой
gerold	герольд	noun	default		standard	герольд
geser	ендова	noun	default		standard	ендова
geter	гетероклиника	noun	default		standard	гетероклиника
getero	гетеродин	noun	default		standard	гетеродин
gevi	подбел	noun	default		standard	подбел
geś	прямая речь	adjective	heuristic		standard	прямая речь|прямая наречие|прямая язык
geśak	компот	noun	default	kompot	standard	компот
geśzə	ножницы портновские	noun	default		standard	ножницы портновские
geź	спутниковая тарелка	adjective	heuristic		standard	спутниковая тарелка
geźki	жертвенный алтарь горный	adjective	heuristic		standard	жертвенный алтарь горный
geźop	массив	noun	default		standard	массив
gib	трость	verb	heuristic		standard	трость
gibdi	обезьяна	noun	default		standard	обезьяна
gibk	гибкий (прилагательное)	adjective	heuristic		standard	гибкий
gibrsl	гибридное слово	adjective	heuristic		standard	гибридное слово|гибридное выражение|гибридное лексема
gidag	синдикация	noun	default		standard	синдикация
gidap	сублимация	noun	default		standard	сублимация
gidav	хромолитография	noun	default		standard	хромолитография
gidrok	гидроксид	noun	default		standard	гидроксид
gidrol	гидролог	noun	default		standard	гидролог
gidron	гидроним	noun	default		standard	гидроним
gidrop	гидропост	noun	default		standard	гидропост
gidrot	гидротрансформатор	noun	default		standard	гидротрансформатор
gidrou	гидроусилитель	noun	default		standard	гидроусилитель
gidroz	гидрозатвор	noun	default		standard	гидрозатвор
gidtur	гид туристический	noun	default		standard	гид туристический
gifa	гифа	noun	default		standard	гифа
gifə	электролит	noun	default		standard	электролит
gig	летняя гроза	adjective	heuristic		standard	летняя гроза
gigon	инфимум	noun	default		standard	инфимум
gigøb	месяц	noun	default		standard	месяц|месячный период
gihe	остеокласт	noun	default		standard	остеокласт
gihyf	кальцитонин	noun	default		standard	кальцитонин
gijed	поперечина	noun	default		standard	поперечина
gijve	медведь	noun	default		standard	медведь
gik	таможенный союз	adjective	heuristic		standard	таможенный союз
gikæn	желудочный сок	adjective	heuristic		standard	желудочный сок
gikəd	умолять	verb	heuristic	puź	standard	умолять
giløm	умножение математическое	adjective	heuristic		standard	умножение математическое
gimbal	гимбал (подвес для стабилизации камеры)	noun	default		standard	гимбал (подвес для стабилизации камеры
gimn	гимн	noun	default		standard	гимн
gimnas	гимнастика	noun	default		standard	гимнастика
gimngo	гимн государственный	noun	default		standard	гимн государственный
gin	обстрел приграничный	noun	default		standard	обстрел приграничный
gintæ	гальваническое покрытие	adjective	heuristic		standard	гальваническое покрытие
ginyv	паралич	noun	default		standard	паралич
gipant	гипантий	adjective	heuristic		standard	гипантий
gipe	ацетат	noun	default		standard	ацетат
giper	гиперграф	noun	default		standard	гиперграф
giperg	гипергигант	noun	default		standard	гипергигант
giperv	гипервизор	noun	default		standard	гипервизор
gipota	гипоталамус	noun	default		standard	гипоталамус
gipote	гипотеза	noun	default		standard	гипотеза
gippok	гиппокамп	noun	default		standard	гиппокамп
gipsok	гипсокартон	noun	default		standard	гипсокартон
gipspe	гипс на перелом	noun	default		standard	гипс на перелом
girlsv	гирлянда светодиодная	noun	default		standard	гирлянда светодиодная
giroko	гирокомпас	noun	default		standard	гирокомпас
gisom	логирование	adjective	heuristic		standard	логирование
gistam	гистамин	noun	default		standard	гистамин
gister	гистерезис	noun	default		standard	гистерезис
gisø	совхоз	noun	default	sovhoz	standard	совхоз
gittə	выделанная кожа	adjective	heuristic		standard	выделанная кожа
giv	служба доставки еды	noun	default		standard	служба доставки еды
giśed	земляника лесная	noun	default		standard	земляника лесная
giśi	суфлер	noun	default	kukce	standard	суфлер
gkeze	пропалывать сорняки	verb	heuristic		standard	пропалывать сорняки
gladdo	гладильная доска	adjective	heuristic		standard	гладильная доска
glav	глава, руководитель	noun	default		standard	глава|руководитель
glavde	глава делегации	noun	default		standard	глава делегации|башка делегации|голова делегации
glavin	главный инженер завода	adjective	heuristic		standard	главный инженер завода|ведущий инженер завода|ключевой инженер завода|основной инженер завода
glavpr	главное предложение	adjective	heuristic		standard	главное предложение|ведущее предложение|ключевое предложение|основное предложение
glavro	глава рода	noun	default		standard	глава рода|башка рода|голова рода
glazpo	глазурь на посуде	noun	default		standard	глазурь на посуде
glaśat	глашатай	noun	default		standard	глашатай
glif	глиф	noun	default		standard	глиф
glinmi	глиняная миска	adjective	heuristic		standard	глиняная миска
glitse	глицерин	noun	default		standard	глицерин
gljan	глянь, посмотри	noun	default		colloquial	глянь|посмотри
gljanut	глянуть, посмотреть	verb	heuristic		colloquial	глянуть|посмотреть
gloksi	глоксиния	noun	default		standard	глоксиния
glomer	гломерула	noun	default		standard	гломерула
glori	глория	noun	default		standard	глория
glubin	глубиномер	noun	default		standard	глубиномер
glubmo	глубина моря	noun	default		standard	глубина моря
glubra	глубокое размышление	adjective	heuristic		standard	глубокое размышление
glupet	глупец	noun	default	usyg	standard	глупец
glupos	глупость	verb	heuristic		standard	глупость
gluśsi	глушение сигнала	adjective	heuristic		standard	глушение сигнала
gləjuka	глюкагон	noun	default		standard	глюкагон
gləjuko	глюкометр	noun	default		standard	глюкометр
gləjuon	глюон	noun	default		standard	глюон
gnejs	гнейс	noun	default		standard	гнейс
gnezd	гнездиться	verb	heuristic		standard	гнездиться
go	наверное (вводное слово)	adjective	heuristic		standard	наверное (вводное слово|наверное|наверное (вводное выражение|наверное (вводное лексема
goa	го, пойдём или давай	noun	default		colloquial	го|давай|пойдем
gob	подкладочная ткань	adjective	heuristic		standard	подкладочная ткань
gocæj	временная последовательность	adjective	heuristic		standard	временная последовательность
god	хозяйство	noun	default		standard	хозяйство
godosm	годовщина смерти	noun	default		standard	годовщина смерти
godovś	годовщина	noun	default		standard	годовщина
goduz	отравленное оружие	adjective	heuristic		standard	отравленное оружие|отравленное вооружение|отравленное ствол
godvi	чума	noun	default		standard	чума
gofih	неказистый	adjective	heuristic		standard	неказистый
gofyv	государственная тайна	adjective	heuristic		standard	государственная тайна
gojhi	орнамент	noun	default		standard	орнамент
gokez	сноп пшеницы	noun	default		standard	сноп пшеницы
gokyh	вербовка источника	noun	default		standard	вербовка источника
gokæ	какой	adjective	heuristic	kakn	standard	какой
gol	свиноферма	noun	default		standard	свиноферма
golat	нагон	noun	default		standard	нагон
golavl	голавль	noun	default		standard	голавль
golen	голень	noun	default		standard	голень
golf	гольф	noun	default		standard	гольф
golod	голод	noun	default	iźaj	standard	голод
golodo	голодовка	noun	default	føkeź	standard	голодовка
goloos	голод в осаде	noun	default		standard	голод в осаде
golosovuha	голосовуха, голосовое сообщение	noun	default		colloquial	голосовое сообщение|голосовуха|голосовое весть|голосовое новость
golotu	голотурия	noun	default		standard	голотурия
golubj	голубятня	noun	default		standard	голубятня
gom	пирожок жареный	noun	default		standard	пирожок жареный
gomeom	гомеоморфизм	noun	default		standard	гомеоморфизм
gomo	гомоморфизм	noun	default		standard	гомоморфизм
gomøm	эпентеза	noun	default		standard	эпентеза
gomən	блины с икрой	noun	default		standard	блины с икрой
gon	осенний сбор	adjective	heuristic		standard	осенний сбор
gonets	гонец	noun	default	arok	standard	гонец
gontśa	гончар	noun	default		standard	гончар
gop	авиамодельный кружок	adjective	heuristic		standard	авиамодельный кружок
gopju	суффикс увеличительный	noun	default		standard	суффикс увеличительный
gor	гордиться	verb	explicit		standard	гордиться
goravy	гора высокая	noun	default		standard	гора высокая|вершина высокая|возвышенность высокая
gorb	горбиться	verb	heuristic		standard	горбиться
gorcə	серьга	noun	default		standard	серьга
gord	гордый (прилагательное)	adjective	heuristic		standard	гордый
gorepo	горелка походная	noun	default		standard	горелка походная
gorera	горечь расставания	verb	heuristic		standard	горечь расставания
gorgrj	горная гряда	adjective	heuristic		standard	горная гряда
gorkrj	горный кряж	adjective	heuristic		standard	горный кряж
gorn	горн	noun	default		standard	горн
gornjak	горный рабочий	adjective	heuristic		standard	горный рабочий
gorora	городская ратуша	adjective	heuristic		standard	городская ратуша
gorost	городская стража	adjective	heuristic		standard	городская стража
gorovo	городские ворота	adjective	heuristic		standard	городские ворота
gorru	горная руда медная	adjective	heuristic		standard	горная руда медная
gorrud	горная руда золотая	adjective	heuristic		standard	горная руда золотая
gorsvj	горное святилище	adjective	heuristic		standard	горное святилище
gortdo	горчица домашняя	noun	default		standard	горчица домашняя
gortro	горная тропа опасная	adjective	heuristic		standard	горная тропа опасная|горная тропа рискованная|горная тропа угрожающяя
gorśok	горшок	noun	default	iśon	standard	горшок
gorśra	горшечное растение	adjective	heuristic		standard	горшечное растение
gorəl	горло	noun	default		standard	горло
goson	сигнальный костёр	adjective	heuristic		standard	сигнальный костер
gosubj	государственный бюджет	adjective	heuristic		standard	государственный бюджет
gosugr	государственная граница	adjective	heuristic		standard	государственная граница|государственная предел|государственная рубеж
gosupr	государственная премия	adjective	heuristic		standard	государственная премия
gosuvi	государственный визит	adjective	heuristic		standard	государственный визит
got	седло велосипедное	noun	default		standard	седло велосипедное
gotono	готовность номер один	verb	heuristic		standard	готовность номер один
gotov	готовиться	verb	explicit		standard	готовиться
gotur	пустота	noun	default	ped	standard	пустота
gotøp	насест	noun	default		standard	насест
gov	говение	adjective	heuristic		standard	говение
govno	говно (грубое ругательство)	noun	default		colloquial	говно (грубое ругательство
govome	говор местный	noun	default		standard	говор местный
goz	грязь на полу	noun	default		standard	грязь на полу
gozvo	театр драматический	noun	default		standard	театр драматический
gośnø	прозрение душевное	adjective	heuristic		standard	прозрение душевное
gośøg	бенталь	noun	default		standard	бенталь
graben	грабен (опущенный блок земной коры)	noun	default		standard	грабен (опущенный блок земной коры
grabjo	грабёж	noun	default		standard	грабеж
grabli	грабли	noun	default	huh	standard	грабли
gradkr	град крупный	noun	default		standard	град крупный|город крупный|городской населенный пункт крупный|град большой|град великий|град огромный
gradso	градационный союз	adjective	heuristic		standard	градационный союз
gradus	градусник	noun	default		standard	градусник
grafa	аэратор	noun	default		standard	аэратор
grafdv	график движения	noun	default		standard	график движения
graffu	график функции	noun	default		standard	график функции
grafi	машина	noun	default	maśin	standard	машина
grafna	графин с напитком	noun	default		standard	графин с напитком
gralæk	клеймо	noun	default	zosəb	standard	клеймо
grasak	сторис	noun	default		standard	сторис
grasi	коронация	noun	default	hæg	standard	коронация
gravdo	гравийная дорога	adjective	heuristic		standard	гравийная дорога|гравийная путь|гравийная трасса
gravil	гравилат	noun	default		standard	гравилат
gravir	гравиразведка	noun	default		standard	гравиразведка
graźda	гражданство	noun	default	zəfjø	standard	гражданство
graźis	гражданский иск	adjective	heuristic		standard	гражданский иск
graźob	гражданская оборона	adjective	heuristic		standard	гражданская оборона
graźvo	гражданская война	adjective	heuristic		standard	гражданская война|гражданская вооруженный конфликт|гражданская конфликт
greben	гребень	noun	default		standard	гребень
grebne	гребневик	noun	default		standard	гребневик
grebsp	гребной спорт	adjective	heuristic		standard	гребной спорт
grebtr	гребной тренажёр	adjective	heuristic		standard	гребной тренажер
grenki	гренландский кит	adjective	heuristic		standard	гренландский кит
gretśi	гречиха	noun	default		standard	гречиха
gribja	гриб ядовитый	noun	default		standard	гриб ядовитый
gribse	гриб съедобный	noun	default		standard	гриб съедобный
grimas	гримаса	noun	default		standard	гримаса
grisus	остойчивость (способность судна восстанавливать равновесие)	verb	heuristic		standard	остойчивость (способность судна восстанавливать равновесие
gritav	урожай	noun	default	dæcly	standard	урожай
grivna	гривна	noun	default		standard	гривна
grizaj	гризайль	noun	default		standard	гризайль
grjakl	грядка клубники	noun	default		standard	грядка клубники
grjaze	грязелечебница	noun	default		standard	грязелечебница
grob	гроб	noun	default		standard	гроб
groge	обвинитель	noun	default	kæfmə	standard	обвинитель
grojyk	поркупин	noun	default		standard	поркупин
groløg	метатеза	noun	default		standard	метатеза
grom	гром	noun	default		standard	гром
gromina	очень громкий звук	noun	default		standard	очень громкий звук|крайне громкий звук|сильно громкий звук|чрезвычайно громкий звук
gromul	громкоговоритель уличный	noun	default		standard	громкоговоритель уличный
grotuf	подрамник	noun	default		standard	подрамник
grub	грубый (прилагательное)	adjective	heuristic		standard	грубый
grubfo	грубая форма	adjective	heuristic		standard	грубая форма
grud	грудь	noun	default		standard	грудь|груди|грудная клетка
grumæn	провод	noun	default	ycil	standard	провод
grundo	грунтовая дорога	adjective	heuristic		standard	грунтовая дорога|грунтовая путь|грунтовая трасса
grunt	почва	noun	default	potśv	standard	почва
gruppe	группетто	noun	default		standard	группетто
grusvy	грусть выражение словесная	verb	heuristic		standard	грусть выражение словесная|грусть лексема словесная|грусть слово словесная
gruvæm	генетта	noun	default		standard	генетта
gruzil	грузило	noun	default	zøg	standard	грузило
gruzov	грузовик	noun	default	ydəz	standard	грузовик
gruś	груша	noun	default		standard	груша
gruźor	брать	verb	heuristic	bra	standard	брать|взять|забирать|получать
græbə	кряжистый	adjective	heuristic		standard	кряжистый
græra	тесселяция (покрытие фигурами без зазоров)	noun	default		standard	тесселяция (покрытие фигурами без зазоров
grøśa	шиномонтаж	noun	default	śinomo	standard	шиномонтаж
grəjaze	грязевик	noun	default		standard	грязевик
grəry	шатун	noun	default		standard	шатун
guakam	гуакамоле	noun	default		standard	гуакамоле
guaś	гуашь	noun	default		standard	гуашь
gub	бюро кредитных историй	noun	default		standard	бюро кредитных историй
gubern	губернатор	noun	default		standard	губернатор
gubim	делить на части	verb	explicit		standard	делить на части
gubkdo	губка для доски	noun	default		standard	губка для доски
gubkku	губка кухонная	noun	default		standard	губка кухонная
gudas	игра слов	noun	default		standard	игра слов|игрище слов
gudzyk	пуговица	noun	default	gaz	standard	пуговица
gug	такелаж	noun	default		standard	такелаж
guhat	яблочный спас	adjective	heuristic		standard	яблочный спас
guhi	пилея	noun	default		standard	пилея
guj	барбершоп мужской	noun	default		standard	барбершоп мужской
gukdo	критиковать	verb	explicit		standard	критиковать
gukəd	кабелерез	noun	default		standard	кабелерез
gul	государственная награда высшая	adjective	heuristic		standard	государственная награда высшая
gulej	противогаз	noun	default		standard	противогаз
gultol	гул толпы	noun	default		standard	гул толпы
gum	претендент	noun	default		standard	претендент
gumako	гуманитарный коридор	adjective	heuristic		standard	гуманитарный коридор
gumn	гумно	noun	default		standard	гумно
gumun	жираф	noun	default	źiraf	standard	жираф
gun	крыло мельничное	noun	default		standard	крыло мельничное
gupco	ядерное оружие	adjective	heuristic		standard	ядерное оружие|ядерное вооружение|ядерное ствол
guraz	похвала искренняя	noun	default		standard	похвала искренняя
guryc	хвост	noun	default		standard	хвост
gurəd	осанка	noun	default		standard	осанка
gus	чокаться стаканами	verb	heuristic		standard	чокаться стаканами
guseh	квартал	noun	default		standard	квартал
gusiv	себя	noun	default	sebja	standard	себя
guslar	гусляр	noun	default		standard	гусляр
gusli	гусли	noun	default		standard	гусли
gusoz	сварливый	adjective	heuristic		standard	сварливый
gustku	густой кустарник	adjective	heuristic		standard	густой кустарник
gutir	смерч воздушный	noun	default		standard	смерч воздушный
guvut	конь	noun	default		standard	конь
guz	комар	noun	default		standard	комар
guzfi	климатический пояс	adjective	heuristic		standard	климатический пояс
guzof	корм для собак	noun	default		standard	корм для собак
guź	нефтяная скважина	adjective	heuristic		standard	нефтяная скважина
guźaź	армия	noun	default		standard	армия
guźop	фазовращатель	noun	default		standard	фазовращатель
gvarzn	гвардейский значок	adjective	heuristic		standard	гвардейский значок
gvozdo	гвоздодёр	noun	default		standard	гвоздодер
gvozko	гвоздь кованый	noun	default		standard	гвоздь кованый
gybad	диплом об образовании	noun	default		standard	диплом об образовании
gyfźu	похороны	noun	default		standard	похороны
gyg	прямодушие	adjective	heuristic		standard	прямодушие
gygig	прямая линия	adjective	heuristic		standard	прямая линия
gyjap	живой	adjective	heuristic		standard	живой
gyjyc	громкий	adjective	heuristic		standard	громкий
gyjəm	государственный служащий	adjective	heuristic		standard	государственный служащий
gyk	домашняя перегонка	adjective	heuristic		standard	домашняя перегонка
gyl	унитарное государство	adjective	heuristic		standard	унитарное государство|унитарное держава|унитарное страна
gylhe	пена для бритья	noun	default		standard	пена для бритья
gymar	дегидратор	noun	default		standard	дегидратор
gyr	ремонт обуви	noun	default		standard	ремонт обуви
gyrob	волоконно-оптическая линия	adjective	heuristic		standard	волоконно-оптическая линия
gys	чужак	noun	default		standard	чужак
gysda	жгут кровоостанавливающий	noun	default		standard	жгут кровоостанавливающий
gytyp	обманная сделка	adjective	heuristic		standard	обманная сделка
gyz	крестный ход	adjective	heuristic		standard	крестный ход
gyś	заклинание проклятия	adjective	heuristic		standard	заклинание проклятия
gyśyź	антоним	noun	default		standard	антоним
gyźpo	утренняя молитва	adjective	heuristic		standard	утренняя молитва
gæbjæ	почтальон электронный уведомление	noun	default		standard	почтальон электронный уведомление
gæchy	гадание на картах	adjective	heuristic		standard	гадание на картах
gæd	тигель	noun	default		standard	тигель
gædol	квадрат геометрический	noun	default		standard	квадрат геометрический
gædæs	усач (жук)	noun	default		standard	усач (жук
gæfos	фальцгебель	noun	default		standard	фальцгебель
gæg	думать	verb	heuristic		standard	думать
gægu	миоглобин	noun	default		standard	миоглобин
gæj	челюсть	verb	heuristic		standard	челюсть
gæmiś	подземелье пыток	noun	default		standard	подземелье пыток
gæn	руда	noun	default		standard	руда
gænag	дирижёр	noun	default		standard	дирижер
gæpuz	конфета	noun	default	pilyf	standard	конфета
gæses	стилет	noun	default		standard	стилет
gæsəm	искать	verb	heuristic		standard	искать|подыскивать|разыскивать
gæsəv	рабочая неделя	adjective	heuristic		standard	рабочая неделя|рабочая семидневка
gæti	закалывать кабана	verb	heuristic		standard	закалывать кабана
gætto	предварительное содержание	adjective	heuristic		standard	предварительное содержание
gævol	ржанка	noun	default		standard	ржанка
gæzin	сосредотачиваться	verb	explicit		standard	сосредотачиваться
gæś	хранитель казны	noun	default		standard	хранитель казны
gæśtə	провидец	noun	default		standard	провидец
gæźtə	изгнанник	noun	default		standard	изгнанник
gøbhø	ледяная пещера	adjective	heuristic		standard	ледяная пещера
gøc	порабощать	verb	explicit		standard	порабощать
gød	поглощать свет	verb	explicit		standard	поглощать свет|поглощать освещение|поглощать сияние
gødøk	гак (судовой крюк)	noun	default		standard	гак (судовой крюк
gøhda	порок высокомерия	noun	default		standard	порок высокомерия
gøj	мостки через ручей	noun	default		standard	мостки через ручей
gøk	икра ноги	noun	default		standard	икра ноги
gøl	вспоминать	verb	explicit		standard	вспоминать|держать в памяти|помнить
gølju	зимнее хранение	adjective	heuristic		standard	зимнее хранение
gølnə	игуана	noun	default		standard	игуана
gøma	винокур деревенский	noun	default		standard	винокур деревенский
gømoś	день независимости	noun	default		standard	день независимости|дневное время независимости|сутки независимости
gønec	печень человеческая	noun	default		standard	печень человеческая
gønəj	переглядываться	verb	explicit		standard	переглядываться
gøpas	терраса открытая	noun	default		standard	терраса открытая|терраса доступная|терраса незакрытая
gøpat	правда	noun	default	pravd	standard	правда
gørme	грохот боя	noun	default		standard	грохот боя
gøræg	морковь	noun	default		standard	морковь
gøræm	гибкий	adjective	heuristic	gibk	standard	гибкий
gøs	чистый	adjective	heuristic		standard	чистый|незагрязненный|опрятный
gøsre	поле боя	noun	default		standard	поле боя
gøtad	царство	noun	default		standard	царство
gøtol	дезинфекция	noun	default		standard	дезинфекция
gøv	нота протеста	noun	default		standard	нота протеста
gøzku	меховая фабрика	adjective	heuristic		standard	меховая фабрика|меховая завод|меховая предприятие
gøzro	сортировка мусора	noun	default		standard	сортировка мусора
gøzøb	совет ремесленников	noun	default		standard	совет ремесленников
gøśe	афереза	noun	default		standard	афереза
gøśfu	отравленный клинок	adjective	heuristic		standard	отравленный клинок
gøśho	бедро	noun	default		standard	бедро
gøśip	дивиденд	noun	default		standard	дивиденд
gøśrø	провозглашение республики	adjective	heuristic		standard	провозглашение республики
gźelpo	гжельская посуда	adjective	heuristic		standard	гжельская посуда
gə	несмотря на (предлог)	noun	default		standard	несмотря на
gəb	великое бедствие	adjective	heuristic		standard	великое бедствие
gəcsa	ряска	noun	default		standard	ряска
gəcəb	фигурное катание	adjective	heuristic		standard	фигурное катание
gəd	свадебный пир деревенский	adjective	heuristic		standard	свадебный пир деревенский
gəf	ущелье	noun	default		standard	ущелье
gəfaź	окулист	noun	default		standard	окулист
gəg	коммутатор телефонный	noun	default		standard	коммутатор телефонный
gəjeb	бородок (слесарный пробойник)	noun	default		standard	бородок (слесарный пробойник
gəjgæ	карта туристическая города	noun	default		standard	карта туристическая города
gəjmæ	фальшивый груз	adjective	heuristic		standard	фальшивый груз|ложный груз|ненастоящий груз
gəjze	кок корабельный	noun	default		standard	кок корабельный
gəjə	чесночная приправа	adjective	heuristic		standard	чесночная приправа
gəjəp	гидрид (соединение водорода с другим элементом)	noun	default		standard	гидрид (соединение водорода с другим элементом
gəp	напёрсток	noun	default		standard	наперсток
gər	плести	verb	heuristic		standard	плести
gəraś	новый год по звёздам	adjective	heuristic		standard	новый год по звездам|недавний год по звездам|новый годичный период по звездам|новый лет по звездам|свежий год по звездам
gət	пионерский лагерь	adjective	heuristic		standard	пионерский лагерь
gətdu	морской узел	adjective	heuristic		standard	морской узел
gətno	морской шторм ужасный	adjective	heuristic		standard	морской шторм ужасный
gətæm	сторожевая будка	adjective	heuristic		standard	сторожевая будка
gətøt	портик	noun	default		standard	портик
gəśyr	освобождённый	adjective	heuristic		standard	освобожденный
gəźe	бархан	noun	default	barhan	standard	бархан
habam	гарнитура (семейство шрифтов)	noun	default		standard	гарнитура (семейство шрифтов
habev	инстинкт	noun	default	instin	standard	инстинкт
habźo	нить льняная	verb	heuristic		standard	нить льняная
habəl	принц	noun	default		standard	принц
hac	каменистая местность	adjective	heuristic		standard	каменистая местность
haccə	небо чистое	noun	default		standard	небо чистое|небеса чистое|небо незагрязненное|небо опрятное|небосвод чистое
hacrə	этикет застольный	noun	default		standard	этикет застольный
had	думать	verb	heuristic	gæg	standard	думать
hadeś	перевод устный	noun	default		standard	перевод устный
hadte	контрабанда товара	noun	default		standard	контрабанда товара
haf	похищение технологии	adjective	heuristic		standard	похищение технологии
hag	война	noun	default		standard	война|вооруженный конфликт|конфликт
hahoś	калитка	noun	default		standard	калитка
hajbo	круговая порука	adjective	heuristic		standard	круговая порука
hajøh	тушёное овощное	adjective	heuristic		standard	тушеное овощное
hakək	оборотень	noun	default	oborot	standard	оборотень
hal	четверть часа	verb	heuristic		standard	четверть часа
haljav	поляна	noun	default	køzbø	standard	поляна
haljavśtśik	халявщик	noun	default		colloquial	халявщик
halumi	халуми	noun	default		standard	халуми
haləf	охрана труда	noun	default		standard	охрана труда
ham	однопартийная система	adjective	heuristic		standard	однопартийная система|однопартийная структура|однопартийная устройство
hamane	кошелек	noun	default	kośelj	standard	кошелек
hamele	хамелеон	noun	default	gac	standard	хамелеон
hamnø	легендарное чудовище	adjective	heuristic		standard	легендарное чудовище
hamøt	пьяный смех	adjective	heuristic		standard	пьяный смех
hanaś	царапать	verb	explicit		standard	царапать
hanøk	пытаться	verb	explicit		standard	пытаться
haos	хаос	noun	default	lək	standard	хаос
hap	отсюда	noun	default		standard	отсюда
hapuh	испытательный полигон	adjective	heuristic		standard	испытательный полигон
harad	телетрансляция	noun	default	sok	standard	телетрансляция
harbuz	тыква	noun	default	tykv	standard	тыква
hard	твёрдый	adjective	heuristic		standard	твердый|жесткий
hardan	хардангер	noun	default		standard	хардангер
hare	харэ, хватит	noun	default		colloquial	харэ|хватит
hariss	харисса	noun	default		standard	харисса
harjat	горячий	adjective	heuristic	læv	standard	горячий|жаркий|раскаленный
harn	красивый	adjective	heuristic	zæzab	standard	красивый
hartəś	харчеваться	verb	heuristic		standard	харчеваться
has	прививочный иммунитет	adjective	heuristic		standard	прививочный иммунитет
hasnu	гаснуть	verb	heuristic	məs	standard	гаснуть
hasən	эпидемия	noun	default		standard	эпидемия
hat	серьги височные	noun	default		standard	серьги височные
hata	небольшой сельский дом	adjective	heuristic		standard	небольшой сельский дом|маленький сельский дом|малый сельский дом|мелкий сельский дом|небольшой сельский жилище|небольшой сельский жилье|небольшой сельский обиталище
hatag	везде	noun	default	vezd	standard	везде
hatot	согласие выражение	adjective	heuristic		standard	согласие выражение|согласие лексема|согласие слово
hatsu	хижина	noun	default		standard	хижина
hatu	кайра	noun	default		standard	кайра
hatyg	призывной пункт	adjective	heuristic		standard	призывной пункт
haśak	тальк	noun	default		standard	тальк
haśgu	диалог	noun	default		standard	диалог
haśop	велосипедная дорожка	adjective	heuristic		standard	велосипедная дорожка
haśuź	телевизионная антенна крыши	adjective	heuristic		standard	телевизионная антенна крыши
hebon	фторид	noun	default		standard	фторид
hebæf	такт в общении	noun	default		standard	такт в общении
hec	часовой	adjective	heuristic		standard	часовой
hed	грушевое дерево	adjective	heuristic		standard	грушевое дерево
hedda	реабилитация	noun	default		standard	реабилитация
hedo	периастр	noun	default		standard	периастр
hedto	карстовая пещера	adjective	heuristic		standard	карстовая пещера
hedźir	хеджирование	adjective	heuristic		standard	хеджирование
hefol	лосьон	noun	default	loson	standard	лосьон
hegan	акватинта	noun	default		standard	акватинта
hegon	омоним	noun	default	omonim	standard	омоним
hegø	дикий хряк	adjective	heuristic		standard	дикий хряк
heh	трюм	noun	default		standard	трюм
hehy	заструга	noun	default		standard	заструга
hehæf	биде	noun	default	bide	standard	биде
hejma	красный флаг	adjective	heuristic		standard	красный флаг
hejzo	главный судья	adjective	heuristic		standard	главный судья|ведущий судья|ключевой судья|основной судья
hejæj	гляциолог	noun	default		standard	гляциолог
helbi	астроном	noun	default		standard	астроном
heluk	вероятно	noun	default	veroja	standard	вероятно (вводное слово|вероятно|вероятно (вводное выражение|вероятно (вводное лексема
helæv	созвездие весов	adjective	heuristic		standard	созвездие весов
hem	сбивать с ног	verb	heuristic		standard	сбивать с ног
hemgu	дизайн интерьера	noun	default		standard	дизайн интерьера
hemilj	хемилюминесценция	noun	default		standard	хемилюминесценция
hemøf	чадящий дым	adjective	heuristic		standard	чадящий дым
heneś	современный (прилагательное)	adjective	heuristic		standard	современный
henome	хеномелес	noun	default		standard	хеномелес
henæk	слеминг	noun	default		standard	слеминг
hepa	обомлеть	verb	heuristic		standard	обомлеть
hepyd	лось	noun	default	los	standard	лось
hera	пултрузия	noun	default		standard	пултрузия
hes	повиноваться	verb	explicit		standard	повиноваться
hesnæ	геологическая карта	adjective	heuristic		standard	геологическая карта
hetra	убеждать	verb	explicit		standard	убеждать
hezym	открытость характера	verb	heuristic		standard	открытость характера
heśju	мыс	noun	default		standard	мыс
heźar	прозрачный	adjective	heuristic	prozra	standard	прозрачный
hiatus	хиатус	noun	default		standard	хиатус
hibap	потенциометр	noun	default		standard	потенциометр
hibog	доказывать	verb	explicit		standard	доказывать
hibyn	заливное	adjective	heuristic		standard	заливное
hidśi	отдых	noun	default		standard	отдых
higbə	запрет выражение	noun	default		standard	запрет выражение|бан выражение|блокировка выражение|запрет лексема|запрет слово
hihom	гессиан	noun	default		standard	гессиан
hij	якорный завод	adjective	heuristic		standard	якорный завод|якорный предприятие|якорный фабрика
hikyź	суеверие	adjective	heuristic	suever	standard	суеверие
hil	хилый (прилагательное)	adjective	heuristic		standard	хилый
hilk	ветвь	noun	default	kukfə	standard	ветвь
hiløf	колокольчик поддужный	noun	default		standard	колокольчик поддужный
himfo	леска	noun	default		standard	леска
himtəśi	химчистка	noun	default	sapøz	standard	химчистка
hip	плодородная почва	adjective	heuristic		standard	плодородная почва|плодородная грунт|плодородная земля
hir	живопись	noun	default		standard	живопись
hirurg	хирург	noun	default		standard	хирург
his	связывать	verb	explicit		standard	связывать
hisəź	испарение вещества	adjective	heuristic		standard	испарение вещества
hit	что вопросительное	pronoun	rule		standard	что вопросительное|какая вещь вопросительное|какой предмет вопросительное
hiti	хитин	noun	default		standard	хитин
hitrjuga	хитрюга	noun	default		colloquial	хитрюга
hiv	розетка	noun	default		standard	розетка
hivo	пустой	adjective	heuristic	pust	standard	пустой|незаполненный|порожний
hizag	параллельные линии	adjective	heuristic		standard	параллельные линии
hiśez	лилия	noun	default	kaled	standard	лилия
hiź	заканчивать	verb	explicit		standard	заканчивать|завершать|кончать
hiźub	паспортный контроль	adjective	heuristic		standard	паспортный контроль
hlatæ	последний тост	adjective	heuristic		standard	последний тост|крайний тост|финальный тост
hlebni	хлебница	noun	default		standard	хлебница
hlebpe	хлебопёк у печи	noun	default		standard	хлебопек у печи
hletśy	кувшин	noun	default	źərzø	standard	кувшин
hlev	хлев	noun	default		standard	хлев
hlevse	хлев сельский	noun	default		standard	хлев сельский
hlib	хлеб	noun	default	hæźśø	standard	хлеб|булка|хлебный продукт
hlibor	земледелец	noun	default	vak	standard	земледелец
hlopok	хлопок	noun	default	śəm	standard	хлопок
hlopza	хлопкоочистительный завод	adjective	heuristic		standard	хлопкоочистительный завод|хлопкоочистительный предприятие|хлопкоочистительный фабрика
hm	хм	noun	default		colloquial	хм
hmar	облако	noun	default	oblak	standard	облако
hmeldo	хмельной напиток домашний	adjective	heuristic		standard	хмельной напиток домашний|хмельной питье домашний
hmyr	хмырь, неприятный человек	noun	default		colloquial	неприятный человек|хмырь|неприятный индивид|неприятный личность|неприятный персона
hniv	гнев	noun	default	defźi	standard	гнев
hoba	резерв	noun	default	rezer	standard	резерв
hobbfo	хобби фотография	noun	default		standard	хобби фотография
hobbri	хобби рисование	noun	default		standard	хобби рисование
hobbsa	хобби садоводство	noun	default		standard	хобби садоводство
hobjø	близкий	adjective	heuristic		standard	близкий|недалекий|рядом
hoc	стенгазета отрядная	noun	default		standard	стенгазета отрядная
hod	ягода	noun	default		standard	ягода
hoda	ходить	verb	heuristic		standard	ходить
hodata	ходатайство	noun	default		standard	ходатайство
hodulo	ходулочник	noun	default		standard	ходулочник
hodus	навязчивая мысль	adjective	heuristic		standard	навязчивая мысль|навязчивая замысел|навязчивая идея
hody	час	noun	default	tudəź	standard	час|час времени
hof	агитационная бригада	adjective	heuristic		standard	агитационная бригада
hogfa	время странствий	noun	default		standard	время странствий|период странствий|срок странствий
hogit	бог	noun	default		standard	бог
hohot	хохот	noun	default		standard	хохот
hojzæ	жилая зона	adjective	heuristic		standard	жилая зона
hok	надгробие	adjective	heuristic		standard	надгробие
hokkej	хоккей	noun	default		standard	хоккей
holen	холеный	adjective	heuristic		standard	холеный
holk	игла	noun	default	igla	standard	игла
holoby	холодильник бытовой	noun	default		standard	холодильник бытовой
holod	голодный	adjective	heuristic	furcə	standard	голодный
holode	холодец	noun	default		standard	холодец
holodn	холодный	adjective	heuristic	sekme	standard	холодный|прохладный|студеный
holoni	холоним	noun	default		standard	холоним
holop	холоп	noun	default		standard	холоп
holora	холод равнодушия	noun	default		standard	холод равнодушия
holos	голос	noun	default	śem	standard	голос
holovo	холодная война	adjective	heuristic		standard	холодная война|прохладная война|студеная война|холодная вооруженный конфликт|холодная конфликт
holst	холст	noun	default		standard	холст
hom	дозорная вышка	adjective	heuristic		standard	дозорная вышка
homam	конфедерация	noun	default		standard	конфедерация
homeg	продавец	noun	default	prodav	standard	продавец
homilk	голень	noun	default	golen	standard	голень
homlə	лыжная база	adjective	heuristic		standard	лыжная база
homura	хомут расписной	noun	default		standard	хомут расписной
homut	хомут	noun	default		standard	хомут
hon	самозванство	pronoun	rule		standard	самозванство
hond	хондробласт	noun	default		standard	хондробласт
hondər	хондра	noun	default		standard	хондра
hondəro	хондроцит	noun	default		standard	хондроцит
honing	хонингование	adjective	heuristic		standard	хонингование
honosəb	он	noun	default		standard	он
hontəś	гончар	noun	default	gontśa	standard	гончар
hopøp	имприматура	noun	default		standard	имприматура
hordis	гордость	verb	heuristic	ebej	standard	гордость
hori	орех	noun	default	oreh	standard	орех
hornəja	чашка	noun	default	nød	standard	чашка
horoko	хоровой коллектив	adjective	heuristic		standard	хоровой коллектив
horona	хоровод народный дубль	noun	default		standard	хоровод народный дубль
horovo	хоровод	noun	default	źorum	standard	хоровод
horus	хорус	noun	default		standard	хорус
hos	запрещено (модальное выражение)	noun	default		standard	запрещено (модальное выражение|запрещено (модальное лексема|запрещено (модальное слово
hospo	хозяйка	noun	default	hozaj	standard	хозяйка
hospod	хозяин	noun	default	źynśu	standard	хозяин
hostin	хостинг	noun	default		standard	хостинг
hostər	острый	adjective	heuristic	nəj	standard	острый
hot	прокуратура	noun	default		standard	прокуратура
hota	хотеть	verb	heuristic		standard	хотеть
hotan	ретранслятор сигнала	noun	default		standard	ретранслятор сигнала
hotjso	хотя союз	noun	default		standard	хотя союз
hotu	экзон	noun	default		standard	экзон
hovø	аллегро	noun	default		standard	аллегро
hozaj	хозяйка	noun	default		standard	хозяйка
hozjma	хозяйственный магазин	adjective	heuristic		standard	хозяйственный магазин|хозяйственный лавка|хозяйственный торговая точка
hośoh	ловить	verb	heuristic	lov	standard	ловить
hoź	осень	noun	default		standard	осень
hramso	храмовый совет	adjective	heuristic		standard	храмовый совет
hranbr	хранитель брода	noun	default		standard	хранитель брода
hranenie	хранение	adjective	heuristic		standard	хранение
hranis	хранитель источника	noun	default		standard	хранитель источника
hranle	хранитель леса	noun	default		standard	хранитель леса
hranmo	хранитель моста	noun	default		standard	хранитель моста
hranog	хранитель огня	noun	default		standard	хранитель огня
hranvr	хранитель врат	noun	default		standard	хранитель врат
hre	на хрена (вопрос грубый)	noun	default		colloquial	на хрена (вопрос грубый
hrem	умываться	verb	heuristic		standard	умываться
hremem	умойся	noun	default		standard	умойся
hren	хрен (эвфемизм грубый)	noun	default		colloquial	хрен (эвфемизм грубый
hrenov	хренов (усилительное грубое)	noun	default		colloquial	хренов (усилительное грубое
hrenst	хрен столовый	noun	default		standard	хрен столовый
hrente	хрен тебе (отказ грубый)	noun	default		colloquial	хрен тебе (отказ грубый
hreny	до хрена (много - грубо)	noun	default		colloquial	до хрена (много - грубо
hresto	хрестоматия	noun	default		standard	хрестоматия
hripot	хрипота	noun	default		standard	хрипота
hrizop	хризопраз	noun	default		standard	хризопраз
hrjak	хряк	noun	default		standard	хряк
hrjukt	хрюкать	verb	heuristic		standard	хрюкать
hromak	хромакей	noun	default		standard	хромакей
hromit	хромит	noun	default		standard	хромит
hronom	хронометр	noun	default	roźəl	standard	хронометр
hronza	хроническое заболевание	adjective	heuristic		standard	хроническое заболевание
hrośi	деньги	noun	default	deng	standard	деньги|средства|финансы
hrusta	хрусталик	noun	default		standard	хрусталик
hrusva	хрустальная ваза	adjective	heuristic		standard	хрустальная ваза
hryb	гриб	noun	default	pah	standard	гриб
hub	дорожный мастер	adjective	heuristic		standard	дорожный мастер
hubræ	марионеточное правительство	adjective	heuristic		standard	марионеточное правительство|марионеточное власти|марионеточное кабинет
huciz	обеденный стол раскладной	adjective	heuristic		standard	обеденный стол раскладной
hud	лауреат премии	noun	default		standard	лауреат премии
hudej	небосвод	noun	default		standard	небосвод
hudtel	худой телом (прилагательное)	adjective	heuristic		standard	худой телом
hudyt	подсчёт голосов	noun	default		standard	подсчет голосов
huevina	хуёвина (мат, неопределённая вещь)	noun	default		colloquial	неопределенная вещь|хуевина (мат|неопределенная объект|неопределенная предмет|неопределенная штука
huevyj	хуёвый (мат, плохой)	adjective	heuristic		colloquial	плохой|хуевый (мат|некачественный|скверный
hugæp	изотоп	noun	default		standard	изотоп
huh	грабли	noun	default		standard	грабли
huita	хуета (мат, нечто плохое или бессмысленное)	noun	default		colloquial	бессмысленное|нечто плохое|хуета (мат|нечто дурное|нечто злое|нечто недоброе|нечто некачественное|нечто скверное
huj	Хуй (мат)	noun	default		colloquial	хуй|пенис|половой член|член
huja	градиент	noun	default		standard	градиент
hujnja	хуйня (мат, ерунда или плохая вещь)	noun	default		colloquial	ерунда|плохая вещь|хуйня (мат|дурная вещь|злая вещь|недобрая вещь|некачественная вещь|плохая объект|плохая предмет|плохая штука|скверная вещь
hujtam	хуй там (мат, резкое отрицание)	noun	default		colloquial	резкое отрицание|хуй там (мат|пенис там (мат|половой член там (мат|член там (мат
hulnu	друг друга	noun	default		standard	друг друга|приятель друга|товарищ друга
hulu	кваква	noun	default		standard	кваква
hum	благоприятный знак	adjective	heuristic		standard	благоприятный знак
hunt	хунта	noun	default		standard	хунта
hunvi	уворачиваться от броска	verb	heuristic		standard	уворачиваться от броска
hur	ясли для скота	noun	default		standard	ясли для скота
hurət	трог	noun	default		standard	трог
husdo	вводное слово	adjective	heuristic		standard	вводное слово|вводное выражение|вводное лексема
husu	разделять	verb	heuristic	razdel	standard	разделять
husug	сантехник	noun	default		standard	сантехник
hutav	воспоминание светлое	adjective	heuristic		standard	воспоминание светлое
huva	ветровал	noun	default		standard	ветровал
huvog	театральная афиша	adjective	heuristic		standard	театральная афиша
huvøf	острога	noun	default		standard	острога
huś	муравей	noun	default		standard	муравей
huśræ	светец лучинный	noun	default		standard	светец лучинный
huśən	кусать	verb	explicit		standard	кусать
huźnø	разделочная доска	adjective	heuristic		standard	разделочная доска
hval	хвалить	verb	explicit		standard	хвалить
hvastun	хвастун	noun	default		colloquial	хвастун
hvatbo	хвататься за бок	verb	heuristic		standard	хвататься за бок
hvatno	хватать за ногу	verb	heuristic		standard	хватать за ногу
hvatza	хватать за задние ноги	verb	heuristic		standard	хватать за задние ноги
hvirtək	калитка	noun	default	hahoś	standard	калитка
hvojle	хвойный лес	adjective	heuristic		standard	хвойный лес|хвойный лесной массив|хвойный чаща
hvorob	болезнь	noun	default	lun	standard	болезнь
hvyl	волна	noun	default	tog	standard	волна
hvyly	минута	noun	default	minut	standard	минута|минутка
hybma	весовая платформа	adjective	heuristic		standard	весовая платформа
hyd	повторное голосование	adjective	heuristic		standard	повторное голосование
hyf	держать	verb	heuristic		standard	держать|удерживать|хранить в руках
hyjej	мелодия	noun	default		standard	мелодия
hynə	сизигия	noun	default		standard	сизигия
hyrir	утраченное знание	adjective	heuristic		standard	утраченное знание|утраченное информация|утраченное сведение
hyryb	свояк	noun	default		standard	свояк
hyryh	отлив	noun	default		standard	отлив
hyt	конечно (вводное слово)	noun	default		standard	конечно (вводное слово|конечно (вводное выражение|конечно (вводное лексема
hytris	хитрость	verb	heuristic	epøm	standard	хитрость
hytæk	тарантелла	noun	default		standard	тарантелла
hz	хз, не знаю	noun	default		colloquial	не знаю|хз
hæchə	пони	noun	default		standard	пони
hæcvø	свинина тушеная	noun	default		standard	свинина тушеная
hædeś	диверсионная группа	adjective	heuristic		standard	диверсионная группа
hæfic	увеличиваться	verb	explicit		standard	увеличиваться
hæfu	формула	noun	default	formul	standard	формула
hæg	коронация	noun	default		standard	коронация
hægte	каникулы летние	noun	default		standard	каникулы летние
hæguc	простодушный (прилагательное)	adjective	heuristic		standard	простодушный
hæhtø	сестра	noun	default		standard	сестра
hæj	ложка чайная	noun	default		standard	ложка чайная
hæjij	свидетель	noun	default		standard	свидетель
hæk	пуговица металлическая	noun	default		standard	пуговица металлическая
hælgə	экстрадиция	noun	default		standard	экстрадиция
hælæg	эквалайзер	noun	default		standard	эквалайзер
hæm	перечислять	verb	explicit		standard	перечислять
hæn	иволга	noun	default		standard	иволга
hæntø	сельский почтальон	adjective	heuristic		standard	сельский почтальон
hæp	групповая сдача в плен	adjective	heuristic		standard	групповая сдача в плен
hæraś	толокнянка	noun	default		standard	толокнянка
hærde	энергия физическая	noun	default		standard	энергия физическая
hæsib	прилавок	noun	default		standard	прилавок
hætud	донесение	adjective	heuristic		standard	донесение
hævhə	штрафной удар	adjective	heuristic		standard	штрафной удар
hævru	осуждённый	adjective	heuristic		standard	осужденный
hævyg	дерево вековое	noun	default		standard	дерево вековое
hæś	щедрый (прилагательное)	adjective	heuristic		standard	щедрый
hæśəl	грамота	noun	default		standard	грамота
hæźer	лепёшка тонкая	noun	default		standard	лепешка тонкая
hæźśø	хлеб	noun	default		standard	хлеб|булка|хлебный продукт
høcem	условное наклонение	adjective	heuristic		standard	условное наклонение
høczi	учитель языка	noun	default		standard	учитель языка|педагог языка|преподаватель языка
høcśe	речной пират	adjective	heuristic		standard	речной пират
høcək	тень	noun	default		standard	тень
høf	яркий	adjective	heuristic		standard	яркий
høgdi	стыд	noun	default		standard	стыд
højøh	прыжок в высоту	noun	default		standard	прыжок в высоту
højə	ждать у калитки	verb	heuristic		standard	ждать у калитки|дожидаться у калитки|ожидать у калитки
høkiz	прикроватная тумбочка	adjective	heuristic		standard	прикроватная тумбочка
høko	карлинг	noun	default		standard	карлинг
høl	оазисный колодец	adjective	heuristic		standard	оазисный колодец
hølə	флексография	noun	default		standard	флексография
høm	морской вокзал	adjective	heuristic		standard	морской вокзал
hømøv	электрификация	noun	default		standard	электрификация
høpec	канарейка	noun	default		standard	канарейка
høs	вяленая рыба	adjective	heuristic		standard	вяленая рыба
høtit	конверсив	noun	default		standard	конверсив
høtse	колыбельная песня	adjective	heuristic		standard	колыбельная песня|колыбельная композиция|колыбельная трек
høtvu	корова	noun	default		standard	корова
høv	совершеннолетие	adjective	heuristic		standard	совершеннолетие
høzni	сладкий соус	adjective	heuristic		standard	сладкий соус
høzør	горн пионерский	noun	default		standard	горн пионерский
høś	дезертирство	noun	default		standard	дезертирство
həbuh	арест подозреваемого	noun	default		standard	арест подозреваемого
həden	биекция	noun	default		standard	биекция
həhźə	морской брокер	adjective	heuristic		standard	морской брокер
həj	марафон	noun	default		standard	марафон
həkag	усы	noun	default		standard	усы
həkvu	капитан дальнего плавания	noun	default		standard	капитан дальнего плавания
həkśu	подводная лодка	adjective	heuristic		standard	подводная лодка
həl	аптечный киоск	adjective	heuristic		standard	аптечный киоск
həlen	лестничная площадка	adjective	heuristic		standard	лестничная площадка
həmju	покрывало	noun	default		standard	покрывало
həmæz	торговля	noun	default		standard	торговля
həpyn	сеноед	noun	default		standard	сеноед
hərøś	плановая экономика	adjective	heuristic		standard	плановая экономика
hət	букет невесты	noun	default		standard	букет невесты
həv	гранки корректурные	noun	default		standard	гранки корректурные
həś	веко	noun	default		standard	веко
həźo	трейт	noun	default		standard	трейт
ibah	запах крови	noun	default		standard	запах крови
iban	мерцание звёзд	adjective	heuristic		standard	мерцание звезд
ibat	барабанщик войска	noun	default		standard	барабанщик войска
ibaś	наговор на воду	noun	default		standard	наговор на воду
ibih	горное чудовище	adjective	heuristic		standard	горное чудовище
ibuś	государственный переворот	adjective	heuristic		standard	государственный переворот
ibyr	кролиководство	noun	default		standard	кролиководство
ibyś	ярко-зелёный оттенок	adjective	heuristic		standard	ярко-зеленый оттенок
ic	над (предлог места)	noun	default		standard	над (предлог места
icoma	сбиваться с ритма	verb	heuristic		standard	сбиваться с ритма
icøp	архар	noun	default		standard	архар
icøź	стриж	noun	default		standard	стриж
idal	рана	noun	default		standard	рана
ideh	фарфоровая посуда	adjective	heuristic		standard	фарфоровая посуда
idih	сейсмолог	noun	default		standard	сейсмолог
idik	моток пряжи	noun	default		standard	моток пряжи
idiot	идиот (оскорбление)	noun	default		colloquial	идиот (оскорбление
idis	цикада	noun	default		standard	цикада
idol	идол	noun	default	repju	standard	идол
idolja	идол языческий	noun	default		standard	идол языческий
idəbo	мыть пол	verb	heuristic		standard	мыть пол
idən	вилы	noun	default		standard	вилы
idəv	ткань шёлковая	noun	default		standard	ткань шелковая
if	целиком (квантор)	noun	default		standard	целиком
ifaj	полуденное небо синее	adjective	heuristic		standard	полуденное небо синее|полуденное небеса синее|полуденное небосвод синее
ifip	колыбельная	adjective	heuristic		standard	колыбельная
ifyr	метеорологическая станция	adjective	heuristic		standard	метеорологическая станция
ifəd	встреча после разлуки	noun	default		standard	встреча после разлуки
ifət	сослагательное значение	adjective	heuristic		standard	сослагательное значение
igla	игла	noun	default		standard	игла
ignor	игнорировать	verb	heuristic	zək	standard	игнорировать
igok	геологоразведка	noun	default		standard	геологоразведка
igrumj	игрушка мягкая	noun	default		standard	игрушка мягкая
igruso	игрушечный солдатик	adjective	heuristic		standard	игрушечный солдатик
igul	молекулярная формула	adjective	heuristic		standard	молекулярная формула
igyc	бабушкина сказка вечерняя	noun	default		standard	бабушкина сказка вечерняя
ihab	деревенская банька	adjective	heuristic		standard	деревенская банька
iheś	завтра	noun	default		standard	завтра
ihis	хунта военная новая	noun	default		standard	хунта военная новая|хунта военная недавняя|хунта военная свежяя
ihod	читать	verb	heuristic		standard	читать|ознакомиться|прочитать
ihyd	застолье	noun	default		standard	застолье
ihøj	сапоги кирзовые	noun	default		standard	сапоги кирзовые
ihəd	красильня тканей	noun	default		standard	красильня тканей
ijem	приторный вкус	adjective	heuristic		standard	приторный вкус
ijih	свиной окорок	adjective	heuristic		standard	свиной окорок
ijop	маршрут пешего похода	noun	default		standard	маршрут пешего похода
ijul	июль	noun	default		standard	июль
ijun	июнь	noun	default	cacod	standard	июнь
ijøź	бумажная фабрика	adjective	heuristic		standard	бумажная фабрика|бумажная завод|бумажная предприятие
ikat	икать	verb	explicit		standard	икать
iket	абзац	noun	default		standard	абзац
ikeś	капуста цветная	noun	default		standard	капуста цветная
ikosae	икосаэдр	noun	default		standard	икосаэдр
ikot	икота	noun	default		standard	икота
ikæj	фотопринтер	noun	default		standard	фотопринтер
ikøli	снимать капкан	verb	heuristic		standard	снимать капкан
ikøn	медпункт заводской	noun	default		standard	медпункт заводской
il	большинство (квантор)	noun	default		standard	большинство
ilan	грузовой контейнер	adjective	heuristic		standard	грузовой контейнер
ilaź	королева	noun	default		standard	королева
illjbu	иллюминированная буква	adjective	heuristic		standard	иллюминированная буква
ilmeni	ильменит	noun	default		standard	ильменит
iluz	сказитель	noun	default		standard	сказитель
iløt	табельщик	noun	default		standard	табельщик
im	иметь	verb	heuristic		standard	иметь
imba	имба, что-то чрезмерно сильное или хорошее	noun	default		colloquial	имба|хорошее|что-то чрезмерно сильное|что-то чрезмерно крепкее|что-то чрезмерно мощное
imej	пророк	noun	default		standard	пророк
imenin	именины	noun	default		standard	именины
imenpi	именинный пирог	adjective	heuristic		standard	именинный пирог
imid	имид	noun	default		standard	имид
imjana	имянаречение	adjective	heuristic		standard	имянаречение
imof	плуг	noun	default		standard	плуг
impast	импасто	noun	default		standard	импасто
impipr	импичмент президента	noun	default		standard	импичмент президента
impəloz	имплозив	noun	default		standard	имплозив
imun	отчим	noun	default		standard	отчим
imur	караванщик	noun	default		standard	караванщик
imus	сенат	noun	default		standard	сенат
imør	компост	noun	default		standard	компост
indeks	индексация	noun	default		standard	индексация
indjdo	индюк домашний	noun	default		standard	индюк домашний
indust	индустриализация	noun	default	ehyb	standard	индустриализация
inef	дорога	noun	default		standard	дорога
infeza	инфекционное заболевание	adjective	heuristic		standard	инфекционное заболевание
infoag	информационное агентство	adjective	heuristic		standard	информационное агентство
infovo	информационная война	adjective	heuristic		standard	информационная война|информационная вооруженный конфликт|информационная конфликт
infuzo	инфузомат	noun	default		standard	инфузомат
inij	иней	noun	default	źəjgə	standard	иней
iniź	бубенцы	noun	default		standard	бубенцы
inkaps	инкапсуляция	noun	default		standard	инкапсуляция
inkuba	инкубация (скрытый период инфекции)	noun	default		standard	инкубация (скрытый период инфекции|инкубация (скрытый время инфекции|инкубация (скрытый срок инфекции
inoś	ритм	noun	default		standard	ритм
inspry	инспектор рыбоохраны	noun	default		standard	инспектор рыбоохраны
instin	инстинкт	noun	default		standard	инстинкт
institut	институт	noun	default		standard	институт
instpa	инструктор парашютный	noun	default		standard	инструктор парашютный
insuli	инсулин	noun	default		standard	инсулин
intali	инталия	noun	default		standard	инталия
intema	интернет-магазин	noun	default		standard	интернет-магазин
inter	интерфейс (набор средств взаимодействия)	noun	default		standard	интерфейс (набор средств взаимодействия
interf	интерференция	noun	default		standard	интерференция
interk	интеркулер	noun	default		standard	интеркулер
interl	интерлок	noun	default		standard	интерлок
internet	интернет	noun	default		standard	интернет
interp	интерполяция	noun	default		standard	интерполяция
intore	интонация речи	noun	default		standard	интонация речи
intuba	интубация	noun	default		standard	интубация
intəruz	интрузия	noun	default		standard	интрузия
inuc	сомелье	noun	default		standard	сомелье
inup	аудиенция у короля	noun	default		standard	аудиенция у короля
invefo	инвестиционный фонд	adjective	heuristic		standard	инвестиционный фонд
inveno	инвентарный номер	adjective	heuristic		standard	инвентарный номер
invest	инвестор	noun	default		standard	инвестор
inæb	комментарий	adjective	heuristic		standard	комментарий
inźete	инженер-технолог	noun	default		standard	инженер-технолог
iodid	иодид	noun	default		standard	иодид
ipad	смотровая щель	adjective	heuristic		standard	смотровая щель
ipeś	подвешивать на крюк	verb	heuristic		standard	подвешивать на крюк
ipic	чердачная лестница	adjective	heuristic		standard	чердачная лестница
ipod	стандарт государственный	noun	default		standard	стандарт государственный
ipoh	угольная шахта	adjective	heuristic		standard	угольная шахта
ipon	небесный свод разноцветный	adjective	heuristic		standard	небесный свод разноцветный
ipyh	нефтепровод	noun	default		standard	нефтепровод
ipyl	желать	verb	heuristic		standard	желать
ipæf	суффикс уменьшительный	noun	default		standard	суффикс уменьшительный
ipæt	остров малый	noun	default		standard	остров малый|остров маленький|остров мелкий|остров небольшой|островок малый
ipøb	гусь	noun	default		standard	гусь
ipəs	ударение словесное	adjective	heuristic		standard	ударение словесное
irga	ирга	noun	default		standard	ирга
irizat	иризация	noun	default		standard	иризация
irok	командир дивизии	noun	default		standard	командир дивизии|военный начальник дивизии|офицер дивизии
irol	воинское облачение	adjective	heuristic		standard	воинское облачение
irrats	иррациональность	verb	heuristic		standard	иррациональность
irrede	ирредентизм	noun	default		standard	ирредентизм
iruh	грабли деревянные	noun	default		standard	грабли деревянные
iræt	империя	noun	default		standard	империя
irəf	договариваться	verb	explicit		standard	договариваться
irəj	камнепад	noun	default		standard	камнепад
irəl	поминовение	adjective	heuristic		standard	поминовение
is	у (предлог принадлежности)	noun	default		standard	у (предлог принадлежности
isif	ракетный двигатель	adjective	heuristic		standard	ракетный двигатель
iskosl	исконное слово	adjective	heuristic		standard	исконное слово|исконное выражение|исконное лексема
iskr	искра	noun	default		standard	искра
iskrbl	искренняя благодарность	adjective	heuristic		standard	искренняя благодарность
iskuvi	искупление вины	adjective	heuristic		standard	искупление вины
isslna	исследование научное	adjective	heuristic		standard	исследование научное
isteri	истерика	noun	default		standard	истерика
istets	истец	noun	default	pinop	standard	истец
istoem	истощение эмоциональное	adjective	heuristic		standard	истощение эмоциональное
istore	исток реки горный	noun	default		standard	исток реки горный
istoze	истощённая земля	adjective	heuristic		standard	истощенная земля|истощенная грунт|истощенная почва
istəreb	истребитель	noun	default	pyś	standard	истребитель
isuź	химический завод	adjective	heuristic		standard	химический завод|химический предприятие|химический фабрика
isyr	апелляционная инстанция	adjective	heuristic		standard	апелляционная инстанция
itag	шпион	noun	default		standard	шпион
itak	итак (вводное слово)	noun	default		standard	итак (вводное слово|итак (вводное выражение|итак (вводное лексема
itat	прикормка	noun	default		standard	прикормка
itep	предрассудок	noun	default		standard	предрассудок
iterat	итератор	noun	default		standard	итератор
itogpr	итоговый протокол переговоров	adjective	heuristic		standard	итоговый протокол переговоров
itøs	новый год праздник	adjective	heuristic		standard	новый год праздник|недавний год праздник|новый годичный период праздник|новый лет праздник|свежий год праздник
iva	ива	noun	default		standard	ива
ivek	закрепление на рубеже	adjective	heuristic		standard	закрепление на рубеже
ivog	музыкальная программа	adjective	heuristic		standard	музыкальная программа
ivolg	иволга	noun	default	hæn	standard	иволга
ivuf	вилка	noun	default		standard	вилка
iz	в частности (вводное слово)	noun	default		standard	в частности (вводное слово|в частности (вводное выражение|в частности (вводное лексема
izbiko	избирательная комиссия	adjective	heuristic		standard	избирательная комиссия
izd	издеваться	verb	explicit		standard	издеваться
izdado	издательский договор	adjective	heuristic		standard	издательский договор
izdate	издательство	noun	default	izdb	standard	издательство
izdb	издательство	noun	default		standard	издательство
izgnpo	изгнанный посол	adjective	heuristic		standard	изгнанный посол
izgnro	изгнание из рода	adjective	heuristic		standard	изгнание из рода
izgode	изгонитель демонов	noun	default		standard	изгонитель демонов
izidi	изидия	noun	default		standard	изидия
izip	роковая случайность	adjective	heuristic		standard	роковая случайность
iziv	подкормка растений	noun	default		standard	подкормка растений
izjana	изъявительное наклонение	adjective	heuristic		standard	изъявительное наклонение
izlutś	излучина	noun	default		standard	излучина
izmelt	измельчитель	noun	default		standard	измельчитель
izoba	изобарность	verb	heuristic		standard	изобарность
izobar	изобара	noun	default		standard	изобара
izogal	изогалина	noun	default		standard	изогалина
izogie	изогиета	noun	default		standard	изогиета
izogip	изогипса	noun	default		standard	изогипса
izohor	изохорность	verb	heuristic		standard	изохорность
izopik	изопикна	noun	default		standard	изопикна
izor	катализатор химический	noun	default		standard	катализатор химический
izospi	изоспин	noun	default		standard	изоспин
izoter	изотерма	noun	default		standard	изотерма
izotsi	изоцианат	noun	default		standard	изоцианат
izoś	пропагандистский плакат	adjective	heuristic		standard	пропагандистский плакат
izviis	извинение искреннее	adjective	heuristic		standard	извинение искреннее
izvin	извинение	adjective	heuristic		standard	извинение
izyn	кабан	noun	default		standard	кабан
izæn	повитуха деревенская	noun	default		standard	повитуха деревенская
izøk	опекун	noun	default		standard	опекун
izøp	лиса	noun	default		standard	лиса
izør	настольная игра	adjective	heuristic		standard	настольная игра|настольная игрище
izøt	корень числа	noun	default		standard	корень числа
izəc	самум пустынный	noun	default		standard	самум пустынный
iśas	мириться за рюмкой	verb	heuristic		standard	мириться за рюмкой
iśod	платье повседневное	noun	default		standard	платье повседневное
iśon	горшок	noun	default		standard	горшок
iśut	пропускной режим	adjective	heuristic		standard	пропускной режим
iśəm	передний	adjective	heuristic		standard	передний
iśəs	город	noun	default		standard	город
iźaj	голод	noun	default		standard	голод
iźep	дорожный сбор мостовой	adjective	heuristic		standard	дорожный сбор мостовой
iźoś	иней на окне	noun	default		standard	иней на окне
iźuj	контраргумент	noun	default		standard	контраргумент
iźæf	актиния	noun	default		standard	актиния
iźøs	заговор от испуга	noun	default		standard	заговор от испуга
iźøt	хобби рыбалка	noun	default		standard	хобби рыбалка
iźəś	лето	noun	default		standard	лето
jabeda	ябеда	noun	default		colloquial	ябеда
jabl	яблоко	noun	default		standard	яблоко
jabyg	терминал оплаты	noun	default		standard	терминал оплаты
jacic	стрельбище	noun	default		standard	стрельбище
jacən	плавка	noun	default		standard	плавка
jadoze	ядовитое зелье	adjective	heuristic		standard	ядовитое зелье
jadrze	ядро земли	noun	default		standard	ядро земли
jagole	ягода лесная	noun	default		standard	ягода лесная
jagona	ягодная настойка	adjective	heuristic		standard	ягодная настойка
jahal	разведданные оперативные	adjective	heuristic		standard	разведданные оперативные
jahnæ	желчный пузырь	adjective	heuristic		standard	желчный пузырь
jaho	ягода	noun	default	hod	standard	ягода
jaj	плитка кафельная	noun	default		standard	плитка кафельная
jajts	яйцо	noun	default		standard	яйцо
jak	подданство	noun	default		standard	подданство
jakdom	як домашний	noun	default		standard	як домашний
jakovo	яковод	noun	default		standard	яковод
jakśy	широкий	adjective	heuristic		standard	широкий|обширный|просторный
jakźø	нарушение перемирия	adjective	heuristic		standard	нарушение перемирия
jal	ипотека	noun	default		standard	ипотека
jamsst	ямская станция	adjective	heuristic		standard	ямская станция
jamyd	планировать	verb	explicit		standard	планировать
jan	братская могила	adjective	heuristic		standard	братская могила
janlæ	отказываться	verb	explicit		standard	отказываться
jantba	янтарь балтийский	noun	default		standard	янтарь балтийский
jap	нелепость	verb	heuristic		standard	нелепость
japgi	морской ёж	adjective	heuristic		standard	морской еж
japyk	жертвенный огонь	adjective	heuristic		standard	жертвенный огонь|жертвенный пламя|жертвенный пожар
jar	мягкий характером (прилагательное)	adjective	heuristic		standard	мягкий характером|нежесткий характером|податливый характером
jarmar	ярмарка	noun	default		standard	ярмарка
jarmba	ярмарочный балаган	adjective	heuristic		standard	ярмарочный балаган
jarmpl	ярмарочная площадь шумная	adjective	heuristic		standard	ярмарочная площадь шумная
jarəz	стадо дикое	noun	default		standard	стадо дикое
jasli	ясли	noun	default	vuzcy	standard	ясли
jasn	ясный	adjective	heuristic		standard	ясный
jasna	ясно, понятно	noun	default		colloquial	понятно|ясно
jasnost	ясность	verb	heuristic		standard	ясность
jasnot	яснотка	noun	default		standard	яснотка
jat	улитка ахатина	noun	default		standard	улитка ахатина
jatśme	ячмень	noun	default		standard	ячмень
jatśəmin	ячмень	noun	default	jatśme	standard	ячмень
javka	явка	noun	default		standard	явка
javkiz	явка избирателей	noun	default		standard	явка избирателей
javkpo	явка с повинной	noun	default		standard	явка с повинной
javkut	явка на участок	noun	default		standard	явка на участок
javnpr	явное предательство	adjective	heuristic		standard	явное предательство
jazyk	язык	noun	default	mælźi	standard	язык
jazytśn	языковой	adjective	heuristic		standard	языковой
jazźi	приятный (прилагательное)	adjective	heuristic		standard	приятный
jaś	тимуровская команда	adjective	heuristic		standard	тимуровская команда
jaźvo	пороховой погреб	adjective	heuristic		standard	пороховой погреб
jaźzo	частота радиосвязи	noun	default		standard	частота радиосвязи
jaźśu	копать	verb	heuristic		standard	копать
jeb	алебарда	noun	default		standard	алебарда
jebæn	жать	verb	heuristic		standard	жать
jecap	уничтожать	verb	explicit		standard	уничтожать
jeciz	эстафета	noun	default		standard	эстафета
jedan	запасы осаждённых	noun	default		standard	запасы осажденных
jehro	аннотация	noun	default		standard	аннотация
jekne	фронтальная атака	adjective	heuristic		standard	фронтальная атака
jekæk	небесный огонь	adjective	heuristic		standard	небесный огонь|небесный пламя|небесный пожар
jelbə	штурмовой отряд	adjective	heuristic		standard	штурмовой отряд
jeləz	предсказание затмения	adjective	heuristic		standard	предсказание затмения
jep	провиантский обоз	adjective	heuristic		standard	провиантский обоз
jerak	космодром	noun	default		standard	космодром
jes	единственный ребёнок	adjective	heuristic		standard	единственный ребенок|единственный дитя|единственный малыш
jetuv	оладьи с мёдом	noun	default		standard	оладьи с медом
jevzy	настольный теннис	adjective	heuristic		standard	настольный теннис
jezvæ	верстовой столб дорожный	adjective	heuristic		standard	верстовой столб дорожный
jic	влажность воздуха	verb	heuristic		standard	влажность воздуха
jid	наволочка	noun	default		standard	наволочка
jif	молодёжное движение	adjective	heuristic		standard	молодежное движение
jigær	хищная птица	adjective	heuristic		standard	хищная птица
jih	изобилие	adjective	heuristic		standard	изобилие
jiha	ехать	verb	heuristic	eh	standard	ехать|двигаться на транспорте|ездить
jilat	флейта	noun	default		standard	флейта
jinpy	обходить справа	verb	heuristic		standard	обходить справа|обходить правосторонний|обходить правый
jip	метрополия	noun	default		standard	метрополия
jiplæ	бленда объектива	noun	default		standard	бленда объектива
jir	трон	noun	default		standard	трон
jis	диспетчерский пункт энергосистемы	adjective	heuristic		standard	диспетчерский пункт энергосистемы
jisty	есть	verb	heuristic	əhud	standard	есть|кушать|принимать пищу
jitof	конспиративная встреча	adjective	heuristic		standard	конспиративная встреча
jitpo	колониальный склад	adjective	heuristic		standard	колониальный склад
jituz	смеситель для ванной	noun	default		standard	смеситель для ванной
jitæś	доска школьная	noun	default		standard	доска школьная
jiśen	пастушеский рожок сигнальный	adjective	heuristic		standard	пастушеский рожок сигнальный
jiśol	спор	noun	default		standard	спор
jiśøl	падежное значение творительное	adjective	heuristic		standard	падежное значение творительное
jkiźy	тыквенная семечка	adjective	heuristic		standard	тыквенная семечка
job	брюки	noun	default		standard	брюки
jocju	массажный кабинет	adjective	heuristic		standard	массажный кабинет|массажный власти|массажный правительство
jodud	стручок	noun	default		standard	стручок
jodzæ	свисток судейский	noun	default		standard	свисток судейский
jog	дубильня	noun	default		standard	дубильня
jogu	йогуртница	noun	default		standard	йогуртница
jogurt	йогурт	noun	default		standard	йогурт
johbæ	ухо	noun	default		standard	ухо
johfø	консультироваться	verb	explicit		standard	консультироваться
jojvø	деловая встреча	adjective	heuristic		standard	деловая встреча
jok	подпольный склад товара	adjective	heuristic		standard	подпольный склад товара
jokez	ребро	noun	default		standard	ребро
jokvø	дверь входная	noun	default		standard	дверь входная
jolkno	ёлка новогодняя	noun	default		standard	елка новогодняя
jolkpa	ёлки-палки (мягкое ругательство)	noun	default		colloquial	елки-палки (мягкое ругательство
jolkze	ёлки зелёные (досада мягкая)	noun	default		colloquial	елки зеленые (досада мягкая
jomjø	шоссе	noun	default		standard	шоссе
jomoj	цемент	noun	default		standard	цемент
jon	мелодия основная	noun	default		standard	мелодия основная|мелодия ведущяя|мелодия главная|мелодия ключевая
jopeb	свет	noun	default		standard	свет|освещение|сияние
jopete	ёперный театр (восклицание шутливое)	adjective	heuristic		colloquial	еперный театр (восклицание шутливое
jopna	коптить горячим дымом	verb	heuristic		standard	коптить горячим дымом|коптить жарким дымом|коптить раскаленным дымом
jotiź	тяпка	noun	default		standard	тяпка
jotəc	суд	noun	default		standard	суд
joz	ночной дозор	adjective	heuristic		standard	ночной дозор
jozoh	весовщик товара	noun	default		standard	весовщик товара
joź	ёж	noun	default		standard	еж
joźpæ	монополист	noun	default		standard	монополист
jubes	лицо	noun	default		standard	лицо|лик|морда
jubisv	юбилей свадьбы	noun	default		standard	юбилей свадьбы
jubka	юбка	noun	default		standard	юбка
jucav	аквариумная рыбка	adjective	heuristic		standard	аквариумная рыбка
jucdy	деревенская улица	adjective	heuristic		standard	деревенская улица|деревенская проезд|деревенская улица города
jucva	природная зона	adjective	heuristic		standard	природная зона
jucæc	хрупкий союз	adjective	heuristic		standard	хрупкий союз
jufoj	морозные узоры	adjective	heuristic		standard	морозные узоры
juhob	нить синтетическая	verb	heuristic		standard	нить синтетическая
jujyh	сосать	verb	explicit		standard	сосать
jujyź	краситель	noun	default		standard	краситель
jukøk	корчага	noun	default		standard	корчага
jul	крепкий союз	adjective	heuristic		standard	крепкий союз|жесткий союз|мощный союз|сильный союз|твердый союз
julij	разъяренный кабан	adjective	heuristic		standard	разъяренный кабан
julor	испытательный стенд	adjective	heuristic		standard	испытательный стенд
jumyd	встречный ветер	adjective	heuristic		standard	встречный ветер
junga	юнга	noun	default		standard	юнга
junika	юникаст	noun	default		standard	юникаст
junoś	юноша	noun	default		standard	юноша
junza	интуиция	noun	default		standard	интуиция
jurodi	юродивый	adjective	heuristic		standard	юродивый
jurta	юрта	noun	default		standard	юрта
juv	дежурство боевое	noun	default		standard	дежурство боевое
juveli	ювелир	noun	default	motəc	standard	ювелир
juvpy	свободный	adjective	heuristic		standard	свободный|вольный|независимый
juzera	юзерагент	noun	default		standard	юзерагент
juznə	фисташка	noun	default		standard	фисташка
juź	печёное в углях	adjective	heuristic		standard	печеное в углях
juźnve	южный ветер	adjective	heuristic		standard	южный ветер
jycih	стыдиться	verb	explicit		standard	стыдиться
jycør	лист	noun	default		standard	лист
jydfu	кровяная колбаса	adjective	heuristic		standard	кровяная колбаса
jyfdy	партийная программа	adjective	heuristic		standard	партийная программа
jygel	удивление	adjective	heuristic		standard	удивление
jygfø	колбаса домашняя копчёная	noun	default		standard	колбаса домашняя копченая
jygib	просьба вежливая	noun	default		standard	просьба вежливая
jyhce	весы торговые	noun	default		standard	весы торговые
jyl	радость выражение словесная	verb	heuristic		standard	радость выражение словесная|радость лексема словесная|радость слово словесная
jyloź	лоза вьющаяся	noun	default		standard	лоза вьющаяся
jyluk	совпадение	adjective	heuristic		standard	совпадение
jymiz	особый отдел	adjective	heuristic		standard	особый отдел
jymu	деревянная тачка	adjective	heuristic		standard	деревянная тачка|деревянная авто|деревянная автомобиль|деревянная машина
jyn	сковорода	noun	default		standard	сковорода
jypob	гарнизон	noun	default		standard	гарнизон
jyr	смотреть	verb	explicit		standard	смотреть|взирать|посматривать
jyrcə	оригами	noun	default		standard	оригами
jyrde	каштан съедобный	noun	default		standard	каштан съедобный
jyrfu	нижняя палата	adjective	heuristic		standard	нижняя палата|низшяя палата
jyv	угольник	noun	default		standard	угольник
jyzut	перила лестничные	noun	default		standard	перила лестничные
jyzźø	родовое поместье	adjective	heuristic		standard	родовое поместье
jyśśø	рука	noun	default		standard	рука
jyśźæ	звёздный каталог	adjective	heuristic		standard	звездный каталог
jyźof	надеяться	verb	explicit		standard	надеяться
jæcbæ	лысый (прилагательное)	adjective	heuristic		standard	лысый
jæcər	масленичное чучело	adjective	heuristic		standard	масленичное чучело
jæfir	атом	noun	default		standard	атом
jæg	курьер	noun	default		standard	курьер
jægez	три	numeral	heuristic		standard	три
jæhgə	изба-читальня	noun	default		standard	изба-читальня
jæhzæ	планшет электронный	noun	default		standard	планшет электронный
jæhøś	праздник летний	noun	default		standard	праздник летний
jæjge	отвал породы	noun	default		standard	отвал породы
jæjre	обида затаённая	noun	default		standard	обида затаенная
jækzə	дьячок	noun	default		standard	дьячок
jælśa	демонстрация	noun	default		standard	демонстрация
jæm	молитва путника	noun	default		standard	молитва путника
jæn	надзорная жалоба	adjective	heuristic		standard	надзорная жалоба
jærac	чинить	verb	explicit		standard	чинить
jærnu	мясник	noun	default		standard	мясник
jæs	бег	noun	default		standard	бег
jæsle	крик	noun	default		standard	крик
jætas	испытание героя третье	adjective	heuristic		standard	испытание героя третье
jævoś	зимовье полярное	noun	default		standard	зимовье полярное
jæzgy	техосмотр автомобиля	noun	default		standard	техосмотр автомобиля
jæztæ	музыка	noun	default		standard	музыка|музыкальное произведение
jæzøh	прошение официальное	adjective	heuristic		standard	прошение официальное
jæśif	эстакада дорожная	noun	default		standard	эстакада дорожная
jæśta	исторический квартал	adjective	heuristic		standard	исторический квартал
jæźcæ	холст натянутый	noun	default		standard	холст натянутый
jøbac	радист судовой	noun	default		standard	радист судовой
jøbuz	восставать	verb	explicit		standard	восставать
jøfov	переработка вторсырья	noun	default		standard	переработка вторсырья
jøg	отпуск	noun	default		standard	отпуск
jøgop	мастер участка	noun	default		standard	мастер участка
jøhon	бук	noun	default		standard	бук
jøhop	гадание на костях	adjective	heuristic		standard	гадание на костях
jøj	забывать	verb	explicit		standard	забывать
jøjka	возделанное поле	adjective	heuristic		standard	возделанное поле
jøjoj	колодец крепостной	noun	default		standard	колодец крепостной
jøjoz	сепаратизм	noun	default		standard	сепаратизм
jøkpi	печаль	noun	default		standard	печаль
jøl	лунный цикл	adjective	heuristic		standard	лунный цикл
jølda	повторять сказанное	verb	explicit		standard	повторять сказанное
jøm	листовка агитационная	noun	default		standard	листовка агитационная
jømvø	перелётная птица	adjective	heuristic		standard	перелетная птица
jønid	пригубить напиток	verb	heuristic		standard	пригубить напиток|пригубить питье
jønuz	коврик прикроватный	noun	default		standard	коврик прикроватный
jønzo	циклон	noun	default		standard	циклон
jøriś	восточные владения	adjective	heuristic		standard	восточные владения
jøz	цвет серебряный	noun	default		standard	цвет серебряный
jøź	разум	noun	default		standard	разум
jøźzu	линейка торжественная	noun	default		standard	линейка торжественная
jəd	камень-валун	noun	default		standard	камень-валун
jədgæ	печать восковая	verb	heuristic		standard	печать восковая
jəgam	карта сокровищ	noun	default		standard	карта сокровищ
jəkim	печь	verb	heuristic		standard	печь
jəkəm	вестибюль станции метро	noun	default		standard	вестибюль станции метро
jəl	секвойя	noun	default		standard	секвойя
jəmyp	свитер	noun	default		standard	свитер
jən	стул	noun	default		standard	стул
jəpom	бобслей	noun	default		standard	бобслей
jərus	автомобильный мост	adjective	heuristic		standard	автомобильный мост
jət	меновая торговля	adjective	heuristic		standard	меновая торговля
jətho	и о президента	noun	default		standard	и о президента
jətøź	меч короткий	noun	default		standard	меч короткий|меч краткий|меч недлинный
jəv	подвал дома	noun	default		standard	подвал дома
jəś	кормушка деревянная	noun	default		standard	кормушка деревянная
jəśbø	мирный договор	adjective	heuristic		standard	мирный договор
kab	пошлинный сбор	adjective	heuristic		standard	пошлинный сбор
kabakl	кабаний клык	adjective	heuristic		standard	кабаний клык
kabalj	кабанья лёжка	noun	default		standard	кабанья лежка
kabamo	кабачок молодой	noun	default		standard	кабачок молодой|кабачок нестарый|кабачок юный
kabatś	кабачок	noun	default		standard	кабачок
kabaź	корнцанг	noun	default		standard	корнцанг
kabel	кабель	noun	default		standard	кабель
kabhy	план наступления	noun	default		standard	план наступления
kabimi	кабинет министров	noun	default		standard	кабинет министров|власти министров|правительство министров
kabjø	сломанное оружие	adjective	heuristic		standard	сломанное оружие|сломанное вооружение|сломанное ствол
kablut	кольцо	noun	default	źyś	standard	кольцо
kabob	пеликан	noun	default		standard	пеликан
kabov	ноготь	verb	heuristic		standard	ноготь
kacri	логическое ударение	adjective	heuristic		standard	логическое ударение
kad	пир в замке торжественный	noun	default		standard	пир в замке торжественный
kadaut	кадастровый учёт	adjective	heuristic		standard	кадастровый учет
kadbo	умный (прилагательное)	adjective	heuristic		standard	умный|разумный|сообразительный
kadk	кадка	noun	default		standard	кадка
kadr	кадр, странный или заметный человек	noun	default		colloquial	заметный человек|кадр|странный|заметный индивид|заметный личность|заметный персона
kadril	кадриль	noun	default		standard	кадриль
kafeby	кафе быстрого питания	noun	default		standard	кафе быстрого питания|кафе скорого питания|кафе стремительного питания|кафе шустрого питания
kagjo	мера длины	noun	default		standard	мера длины
kahan	солнечный год	adjective	heuristic		standard	солнечный год|солнечный годичный период|солнечный лет
kahup	гонец королевский	noun	default		standard	гонец королевский
kair	камень	noun	default		standard	камень|валун|камешек
kajak	каяк	noun	default	śæhap	standard	каяк
kajfe	обозная колонна	adjective	heuristic		standard	обозная колонна
kajfovo	кайфово, приятно	noun	default		colloquial	кайфово|приятно
kak	как	noun	default		standard	как|каким образом|каким способом
kakadu	какаду	noun	default		standard	какаду
kakhuja	какого хуя (мат, грубый вопрос)	noun	default		colloquial	грубый вопрос|какого хуя (мат|грубый вопросительное обращение|грубый запрос
kakka	парниковый эффект	adjective	heuristic		standard	парниковый эффект
kakn	какой	adjective	heuristic		standard	какой
kaktpu	кактус пустынный	noun	default		standard	кактус пустынный
kakøf	сюда	noun	default		standard	сюда
kal	коврик у двери	noun	default		standard	коврик у двери
kalamb	каламбур	noun	default	enæf	standard	каламбур
kalanh	каланхоэ	noun	default		standard	каланхоэ
kaled	лилия	noun	default		standard	лилия
kalevo	калека войны	noun	default		standard	калека войны
kalipe	калика перехожий	noun	default		standard	калика перехожий
kaliza	калитка загона	noun	default		standard	калитка загона
kalna	провинция	noun	default		standard	провинция
kalośi	калоши	noun	default	fipæś	standard	калоши
kame	камея	noun	default		standard	камея
kamed	камедь	noun	default		standard	камедь
kameiz	каменное изваяние	adjective	heuristic		standard	каменное изваяние
kamen	камень	noun	default	kair	standard	камень|валун|камешек
kamenka	каменная печь или площадка	adjective	heuristic		standard	каменная печь|площадка
kamert	камертон	noun	default		standard	камертон
kamrə	сапфир	noun	default		standard	сапфир
kamyoz	камыш озёрный	noun	default		standard	камыш озерный
kamypr	камыши прибрежные	noun	default		standard	камыши прибрежные
kamyśn	камышница	noun	default		standard	камышница
kanadv	канатный двор	adjective	heuristic		standard	канатный двор
kanali	канализация	noun	default		standard	канализация
kanasv	канал связи тайный	noun	default		standard	канал связи тайный
kaneś	канеш, конечно	noun	default		colloquial	канеш|конечно
kaneśna	конечно, разговорное	noun	default		colloquial	конечно|разговорное
kanizi	каникулы зимние	noun	default		standard	каникулы зимние
kantse	канцелярия	noun	default		standard	канцелярия
kanv	канва	noun	default		standard	канва
kaolin	каолинит	noun	default		standard	каолинит
kaper	капер	noun	default		standard	капер
kapets	капец (эмоциональное восклицание)	noun	default		colloquial	капец (эмоциональное восклицание
kapiba	капибара	noun	default		standard	капибара
kapire	капитальный ремонт	adjective	heuristic		standard	капитальный ремонт
kapjuś	капюшон	noun	default		standard	капюшон
kapsəju	капсюль (преобразователь микрофона)	noun	default		standard	капсюль (преобразователь микрофона
kaptəś	капча	noun	default		standard	капча
kapus	капуста	noun	default		standard	капуста
kaputs	капуцин	noun	default		standard	капуцин
kapøm	местное самоуправление	adjective	heuristic		standard	местное самоуправление
kara	каравайка	noun	default		standard	каравайка
karamb	карамбола	noun	default		standard	карамбола
karano	караулить ночью	verb	heuristic		standard	караулить ночью
karapr	карандаш простой	noun	default		standard	карандаш простой|карандаш несложный|карандаш элементарный
karast	караванная стоянка	adjective	heuristic		standard	караванная стоянка
karasv	каравай свежевыпеченный	noun	default		standard	каравай свежевыпеченный
karav	каравай	noun	default		standard	каравай
karava	караван	noun	default		standard	караван
karbid	карбид	noun	default		standard	карбид
karbəju	карбюратор	noun	default		standard	карбюратор
kardio	кардиостимулятор	noun	default		standard	кардиостимулятор
kare	бортовка	noun	default		standard	бортовка
karer	карьер	noun	default		standard	карьер
karika	карикатура	noun	default		standard	карикатура
kariot	кариотип	noun	default		standard	кариотип
karkan	карканье	noun	default		standard	карканье
karlin	карлингс	noun	default		standard	карлингс
karnal	карналлит	noun	default		standard	карналлит
karry	волк	noun	default		standard	волк
kart	карта	noun	default		standard	карта
kartbo	карта боевых действий	noun	default		standard	карта боевых действий
kartpa	карта памяти	noun	default		standard	карта памяти
kartza	карта захваченная у противника	noun	default		standard	карта захваченная у противника
karudv	карусель дворовая	noun	default		standard	карусель дворовая
karyh	бомбардировщик	noun	default		standard	бомбардировщик
kas	лазутчик	noun	default		standard	лазутчик
kasali	касательная линия	adjective	heuristic		standard	касательная линия
kaskst	каска стальная	noun	default		standard	каска стальная
kaspə	хобби путешествия	noun	default		standard	хобби путешествия
kassap	кассовый аппарат	adjective	heuristic		standard	кассовый аппарат
kassin	кассационная инстанция	adjective	heuristic		standard	кассационная инстанция
kastor	кастор (шерстяная ткань)	noun	default		standard	кастор (шерстяная ткань
kastrj	кастрюля	noun	default		standard	кастрюля
kat	мел цветной	noun	default		standard	мел цветной
katabo	катаболизм	noun	default		standard	катаболизм
katapu	катапульта	noun	default	cerśø	standard	катапульта
katen	вискомуфта	noun	default		standard	вискомуфта
kateno	катеноида	noun	default		standard	катеноида
katorg	каторга	noun	default		standard	каторга
katran	катран	noun	default		standard	катран
katupl	катушка плёнки	noun	default		standard	катушка пленки
katusp	катушка спиннинговая	noun	default		standard	катушка спиннинговая
katśdv	качели дворовые	noun	default		standard	качели дворовые
katśes	качество продукции	noun	default		standard	качество продукции
katśgo	качать головой отрицательно	verb	explicit		standard	качать головой отрицательно
katślu	качели на лугу	noun	default		standard	качели на лугу
katśnut	качнуть, скачать	verb	heuristic		colloquial	качнуть|скачать
katśpr	качели праздничные	noun	default		standard	качели праздничные
katśur	качурка	noun	default		standard	качурка
kavati	каватина	noun	default		standard	каватина
kaz	варёное в котле	adjective	heuristic		standard	вареное в котле
kazk	сказка	noun	default	marsø	standard	сказка
kazn	казна	noun	default		standard	казна
kaznat	казначей	noun	default	ezek	standard	казначей
kaśa	каша	noun	default		standard	каша
kaśagr	каша гречневая	noun	default		standard	каша гречневая
kaśapś	каша пшённая	noun	default		standard	каша пшенная
kaśel	кашель	noun	default	uhih	standard	кашель
kaśl	кашлять	verb	explicit		standard	кашлять
kaśśa	ночная стужа	adjective	heuristic		standard	ночная стужа
kaźud	зернь	noun	default		standard	зернь
kbəfy	подниматься с земли	verb	heuristic		standard	подниматься с земли
ke	любой (квантор)	adjective	heuristic		standard	любой
kec	циркуль	noun	default		standard	циркуль
ked	контрабандный груз	adjective	heuristic		standard	контрабандный груз
keddø	фляга походная	noun	default		standard	фляга походная
kedr	кедр	noun	default		standard	кедр
kefo	ветеран	noun	default	vetera	standard	ветеран
keg	альпийский луг	adjective	heuristic		standard	альпийский луг
kehup	дек (двусторонняя очередь)	noun	default		standard	дек (двусторонняя очередь
keing	кеинг	noun	default		standard	кеинг
kej	сова	noun	default		standard	сова
keja	клистрон	noun	default		standard	клистрон
keju	болид	noun	default	bolid	standard	болид
kek	аккорд музыкальный	noun	default		standard	аккорд музыкальный
keka	кек, смешок	noun	default		colloquial	кек|смешок
kekut	занимать в долг	verb	explicit		standard	занимать в долг
kel	солнечный день	adjective	heuristic		standard	солнечный день|солнечный дневное время|солнечный сутки
kelah	штаб фронта	noun	default		standard	штаб фронта
kelnə	шнуровка	noun	default		standard	шнуровка
kem	дикторская студия	adjective	heuristic		standard	дикторская студия
kemeks	кемекс	noun	default		standard	кемекс
keni	рилс	noun	default		standard	рилс
kenif	овчарня	noun	default		standard	овчарня
kent	кент, приятель	noun	default		colloquial	кент|приятель
kepk	кепка	noun	default	paslo	standard	кепка
kerati	кератин	noun	default		standard	кератин
keriv	оладья пышная	noun	default		standard	оладья пышная
kerivn	руководитель	noun	default	glav	standard	глава|руководитель
kernbu	керн буровой	noun	default		standard	керн буровой
keru	мандибула	noun	default		standard	мандибула
kervel	кервель	noun	default		standard	кервель
keræ	марши (приморские луга приливной зоны)	noun	default		standard	марши (приморские луга приливной зоны
ketmen	кетмень	noun	default		standard	кетмень
keton	кетон	noun	default		standard	кетон
ketə	донжон	noun	default		standard	донжон
kevir	кефир напиток	noun	default		standard	кефир напиток|кефир питье
kezvy	обрядовая песня	adjective	heuristic		standard	обрядовая песня|обрядовая композиция|обрядовая трек
keś	нарушение клятвы	adjective	heuristic		standard	нарушение клятвы
keśap	клятвенное обещание	adjective	heuristic		standard	клятвенное обещание
keśev	кубок	noun	default	kubok	standard	кубок
keźej	земля	noun	default		standard	земля
keźgo	садовый участок	adjective	heuristic		standard	садовый участок
kianit	кианит	noun	default		standard	кианит
kibne	отречение	adjective	heuristic		standard	отречение
kibzø	глубина привязанности	noun	default		standard	глубина привязанности
kibəp	тундра	noun	default	tundr	standard	тундра
kicpy	ударный отряд	adjective	heuristic		standard	ударный отряд
kidhø	почтовый голубь	adjective	heuristic		standard	почтовый голубь
kidih	потайной ход	adjective	heuristic		standard	потайной ход
kidiz	серая пропаганда	adjective	heuristic		standard	серая пропаганда
kifu	профессор	noun	default	profes	standard	профессор
kifər	родник священный	noun	default		standard	родник священный
kigən	группа прикрытия	noun	default		standard	группа прикрытия
kih	узкая тропа к крепости	adjective	heuristic		standard	узкая тропа к крепости
kij	жрец	noun	default		standard	жрец
kijank	киянка	noun	default		standard	киянка
kijez	правительство в изгнании	noun	default		standard	правительство в изгнании|власти в изгнании|кабинет в изгнании
kikam	планширь	noun	default		standard	планширь
kikbok	кикбоксинг	noun	default		standard	кикбоксинг
kikce	восстановление чести	adjective	heuristic		standard	восстановление чести
kike	халцедон	noun	default		standard	халцедон
kikimo	кикимора	noun	default		standard	кикимора
kiko	апвеллинг	noun	default		standard	апвеллинг
kikuh	концерн	noun	default		standard	концерн
kilaś	подстрочник	noun	default	podstr	standard	подстрочник
kilyv	молочный магазин	adjective	heuristic		standard	молочный магазин|молочный лавка|молочный торговая точка
kimav	знаменосец	noun	default		standard	знаменосец
kime	истопник	noun	default	źittæ	standard	истопник
kimnat	комната	noun	default	komn	standard	комната
kimuf	хоккейная площадка	adjective	heuristic		standard	хоккейная площадка
kinema	кинематограф	noun	default		standard	кинематограф
kineto	кинетохор	noun	default		standard	кинетохор
kino	кино	noun	default		standard	кино|кинокартина|фильм
kinote	кинотеатр	noun	default		standard	кинотеатр
kinoza	кинозал	noun	default	dijhe	standard	кинозал
kinuh	считалка детская	noun	default		standard	считалка детская
kinut	кинуть, отправить	verb	heuristic		colloquial	кинуть|отправить
kinæ	интарсия	noun	default		standard	интарсия
kipali	кипалив	noun	default		standard	кипалив
kipari	кипарис	noun	default		standard	кипарис
kippæ	объём тела	noun	default		standard	объем тела|количество тела|число тела
kipveś	кипение вещества	adjective	heuristic		standard	кипение вещества
kir	поправка к конституции	noun	default		standard	поправка к конституции
kira	кираса	noun	default	vacit	standard	кираса
kirpdo	кирпичный дом	adjective	heuristic		standard	кирпичный дом|кирпичный жилище|кирпичный жилье|кирпичный обиталище
kirśo	свиное стадо	adjective	heuristic		standard	свиное стадо
kisdo	запруда для мельницы	noun	default		standard	запруда для мельницы
kislot	кислота	noun	default	cibsə	standard	кислота
kisthu	кисть художественная	verb	heuristic		standard	кисть художественная|рука художественная|ручища художественная
kistək	кость	verb	heuristic	məśsa	standard	кость
kisək	прыгать	verb	explicit		standard	прыгать
kitosu	китобойное судно	adjective	heuristic		standard	китобойное судно|китобойное кораблик|китобойное корабль
kitśəli	кичливый	adjective	heuristic		standard	кичливый
kiziln	кизильник	noun	default		standard	кизильник
kiś	портовый терминал	adjective	heuristic		standard	портовый терминал
kiśetś	кишечник	noun	default		standard	кишечник
kiśeź	квазар	noun	default		standard	квазар
kiśze	колдовской круг	adjective	heuristic		standard	колдовской круг
kiśən	отворотное зелье	adjective	heuristic		standard	отворотное зелье
kiźam	азурит	noun	default		standard	азурит
kladbi	кладбище	noun	default	pupjo	standard	кладбище
kladoi	кладоискатель	noun	default		standard	кладоискатель
klako	сквош	noun	default	skvoś	standard	сквош
klalu	росомаха	noun	default		standard	росомаха
klas	класть	verb	heuristic		standard	класть
klasru	классный руководитель	adjective	heuristic		standard	классный руководитель
klass	класс, очень хорошо	noun	default		colloquial	класс|очень хорошо
klaste	кластер	noun	default		standard	кластер
klasźu	классный журнал бумажный	adjective	heuristic		standard	классный журнал бумажный
klavko	клавиатура компьютерная	noun	default		standard	клавиатура компьютерная
klaźuh	лейкоцит	noun	default		standard	лейкоцит
klejma	клеймо мастера	noun	default		standard	клеймо мастера
klejoś	змеешейка	noun	default		standard	змеешейка
klejst	клей столярный	noun	default		standard	клей столярный
klemat	клематис	noun	default		standard	клематис
klemma	электрический зажим	adjective	heuristic		standard	электрический зажим
klen	клен	noun	default	øføh	standard	клен
klep	клепать	verb	heuristic		standard	клепать
kleś	клещи	noun	default		standard	клещи
klidit	зооним	noun	default		standard	зооним
klihə	лиман	noun	default		standard	лиман
kliknut	кликнуть, нажать	verb	heuristic		colloquial	кликнуть|нажать
klinæf	свекровь	noun	default	svekro	standard	свекровь
klinəg	пенсионер	noun	default	pensio	standard	пенсионер
klisu	карета	noun	default	cek	standard	карета
klitsb	клич сбора	noun	default		standard	клич сбора
klivi	кливия	noun	default		standard	кливия
kljato	клятва торжественная	noun	default		standard	клятва торжественная
kljubo	клюква болотная	noun	default		standard	клюква болотная
kljuv	клюв	noun	default		standard	клюв
kloløn	феттуччине	noun	default		standard	феттуччине
kluben	клубень	noun	default		standard	клубень
klubko	клубная команда	adjective	heuristic		standard	клубная команда
klubkr	клубный кружок	adjective	heuristic		standard	клубный кружок
klufa	церка	noun	default		standard	церка
kluvan	ступица	noun	default		standard	ступица
klyjyd	щурка	noun	default		standard	щурка
klyre	листва	noun	default	listva	standard	листва
klæke	разудалая песня	adjective	heuristic		standard	разудалая песня|разудалая композиция|разудалая трек
kløləm	тайфун	noun	default	tajfun	standard	тайфун
klønær	леска	noun	default	himfo	standard	леска
kləjatv	клятва	noun	default	kæh	standard	клятва
kləjutś	ключица	noun	default		standard	ключица
kneht	кнехт	noun	default		standard	кнехт
kniźst	книжный стиль	adjective	heuristic		standard	книжный стиль
knjaz	князь	noun	default		standard	князь
knyźk	книга	noun	default	cunam	standard	книга|издание|том
ko	меньшинство (квантор)	noun	default		standard	меньшинство
koagul	коагуляция	noun	default		standard	коагуляция
koalpr	коалиция правящая	noun	default		standard	коалиция правящая
kobdə	день рождения	noun	default		standard	день рождения|дневное время рождения|сутки рождения
kobe	азипод	noun	default		standard	азипод
kobgə	корзина	noun	default		standard	корзина
kobr	кобра	noun	default	nejmø	standard	кобра
kobylk	кобылка (прямокрылое насекомое)	noun	default		standard	кобылка (прямокрылое насекомое
kode	итерация	noun	default		standard	итерация
kodeks	кодекс	noun	default		standard	кодекс
kodjə	дефицит товара	noun	default		standard	дефицит товара
koeffi	коэффициент	noun	default		standard	коэффициент
koferm	кофермент	noun	default		standard	кофермент
kofja	онлайн-оплата	noun	default		standard	онлайн-оплата
kofmy	белка	noun	default		standard	белка
kofæm	апогей	noun	default		standard	апогей
kog	коготь	verb	heuristic		standard	коготь
kogd	когда	noun	default		standard	когда|в какое время
kogdby	когда бы союз	noun	default		standard	когда бы союз|в какое время бы союз
koge	ноутбук	noun	default	noutbu	standard	ноутбук
koggæ	земляк	noun	default		standard	земляк
koher	кохер	noun	default		standard	кохер
kojja	овчарка пастушья	noun	default		standard	овчарка пастушья
kok	внук	noun	default		standard	внук
koki	кокиль (металлическая литейная форма)	noun	default		standard	кокиль (металлическая литейная форма
kolb	колба	noun	default		standard	колба
kolbas	колбаса	noun	default		standard	колбаса
kolbvo	колбасная воронка	adjective	heuristic		standard	колбасная воронка
koldun	колдун	noun	default	akis	standard	колдун
koleob	колесо обозрения	noun	default		standard	колесо обозрения
koles	колесо	noun	default	pəlmi	standard	колесо
kolesn	колесница	noun	default		standard	колесница
kolevn	колебание внутреннее	adjective	heuristic		standard	колебание внутреннее|колебание внутригосударственное
koli	колено	noun	default	əvoh	standard	колено
kolivi	коливинг	noun	default		standard	коливинг
koljde	коляска детская	noun	default		standard	коляска детская
koljpr	колючая проволока	adjective	heuristic		standard	колючая проволока
kollab	коллаборационист	noun	default		standard	коллаборационист
kollag	коллаген	noun	default		standard	коллаген
kolldo	коллективный договор	adjective	heuristic		standard	коллективный договор
kollek	коллективизация	noun	default		standard	коллективизация
kollen	колленхима	noun	default		standard	колленхима
kollok	коллоквиум	noun	default		standard	коллоквиум
kolləju	коллювий	adjective	heuristic		standard	коллювий
kolode	колодец	noun	default		standard	колодец
kolois	колония исправительная	noun	default		standard	колония исправительная
koloko	колокольня	noun	default		standard	колокольня
koloni	колосящаяся нива	noun	default		standard	колосящаяся нива
kolonk	колонки компьютерные	noun	default		standard	колонки компьютерные
kolono	колоноскоп	noun	default		standard	колоноскоп
kolont	колонцифра	noun	default		standard	колонцифра
kolore	колонка редактора	noun	default		standard	колонка редактора
kolos	колос	noun	default		standard	колос
koloźu	колодец журавлём	noun	default		standard	колодец журавлем
koltdo	кольцевая дорога	adjective	heuristic		standard	кольцевая дорога|кольцевая путь|кольцевая трасса
koltgi	кольца гимнастические	noun	default		standard	кольца гимнастические
koltəśa	колчан	noun	default	cæźtæ	standard	колчан
kolypo	колыбель подвесная	noun	default		standard	колыбель подвесная
kom	дневной переход	adjective	heuristic		standard	дневной переход
komaba	командир батальона	noun	default		standard	командир батальона|военный начальник батальона|офицер батальона
komabo	команда борющаяся со стихией	noun	default		standard	команда борющаяся со стихией
komafr	командующий фронтом	adjective	heuristic		standard	командующий фронтом
komako	командир корпуса	noun	default		standard	командир корпуса|военный начальник корпуса|офицер корпуса
komand	командовать	verb	explicit		standard	командовать
komar	комар	noun	default	guz	standard	комар
komavz	командир взвода	noun	default		standard	командир взвода|военный начальник взвода|офицер взвода
kombaj	комбайн	noun	default		standard	комбайн
kombin	комбинация	noun	default		standard	комбинация
kombsu	комбикорм сухой	noun	default		standard	комбикорм сухой|комбикорм несырой|комбикорм обезвоженный
komedi	комедия	noun	default		standard	комедия
komehv	комета хвостатая	noun	default		standard	комета хвостатая
komepr	комета как предвестник	noun	default		standard	комета как предвестник|комета каким образом предвестник|комета каким способом предвестник
komet	комета	noun	default		standard	комета
komman	коммандита	noun	default		standard	коммандита
komment	коммент, комментарий	noun	default		colloquial	коммент|комментарий
kommenty	комменты, комментарии	noun	default		colloquial	комментарии|комменты
kommkv	коммунальная квартира	adjective	heuristic		standard	коммунальная квартира
komn	комната	noun	default		standard	комната
kompar	компаратор	noun	default		standard	компаратор
kompas	компас	noun	default	sofræ	standard	компас
kompby	компостирование бытовое	adjective	heuristic		standard	компостирование бытовое
kompen	компендиум	noun	default		standard	компендиум
kompja	компостная яма	adjective	heuristic		standard	компостная яма
kompjuter	компьютер	noun	default		standard	компьютер
kompli	комплимент	noun	default		standard	комплимент
kompos	компост	noun	default	imør	standard	компост
kompot	компот	noun	default		standard	компот
kompoz	композит	noun	default		standard	композит
kompre	компрессор	noun	default		standard	компрессор
kompts	композиция цветочная	noun	default		standard	композиция цветочная|песня цветочная|трек цветочная
kompvy	компьютер вычислительный	noun	default		standard	компьютер вычислительный
komsor	комсомольская организация	adjective	heuristic		standard	комсомольская организация|комсомольская объединение|комсомольская структура
kondde	кондитерская с десертами	adjective	heuristic		standard	кондитерская с десертами
kondit	кондитерская	adjective	heuristic		standard	кондитерская
kondve	конденсация вещества	noun	default		standard	конденсация вещества
koneos	конечная остановка	adjective	heuristic		standard	конечная остановка
konets	конец	noun	default	seføn	standard	конец
konfaj	конфайнмент	noun	default		standard	конфайнмент
konfna	конференция научная	noun	default		standard	конференция научная
kongəlo	конгломерат	noun	default		standard	конгломерат
kongəru	конгруэнтность	verb	heuristic		standard	конгруэнтность
konjko	конюх колхозный	noun	default		standard	конюх колхозный
konjun	конъюнктива	noun	default		standard	конъюнктива
konk	коньки	noun	default		standard	коньки
konnit	конница	noun	default		standard	конница
konosa	коносамент	noun	default		standard	коносамент
konośe	конопатка щелей	noun	default		standard	конопатка щелей
konraz	конный разъезд	adjective	heuristic		standard	конный разъезд
konsbj	конструкторское бюро	adjective	heuristic		standard	конструкторское бюро
konsde	конструктор детский	noun	default		standard	конструктор детский
konser	консерватория	noun	default		standard	консерватория
konsis	консистентность	verb	heuristic		standard	консистентность
konska	конные скачки	adjective	heuristic		standard	конные скачки
konsmj	консервы мясные	noun	default		standard	консервы мясные
konsor	консорциум	noun	default		standard	консорциум
konsre	конституционная реформа	adjective	heuristic		standard	конституционная реформа
konssu	конституционный суд	adjective	heuristic		standard	конституционный суд
konsti	конституция	noun	default		standard	конституция
konsu	консультироваться	verb	heuristic	johfø	standard	консультироваться
konsul	консульство	noun	default		standard	консульство
kontbi	контролёр билетов	noun	default		standard	контролер билетов
kontbo	контрбатарейная борьба	adjective	heuristic		standard	контрбатарейная борьба
kontej	контейнеровоз	noun	default		standard	контейнеровоз
kontko	контракт коммерческий	noun	default		standard	контракт коммерческий
kontra	контрабандист	noun	default		standard	контрабандист
kontər	контрапункт	noun	default		standard	контрапункт
kontəra	контрапост	noun	default		standard	контрапост
kontərn	контрнаступление	adjective	heuristic	føh	standard	контрнаступление
kontərp	контрпример	noun	default		standard	контрпример
konuge	конус геометрический	noun	default		standard	конус геометрический
konvej	конвейер	noun	default		standard	конвейер
kooper	кооператив	noun	default		standard	кооператив
koorge	координаты географические	noun	default		standard	координаты географические
koptmj	коптить мясо	verb	heuristic		standard	коптить мясо|коптить мясная пища
koptś	копчение	adjective	heuristic		standard	копчение
koptəśi	копчик	noun	default		standard	копчик
korabe	корабль	noun	default	økøź	standard	корабль|кораблик|судно
korade	кора дерева	noun	default		standard	кора дерева
korapl	корабельный плотник	adjective	heuristic		standard	корабельный плотник
korari	коралловый риф опасный	adjective	heuristic		standard	коралловый риф опасный|коралловый риф рискованный|коралловый риф угрожающий
koravo	корабль на волнах бросаемый	noun	default		standard	корабль на волнах бросаемый|кораблик на волнах бросаемый|судно на волнах бросаемый
korefan	корефан, приятель	noun	default		colloquial	корефан|приятель
korehr	корень хрена	noun	default		standard	корень хрена
koresl	корень слова общий	noun	default		standard	корень слова общий
koreś	кореш, приятель	noun	default		colloquial	кореш|приятель
korin	корень	noun	default	byrut	standard	корень
koripa	корица палочкой	noun	default		standard	корица палочкой
korja	переменная звезда	adjective	heuristic		standard	переменная звезда|переменная светило
kormsu	корма судна	noun	default		standard	корма судна
korner	корнерот	noun	default		standard	корнерот
korobe	коробейник	noun	default		standard	коробейник
koroll	королларий (непосредственное следствие теоремы)	adjective	heuristic		standard	королларий (непосредственное следствие теоремы
koromy	коромысло	noun	default	anyb	standard	коромысло
koron	корона	noun	default		standard	корона
koroso	коронный совет	adjective	heuristic		standard	коронный совет
korost	коростель	noun	default		standard	коростель
korotk	короткий	adjective	heuristic	piv	standard	короткий|краткий|недлинный
korotś	короче (слово-паразит)	noun	default		colloquial	короче (слово-паразит
korovj	коровяк	noun	default		standard	коровяк
korovn	коровник	noun	default		standard	коровник
korrog	корректировка огня	noun	default		standard	корректировка огня
korrtś	коррупция чиновничья	noun	default		standard	коррупция чиновничья
kortəś	корчиться	verb	heuristic		standard	корчиться
korund	корунд	noun	default		standard	корунд
koruti	корутина	noun	default		standard	корутина
korvæ	полярный климат	adjective	heuristic		standard	полярный климат
koryde	корыто деревянное	noun	default		standard	корыто деревянное
korzpo	корзина покупок	noun	default		standard	корзина покупок
korzsb	корзина для сбора	noun	default		standard	корзина для сбора
kos	морская блокада	adjective	heuristic		standard	морская блокада
kosali	коса-литовка	noun	default		standard	коса-литовка
kosjak	косяк, ошибка	noun	default		colloquial	косяк|ошибка|промах
kosjatśit	косячить, ошибаться	verb	heuristic		colloquial	косячить|ошибаться
kosme	космея	noun	default		standard	космея
kosmpo	космический полёт	adjective	heuristic		standard	космический полет
kosmpr	космическое пространство	adjective	heuristic		standard	космическое пространство
kosmva	космический вакуум	adjective	heuristic		standard	космический вакуум
koso	косослой	adjective	heuristic		standard	косослой
kosovi	косовище	noun	default		standard	косовище
kosovo	косоворотка	noun	default		standard	косоворотка
kostəre	кострец	noun	default		standard	кострец
kosvsl	косвенное следствие	adjective	heuristic		standard	косвенное следствие
kot	шутить	verb	explicit		standard	шутить
kota	кот	noun	default		standard	кот
kotel	котельная	adjective	heuristic		standard	котельная
kotepo	котелок походный	noun	default		standard	котелок походный
kotiak	котировка акций	noun	default		standard	котировка акций
kotor	который	adjective	heuristic		standard	который
kotśar	кочующий артист	adjective	heuristic		standard	кочующий артист
kotśźe	кочерга железная	noun	default		standard	кочерга железная
kotəp	играть	verb	explicit		standard	играть|забавляться|участвовать в игре
koval	кузнец	noun	default	nyb	standard	кузнец
kovari	ковариант	noun	default		standard	ковариант
kovars	коварство	noun	default		standard	коварство
kovdər	одеяло	noun	default	øguc	standard	одеяло
koverl	коверлок	noun	default		standard	коверлок
kovjna	ковёр напольный	noun	default		standard	ковер напольный
kovk	ковка	noun	default		standard	ковка
kovt	глотать	verb	heuristic	źub	standard	глотать
kovś	ковш	noun	default	adyv	standard	ковш
koza	коза	noun	default		standard	коза
kozod	козодой	adjective	heuristic		standard	козодой
kośelj	кошелёк	noun	default		standard	кошелек
kośma	кошмар	noun	default		standard	кошмар
kośmar	кошмар (восклицание)	noun	default		colloquial	кошмар (восклицание
kośyk	корзина	noun	default	kobgə	standard	корзина
kośəs	бэкап	noun	default		standard	бэкап
koź	вопреки (предлог)	noun	default		standard	вопреки
koźem	полюс	noun	default	poljus	standard	полюс
koźeza	кожевенный завод	adjective	heuristic		standard	кожевенный завод|кожевенный предприятие|кожевенный фабрика
kr	к (предлог направления)	noun	default		standard	к (предлог направления
krafer	гармония	noun	default	garmon	standard	гармония
krakel	кракелюр	noun	default		standard	кракелюр
kraken	кракен	noun	default		standard	кракен
kraki	оборона	noun	default	oboron	standard	оборона
krakov	краковяк	noun	default		standard	краковяк
kram	товар	noun	default	źos	standard	товар|изделие|продукт
kramny	лавка	noun	default	lavk	standard	лавка|магазин|торговая точка
krants	кольцевой фланец или зубчатый венец	adjective	heuristic		standard	зубчатый венец|кольцевой фланец
krapeg	отупение	adjective	heuristic		standard	отупение
krapiv	крапива	noun	default		standard	крапива
krapøh	отравление	adjective	heuristic	otravl	standard	отравление
krapźg	крапива жгучая	noun	default		standard	крапива жгучая
kras	красный	adjective	heuristic		standard	красный
krasava	красава, молодец	noun	default		colloquial	красава|молодец
krasavtśik	красавчик, молодец	noun	default		colloquial	красавчик|молодец
krasti	красться тихо	verb	heuristic		standard	красться тихо
krasug	красный уголок	adjective	heuristic		standard	красный уголок
kraszv	красная звезда символ	adjective	heuristic		standard	красная звезда символ|красная светило символ
kraule	краулер	noun	default		standard	краулер
kravet	портной	adjective	heuristic	portn	standard	портной
kraśnut	крашнуть, вызвать сбой	verb	heuristic		colloquial	вызвать сбой|крашнуть
kreati	креатинин	noun	default		standard	креатинин
krejse	крейсер	noun	default		standard	крейсер
krejtəs	крейцмейсель	noun	default		standard	крейцмейсель
kreliv	онучи	noun	default	onutś	standard	онучи
kreml	кремль	noun	default		standard	кремль
kren	крен	noun	default		standard	крен
krepos	крепостной ров глубокий	adjective	heuristic		standard	крепостной ров глубокий
krepro	крепостной ров	adjective	heuristic		standard	крепостной ров
krepte	крепкий телом (прилагательное)	adjective	heuristic		standard	крепкий телом|жесткий телом|мощный телом|сильный телом|твердый телом
kresot	крестный отец	adjective	heuristic		standard	крестный отец
kresti	крестины	noun	default		standard	крестины
kreszn	крестное знамение	adjective	heuristic		standard	крестное знамение
kretin	кретин (оскорбление)	noun	default		colloquial	кретин (оскорбление
kretæv	вотчина	noun	default	vottśi	standard	вотчина
kretśe	кречет	noun	default		standard	кречет
krevum	чардаш	noun	default		standard	чардаш
kreśmo	крещенские морозы	adjective	heuristic		standard	крещенские морозы
kreśøm	передовица	noun	default	peredo	standard	передовица
krifæk	стриж	noun	default	icøź	standard	стриж
krimpe	кримпер	noun	default		standard	кримпер
krink	кринка	noun	default		standard	кринка
krinź	кринж, сильная неловкость	noun	default		colloquial	кринж|сильная неловкость|крепкяя неловкость|мощная неловкость
krisøk	моевка	noun	default		standard	моевка
krita	нониус	noun	default		standard	нониус
kritik	критика	noun	default		standard	критика
kriv	кривой	adjective	heuristic		standard	кривой
krivot	кривотолки	noun	default		standard	кривотолки
krivoś	кривошип	noun	default		standard	кривошип
krjosy	крёстный сын	adjective	heuristic		standard	крестный сын
krjutś	крючок	noun	default		standard	крючок
krjuvj	крючок для вязания	noun	default		standard	крючок для вязания
kroki	кроки	noun	default		standard	кроки
krokod	крокодил	noun	default		standard	крокодил
kroleb	дуплистость	verb	heuristic		standard	дуплистость
kroltəś	крольчатник	noun	default		standard	крольчатник
krom	кроме (предлог)	noun	default		standard	кроме
kronśən	кроншнеп	noun	default		standard	кроншнеп
krossp	кроссовки спортивные	noun	default		standard	кроссовки спортивные
krostk	кросно ткацкое	noun	default		standard	кросно ткацкое
kroton	кротон	noun	default		standard	кротон
krov	кровать	verb	heuristic		standard	кровать
krovso	кровеносный сосуд	adjective	heuristic		standard	кровеносный сосуд
krudə	амулет	noun	default	amulet	standard	амулет
krugfo	круглая форма	adjective	heuristic		standard	круглая форма
krugge	круг геометрический	noun	default		standard	круг геометрический
kruglo	круглогубцы	noun	default		standard	круглогубцы
krujuś	советовать	verb	heuristic	təstə	standard	советовать
krupy	предположение	adjective	heuristic	predp	standard	предположение
krutjak	крутяк, очень хорошо	noun	default		colloquial	крутяк|очень хорошо
kruśin	крушина	noun	default		standard	крушина
kruźev	кружево	noun	default		standard	кружево
kruźvy	кружка для выпивки	noun	default		standard	кружка для выпивки
kryfi	изотропия	noun	default		standard	изотропия
kryge	выпь	noun	default		standard	выпь
kryhk	хрупкий	adjective	heuristic	mædśi	standard	хрупкий
krylde	крыльцо деревянное	noun	default		standard	крыльцо деревянное
krylfr	крылатая фраза	adjective	heuristic		standard	крылатая фраза
krylra	крыльцо расписное	noun	default		standard	крыльцо расписное
krynk	крынка	noun	default		standard	крынка
krynyt	колодец	noun	default	kolode	standard	колодец
krys	крыса	noun	default	pagaz	standard	крыса
kryś	крыша	noun	default		standard	крыша
kryśso	крыша соломенная	noun	default		standard	крыша соломенная
kryźov	крыжовник	noun	default		standard	крыжовник
kræfol	отмостка	noun	default		standard	отмостка
kræmud	костяника	noun	default		standard	костяника
krænəź	оптрон	noun	default		standard	оптрон
krøfal	полчок (грызун семейства соневых)	noun	default		standard	полчок (грызун семейства соневых
krøhæ	роевня	noun	default		standard	роевня
ksilem	ксилема (водопроводящая ткань растения)	noun	default		standard	ксилема (водопроводящая ткань растения
ksəta	кстати	verb	heuristic	rə	standard	кстати (вводное слово|кстати|кстати (вводное выражение|кстати (вводное лексема
ktyr	ктырь	noun	default		standard	ктырь
kubog	коала	noun	default		standard	коала
kubok	кубок	noun	default		standard	кубок
kuc	непрошеный гость	adjective	heuristic		standard	непрошеный гость
kud	ворота	noun	default		standard	ворота
kuda	куда	noun	default		standard	куда
kudpø	рождение	adjective	heuristic		standard	рождение|появление на свет
kudrja	кудрявый (прилагательное)	adjective	heuristic		standard	кудрявый
kudul	стрельба из лука спорт	noun	default		standard	стрельба из лука спорт
kuf	телогрейка	noun	default		standard	телогрейка
kuh	мак	noun	default		standard	мак
kuhan	озарение внутреннее	adjective	heuristic		standard	озарение внутреннее|озарение внутригосударственное
kuhn	кухня	noun	default		standard	кухня
kukce	суфлёр	noun	default		standard	суфлер
kukfə	ветвь	noun	default		standard	ветвь
kukl	кукла	noun	default		standard	кукла
kukodo	кукольный домик	adjective	heuristic		standard	кукольный домик
kulabo	кулачный бой стенка на стенку	adjective	heuristic		standard	кулачный бой стенка на стенку|кулачный битва стенка на стенку|кулачный сражение стенка на стенку|кулачный схватка стенка на стенку
kulatś	кулачок	noun	default		standard	кулачок
kuli	кулиса	noun	default		standard	кулиса
kulire	кулинарный рецепт	adjective	heuristic		standard	кулинарный рецепт
kulirk	кулирка	noun	default		standard	кулирка
kultsl	культурный слой	adjective	heuristic		standard	культурный слой
kultso	культ солнца	noun	default		standard	культ солнца
kum	кум	noun	default		standard	кум
kuma	кума	noun	default		standard	кума
kumev	зимородок	noun	default		standard	зимородок
kumovs	кумовство	noun	default	tædhə	standard	кумовство
kumsø	турник	noun	default		standard	турник
kunits	куница	noun	default		standard	куница
kunry	слабый	adjective	heuristic		standard	слабый|некрепкий|немощный
kunə	дуплекс	noun	default		standard	дуплекс
kupeko	купеческая компания	adjective	heuristic		standard	купеческая компания|купеческая предприятие|купеческая фирма
kupel	купель	noun	default		standard	купель
kuplet	куплет песни	noun	default		standard	куплет песни
kupog	отдыхать	verb	explicit		standard	отдыхать
kupol	купол	noun	default		standard	купол
kupyr	купырь	noun	default		standard	купырь
kupəj	оттуда	noun	default		standard	оттуда
kurant	куранты	noun	default	fytco	standard	куранты
kuredo	курьерская доставка	adjective	heuristic		standard	курьерская доставка
kurjse	курятник сельский	noun	default		standard	курятник сельский
kursra	курсовая работа	adjective	heuristic		standard	курсовая работа|курсовая дело|курсовая занятие|курсовая труд
kursva	курс валюты	noun	default		standard	курс валюты
kurtde	куртка демисезонная	noun	default		standard	куртка демисезонная
kurtin	куртина (участок крепостной стены между бастионами)	noun	default		standard	куртина (участок крепостной стены между бастионами
kusan	два	numeral	heuristic		standard	два
kusatś	кусачки	noun	default		standard	кусачки
kusic	лечить	verb	explicit		standard	лечить
kustma	куст малины	noun	default		standard	куст малины
kustu	портрет	noun	default		standard	портрет
kusæ	народная песня	adjective	heuristic		standard	народная песня|народная композиция|народная трек
kut	лисья нора	noun	default		standard	лисья нора
kutæd	сидеть	verb	heuristic	zof	standard	сидеть|находиться сидя
kuve	заносчивость	verb	heuristic	zanost	standard	заносчивость
kuvæg	орден за храбрость	noun	default		standard	орден за храбрость
kuznet	кузнечик	noun	default		standard	кузнечик
kuzngo	кузнечный горн раскалённый	adjective	heuristic		standard	кузнечный горн раскаленный|кузнечный горн горячий|кузнечный горн жаркий
kuznit	кузница	noun	default		standard	кузница
kuznko	кузница корабельная	noun	default		standard	кузница корабельная
kuznme	кузнечные мехи	adjective	heuristic		standard	кузнечные мехи
kuznts	кузнечный цех	adjective	heuristic		standard	кузнечный цех
kuś	минное поле	adjective	heuristic		standard	минное поле
kuśyp	конюший	adjective	heuristic		standard	конюший
kuźə	убирать осколки	verb	heuristic		standard	убирать осколки
kvadfo	квадратная форма	adjective	heuristic		standard	квадратная форма
kvanto	квантор	noun	default		standard	квантор
kvarte	квартердек	noun	default		standard	квартердек
kvartəs	кварцит	noun	default		standard	кварцит
kvas	квас домашний	noun	default		standard	квас домашний
kvaśbo	квашеное в бочке	adjective	heuristic		standard	квашеное в бочке
kvaśte	квашня с тестом	noun	default		standard	квашня с тестом
kvitk	цветок	noun	default	tsveto	standard	цветок
kybhe	метание копья	adjective	heuristic		standard	метание копья
kybju	данническая зависимость	adjective	heuristic		standard	данническая зависимость
kybu	пехота	noun	default	mofjæ	standard	пехота
kybuv	сверхскопление	adjective	heuristic		standard	сверхскопление
kybyś	хватать	verb	explicit		standard	хватать
kyc	медаль за отвагу	noun	default		standard	медаль за отвагу
kydih	купальница	noun	default		standard	купальница
kydvo	мясник деревенский	noun	default		standard	мясник деревенский
kydøź	отвлекаться	verb	explicit		standard	отвлекаться
kyf	ростовщик	noun	default		standard	ростовщик
kyl	гонорар авторский	noun	default		standard	гонорар авторский
kyla	балкон	noun	default	źepæh	standard	балкон
kyluh	грецкий орех	adjective	heuristic		standard	грецкий орех
kyme	бульвар	noun	default	bulvar	standard	бульвар
kymu	претензия	noun	default	preten	standard	претензия
kymøś	вулканическая деятельность	adjective	heuristic		standard	вулканическая деятельность
kyn	отдельная квартира	adjective	heuristic		standard	отдельная квартира
kynaf	предупреждение официальное	adjective	heuristic		standard	предупреждение официальное
kynpy	терпение	adjective	heuristic		standard	терпение
kyp	горная расщелина	adjective	heuristic		standard	горная расщелина
kypeź	бунтовать	verb	explicit		standard	бунтовать
kyry	одалживать	verb	heuristic	odalź	standard	одалживать
kyrøn	джем	noun	default	ovag	standard	джем
kysof	петух	noun	default		standard	петух
kysəc	традиция	noun	default		standard	традиция
kyt	добровольная сдача в плен	adjective	heuristic		standard	добровольная сдача в плен
kyvme	изморозь	noun	default		standard	изморозь
kyvrə	хвастаться	verb	explicit		standard	хвастаться
kyz	отборочный тур	adjective	heuristic		standard	отборочный тур
kyś	маска	noun	default		standard	маска
kyźeź	обувной крем	adjective	heuristic		standard	обувной крем
kæc	школа средняя	noun	default		standard	школа средняя|учебное заведение средняя|училище средняя
kæd	зигзагообразная форма	adjective	heuristic		standard	зигзагообразная форма
kædgə	племя кочевое	noun	default		standard	племя кочевое
kæfmə	обвинитель	noun	default		standard	обвинитель
kægam	ахтерштевень	noun	default		standard	ахтерштевень
kæghø	пламя	noun	default		standard	пламя
kæh	клятва	noun	default		standard	клятва
kæhny	хранительница очага	noun	default		standard	хранительница очага
kæjly	игла швейная	noun	default		standard	игла швейная
kæjø	забытый гармошечник	adjective	heuristic		standard	забытый гармошечник
kæjśy	день основания	noun	default		standard	день основания|дневное время основания|сутки основания
kækyt	стараться	verb	explicit		standard	стараться
kækæź	звучать	verb	explicit		standard	звучать
kælij	атлас географический школьный	noun	default		standard	атлас географический школьный
kælin	цементация	noun	default		standard	цементация
kælzo	соцсоревнование	adjective	heuristic		standard	соцсоревнование
kæmlæ	здание парламента	adjective	heuristic		standard	здание парламента|постройка парламента|строение парламента
kæməm	дуб священный	noun	default		standard	дуб священный
kætis	коптильня рыбная	noun	default		standard	коптильня рыбная
kævic	контрольно-пропускной пункт дорожный	adjective	heuristic		standard	контрольно-пропускной пункт дорожный
kæz	рабство	noun	default		standard	рабство
kæzad	мокрый	adjective	heuristic		standard	мокрый|влажный|сырой
købeź	тираж дополнительный	noun	default		standard	тираж дополнительный
kød	транзистор	noun	default		standard	транзистор
kødmo	река медленная	noun	default		standard	река медленная|водоток медленная|река медлительная|река неторопливая|речка медленная
kødnə	твёрдое убеждение	adjective	heuristic		standard	твердое убеждение|жесткее убеждение|крепкее убеждение
kødsy	отгонять с дороги	verb	heuristic		standard	отгонять с дороги
køfez	движение	adjective	heuristic	dviźenie	standard	движение
køfśə	ракета сигнальная	noun	default		standard	ракета сигнальная
køgba	мачеха	noun	default		standard	мачеха
køgbu	сын	noun	default		standard	сын
køh	побочная линия рода	adjective	heuristic		standard	побочная линия рода
køhfi	косвенная речь	adjective	heuristic		standard	косвенная речь|косвенная наречие|косвенная язык
køjaź	индри	noun	default		standard	индри
køje	метрика	noun	default		standard	метрика
køkud	овощ	noun	default		standard	овощ
køkzo	заговор на удачу	noun	default		standard	заговор на удачу
køm	капитанский мостик	adjective	heuristic		standard	капитанский мостик
køn	пергамент	noun	default		standard	пергамент
kønøl	штольня	noun	default		standard	штольня
køræm	ресница	noun	default		standard	ресница
køtez	гелиосфера	noun	default		standard	гелиосфера
køtźe	сложение математическое	adjective	heuristic		standard	сложение математическое
køz	сменный график	adjective	heuristic		standard	сменный график
køzbø	поляна	noun	default		standard	поляна
køśæg	гибель	noun	default	ægok	standard	гибель
køźam	морена	noun	default		standard	морена
køźaź	джинсы	noun	default	śøs	standard	джинсы
køźih	закат	noun	default		standard	закат
køźov	билборд	noun	default	bilbor	standard	билборд
kśəźə	дым для копчения	noun	default		standard	дым для копчения
kə	слишком много (квантор)	noun	default		standard	слишком много|слишком куча|слишком масса|слишком множество
kədbo	служба занятости	noun	default		standard	служба занятости
kəgem	подмастерье	noun	default		standard	подмастерье
kəgka	учитель физкультуры	noun	default		standard	учитель физкультуры|педагог физкультуры|преподаватель физкультуры
kəgæm	кюретка	noun	default		standard	кюретка
kəhid	казнь	noun	default		standard	казнь
kəhø	закваска	noun	default	zakvas	standard	закваска
kəjəs	огниво	noun	default		standard	огниво
kək	олень	noun	default		standard	олень
kəkśu	застава пограничная	noun	default		standard	застава пограничная
kəl	осенний ветер	adjective	heuristic		standard	осенний ветер
kəm	запястье	noun	default		standard	запястье
kəmyn	приходить	verb	explicit		standard	приходить|прибывать|являться
kənus	колхоз	noun	default		standard	колхоз
kənæc	горнолыжный спорт	adjective	heuristic		standard	горнолыжный спорт
kəp	охотник	noun	default		standard	охотник
kəpaź	возвращаться	verb	heuristic	vozvra	standard	возвращаться
kəs	граната ручная	noun	default		standard	граната ручная
kəveb	плод	noun	default		standard	плод
kəzny	земская школа	adjective	heuristic		standard	земская школа|земская учебное заведение|земская училище
la	долженствовать (модальный глагол)	verb	heuristic		standard	долженствовать (модальный глагол
labij	лабий	adjective	heuristic		standard	лабий
laboan	лабораторный анализ	adjective	heuristic		standard	лабораторный анализ
labyg	зависть	verb	heuristic		standard	зависть
labæz	перо	noun	default	pero	standard	перо
lad	следует сделать (модальное выражение)	noun	default		standard	следует сделать (модальное выражение|следует сделать (модальное лексема|следует сделать (модальное слово
ladn	ладно	noun	default		colloquial	ладно
ladon	ладонь	noun	default		standard	ладонь
laduh	демаркационная линия	adjective	heuristic		standard	демаркационная линия
lafəp	снабжение фронта	adjective	heuristic		standard	снабжение фронта
lag	развязывать	verb	explicit		standard	развязывать
lagat	лагать, работать с задержками	verb	heuristic		colloquial	лагать|работать с задержками|заниматься работой с задержками|трудиться с задержками
lagun	лагун	noun	default		standard	лагун
lagøn	самоконтроль	noun	default		standard	самоконтроль
lahi	настойчивость	verb	heuristic	nastoj	standard	настойчивость
lahod	чинить	verb	heuristic	jærac	standard	чинить
lahźy	обращение риторическое	adjective	heuristic		standard	обращение риторическое
laj	лай	noun	default		standard	лай
lajed	зодиакальный круг	adjective	heuristic		standard	зодиакальный круг
lajk	лайк	noun	default		colloquial	лайк
lajknut	лайкнуть, поставить лайк	verb	heuristic		colloquial	лайкнуть|поставить лайк
lajoś	кабалетта	noun	default		standard	кабалетта
lakom	лакомиться	verb	heuristic		standard	лакомиться
lakør	тартрат	noun	default		standard	тартрат
lambəda	ламбдацизм	noun	default		standard	ламбдацизм
lamina	ламинат напольный	noun	default		standard	ламинат напольный
lamo	воздух	noun	default	vozduh	standard	воздух
lan	лан, ладно	noun	default		colloquial	ладно|лан
lantəse	ланцетник	noun	default		standard	ланцетник
lanøb	цитоскелет	noun	default		standard	цитоскелет
lanøź	волейбол	noun	default	volejb	standard	волейбол
lap	лапти	verb	heuristic	lylfø	standard	лапти
laparo	лапароскоп	noun	default		standard	лапароскоп
lapo	подклет	noun	default		standard	подклет
lara	мольберт	noun	default	ebir	standard	мольберт
larg	ларго	noun	default		standard	ларго
lasho	верховный маг	adjective	heuristic		standard	верховный маг
laskfo	ласкательная форма	adjective	heuristic		standard	ласкательная форма
lastde	ласточка деревенская	noun	default		standard	ласточка деревенская
lastik	ластик	noun	default		standard	ластик
lastov	ластовица	noun	default		standard	ластовица
latakr	латать крышу	verb	heuristic		standard	латать крышу
latap	нога человеческая	noun	default		standard	нога человеческая|конечность человеческая|лапа человеческая
lateri	латерит	noun	default		standard	латерит
lav	унитаз	noun	default		standard	унитаз
lave	эспандер	noun	default	espand	standard	эспандер
lavi	в унитазе	noun	default		standard	в унитазе
lavk	лавка	noun	default		standard	лавка|магазин|торговая точка
lavkvd	лавка вдоль стены	noun	default		standard	лавка вдоль стены|магазин вдоль стены|торговая точка вдоль стены
laz	пена	noun	default		standard	пена
lazan	лазанья	noun	default		standard	лазанья
lazəm	приступ гнева	noun	default		standard	приступ гнева
laś	кожура	noun	default		standard	кожура
laśga	вспоминать молодость	verb	heuristic		standard	вспоминать молодость|держать в памяти молодость|помнить молодость
laśźi	минеролог	noun	default		standard	минеролог
laźad	сжимать	verb	explicit		standard	сжимать
laźanut	лажануть, ошибиться	verb	heuristic		colloquial	лажануть|ошибиться
laźce	воздушная поддержка	adjective	heuristic		standard	воздушная поддержка
lcadi	хмель алкогольный	noun	default		standard	хмель алкогольный
lebe	лебеда	noun	default		standard	лебеда
lebed	лебедь	noun	default		standard	лебедь
lebos	число	noun	default		standard	число|количество|объем
lebty	уродство	noun	default		standard	уродство
ledebu	ледебурит	noun	default		standard	ледебурит
ledki	бледно-жёлтый оттенок	adjective	heuristic		standard	бледно-желтый оттенок
lednik	ледник	noun	default	utej	standard	ледник
lednpo	ледник погреба	noun	default		standard	ледник погреба
leer	леер	noun	default		standard	леер
lefeź	пика	noun	default	pika	standard	пика
lefmy	на этой неделе	noun	default		standard	на этой неделе
lefæp	ткацкая фабрика	adjective	heuristic		standard	ткацкая фабрика|ткацкая завод|ткацкая предприятие
legear	легендарный артефакт	adjective	heuristic		standard	легендарный артефакт
legem	обращение вежливое официальное	adjective	heuristic		standard	обращение вежливое официальное
legeme	легенда местная	noun	default		standard	легенда местная
lehen	легкое	adjective	heuristic	dæf	standard	легкое
lehhu	полдень	noun	default		standard	полдень
lehk	легкий	adjective	heuristic	ugin	standard	легкий|нетяжелый
lehym	глубина	noun	default		standard	глубина
lej	уставать	verb	explicit		standard	уставать
lejen	скалолазание	adjective	heuristic		standard	скалолазание
lek	зенитное прикрытие	adjective	heuristic		standard	зенитное прикрытие
lekar	лекарь	noun	default		standard	лекарь
lekarnja	лечебница, клиника	noun	default		standard	клиника|лечебница
lekars	лекарство	noun	default		standard	лекарство
lekser	лексер	noun	default		standard	лексер
leliź	мостовая	adjective	heuristic		standard	мостовая
lelśy	общее правило	adjective	heuristic		standard	общее правило|общее закон|общее норма
lemit	молитва	noun	default	molitv	standard	молитва
lemm	лемма	noun	default		standard	лемма
lemur	лемур	noun	default		standard	лемур
leməl	пластичность	verb	heuristic		standard	пластичность
lendin	лендинг	noun	default		standard	лендинг
lenits	лениция	noun	default		standard	лениция
lenive	ленивец	noun	default		standard	ленивец
lent	ленто	noun	default		standard	ленто
lentæ	воля	noun	default		standard	воля
leopar	леопард	noun	default		standard	леопард
lepido	лепидолит	noun	default		standard	лепидолит
lepih	вдумчивый	adjective	heuristic		standard	вдумчивый
lepkgl	лепка из глины	noun	default		standard	лепка из глины
lepton	лептон	noun	default		standard	лептон
lerun	первообразная	adjective	heuristic		standard	первообразная
lesez	утренняя тишина после праздника	adjective	heuristic		standard	утренняя тишина после праздника
lesnik	лесник	noun	default	pilal	standard	лесник
lesovnja	лесное хозяйство, контора лесников	adjective	heuristic		standard	контора лесников|лесное хозяйство
lesrə	прокатный цех	adjective	heuristic		standard	прокатный цех
lessir	лессировка	noun	default		standard	лессировка
lest	лесть	verb	heuristic		standard	лесть
lestkl	лестничная клетка	adjective	heuristic		standard	лестничная клетка
lestni	лестница	noun	default		standard	лестница
lesæź	фенотип	noun	default		standard	фенотип
let	пустыня песчаная	noun	default		standard	пустыня песчаная
leta	лететь	verb	heuristic		standard	лететь
letip	стойло	noun	default		standard	стойло
letnz	летний зной степной	adjective	heuristic		standard	летний зной степной
letnzn	летний зной	adjective	heuristic		standard	летний зной
letnźa	летняя жара	adjective	heuristic		standard	летняя жара
letodv	летописец двора	noun	default		standard	летописец двора
letok	электроэнцефалограф	noun	default		standard	электроэнцефалограф
letp	летать	verb	explicit		standard	летать
letumy	летучая мышь	adjective	heuristic		standard	летучая мышь
letær	тёмно-фиолетовый оттенок	adjective	heuristic		standard	темно-фиолетовый оттенок
letś	лечить	verb	heuristic	kusic	standard	лечить
letəp	угрожать	verb	heuristic	ugroź	standard	угрожать
levef	цементный завод	adjective	heuristic		standard	цементный завод|цементный предприятие|цементный фабрика
levhu	вычитание математическое	adjective	heuristic		standard	вычитание математическое
lezøm	подвязка	noun	default		standard	подвязка
leśij	леший	adjective	heuristic		standard	леший
leśæb	добиваться	verb	explicit		standard	добиваться
leź	лежать	verb	heuristic		standard	лежать|находиться лежа
leźed	импеданс	noun	default		standard	импеданс
lian	лиана	noun	default	tyfej	standard	лиана
libi	слово	noun	default	rəfəź	standard	слово|выражение|лексема
licøv	затишье перед бурей	noun	default		standard	затишье перед бурей
lifpø	охранная грамота путника	adjective	heuristic		standard	охранная грамота путника
lifra	печальный (прилагательное)	adjective	heuristic		standard	печальный
lift	лифт	noun	default		standard	лифт
lify	персиковое дерево	adjective	heuristic		standard	персиковое дерево
ligyf	новый	adjective	heuristic		standard	новый
liham	кремень для огня	noun	default		standard	кремень для огня
liher	чурка	noun	default		standard	чурка
lihiz	приправа	noun	default	pripra	standard	приправа
lihora	лихорадка	noun	default		standard	лихорадка
lihśy	просторечие	adjective	heuristic		standard	просторечие
likar	врач	noun	default	vratś	standard	врач
likbe	танцевальная студия	adjective	heuristic		standard	танцевальная студия
likot	локоть	verb	heuristic	lok	standard	локоть
likvag	ликвидация агента	noun	default		standard	ликвидация агента|разрушение агента|уничтожение агента
likvav	ликвидатор аварии	noun	default		standard	ликвидатор аварии
likvid	ликвидность	verb	heuristic		standard	ликвидность
liky	лекарство	noun	default	lekars	standard	лекарство
likyv	тройка лошадей	noun	default		standard	тройка лошадей
likæ	вексель	noun	default	veksel	standard	вексель
lilaź	ротан	noun	default		standard	ротан
liløc	справочное бюро	adjective	heuristic		standard	справочное бюро
limb	лимб (кольцевая шкала)	noun	default		standard	лимб (кольцевая шкала
limona	лимонад	noun	default	fəsyp	standard	лимонад
lin	технический чертёж	adjective	heuristic		standard	технический чертеж
linag	прямой эфир	adjective	heuristic		standard	прямой эфир
linejk	линейка	noun	default		standard	линейка
lingəvi	лингвини	noun	default		standard	лингвини
linie	линия электропередачи	noun	default		standard	линия электропередачи
liniel	линия электропередачи высоковольтная	noun	default		standard	линия электропередачи высоковольтная
linifr	линия фронта	noun	default		standard	линия фронта
link	линк, ссылка	noun	default		colloquial	линк|ссылка
linker	линкер	noun	default		standard	линкер
linkor	линкор	noun	default		standard	линкор
lino	прогон (продольная опорная балка)	noun	default		standard	прогон (продольная опорная балка
lipk	липкий (прилагательное)	adjective	heuristic		standard	липкий
lipuza	липучка застёжка	noun	default		standard	липучка застежка
lis	лес	noun	default	dæhøn	standard	лес
lisohv	лисохвост	noun	default		standard	лисохвост
lisræ	брожение	adjective	heuristic		standard	брожение
listat	листать ленту или страницы	verb	heuristic		colloquial	листать ленту|страницы
listin	листинг	noun	default		standard	листинг
listle	лиственный лес	adjective	heuristic		standard	лиственный лес|лиственный лесной массив|лиственный чаща
listob	листоблошка	noun	default		standard	листоблошка
listov	листовертка	noun	default		standard	листовертка
listva	листва	noun	default		standard	листва
listve	лиственница	noun	default		standard	лиственница
litak	самолет	noun	default	ərip	standard	самолет|аэроплан
litejt	литейный цех	adjective	heuristic		standard	литейный цех
litets	литейный цех современный	adjective	heuristic		standard	литейный цех современный
litmø	сколько	noun	default		standard	сколько
litnik	литник (канал подачи расплава в форму)	noun	default		standard	литник (канал подачи расплава в форму
litogr	литография	noun	default		standard	литография
litot	литота	noun	default		standard	литота
litsem	лицемер	noun	default		standard	лицемер
litud	сваха	noun	default	svah	standard	сваха
lityv	камышовая циновка	adjective	heuristic		standard	камышовая циновка
litś	считать	verb	heuristic	saf	standard	считать|подсчитывать|полагать
litśka	личка, личные сообщения	noun	default		colloquial	личка|личные сообщения
litśte	личный телохранитель	adjective	heuristic		standard	личный телохранитель
liz	стул кухонный	noun	default		standard	стул кухонный
liśuś	галстучник	noun	default		standard	галстучник
liśyg	инкорпорация	noun	default		standard	инкорпорация
liźen	полка книжная	noun	default		standard	полка книжная
liźk	кровать	verb	heuristic	krov	standard	кровать
liźəj	хмелеводство	noun	default		standard	хмелеводство
ljogar	лёгкий аромат	adjective	heuristic		standard	легкий аромат|нетяжелый аромат
ljogat	лёгкая атлетика	adjective	heuristic		standard	легкая атлетика
ljogdr	лёгкость дружбы	verb	heuristic		standard	легкость дружбы
ljon	лён	noun	default		standard	лен
ljub	любить	verb	heuristic		standard	любить|нравиться|обожать
ljubi	любисток	noun	default		standard	любисток
ljubo	любовь	noun	default	enən	standard	любовь
ljubpe	любовная песня	adjective	heuristic		standard	любовная песня|любовная композиция|любовная трек
ljudyn	человек	noun	default	tśel	standard	человек
ljumin	люминофор	noun	default		standard	люминофор
ljurik	люрик	noun	default		standard	люрик
ljuspo	люстра потолочная	noun	default		standard	люстра потолочная
ljutik	лютик	noun	default		standard	лютик
ljutn	лютня	noun	default		standard	лютня
lob	одежда	noun	default		standard	одежда
lobbir	лоббирование	adjective	heuristic	bən	standard	лоббирование
lobe	слух	noun	default	sluh	standard	слух
lobeli	лобелия	noun	default		standard	лобелия
lobəb	равнина	noun	default		standard	равнина
loce	переворачивать стол	verb	heuristic		standard	переворачивать стол
lodk	лодка	noun	default		standard	лодка
lodkre	лодка резиновая надувная	noun	default		standard	лодка резиновая надувная
lodkry	лодка рыбацкая на волнах	noun	default		standard	лодка рыбацкая на волнах
lodof	ратин	noun	default		standard	ратин
lodźza	лоджия застеклённая	noun	default		standard	лоджия застекленная
loføm	меридиан	noun	default		standard	меридиан
logik	логика	noun	default		standard	логика
login	логин	noun	default		colloquial	логин
logoko	логотип компании	noun	default		standard	логотип компании
logæm	гравитация физическая	noun	default		standard	гравитация физическая
logən	шлагбаум заставы	noun	default		standard	шлагбаум заставы
loh	лох, наивный или неудачливый человек	noun	default		colloquial	лох|наивный|неудачливый человек|неудачливый индивид|неудачливый личность|неудачливый персона
lohan	лохань	noun	default		standard	лохань
lohank	лоханка	noun	default		standard	лоханка
lohøf	разрушать	verb	explicit		standard	разрушать
lojøv	жадный (прилагательное)	adjective	heuristic		standard	жадный
lok	локоть	verb	heuristic		standard	локоть
loka	локомотив в профессиональной речи	noun	default		standard	локомотив в профессиональной речи
lokali	локализация	noun	default		standard	локализация
lol	лол, смех	noun	default		colloquial	лол|смех
lom	ломать	verb	heuristic		standard	ломать
lomaza	ломать забор	verb	heuristic		standard	ломать забор|разбивать забор|разрушать забор
longan	лонган	noun	default		standard	лонган
longəri	лонгрид	noun	default		standard	лонгрид
lopaku	лопатка кухонная	noun	default		standard	лопатка кухонная
lopuf	симметричная форма	adjective	heuristic		standard	симметричная форма
lopuh	лопух	noun	default		standard	лопух
lor	люлька плетёная	noun	default		standard	люлька плетеная
lori	лори	noun	default		standard	лори
lorok	целовать	verb	explicit		standard	целовать
los	лось	noun	default		standard	лось
loson	лосьон	noun	default		standard	лосьон
lotif	уротелий	adjective	heuristic		standard	уротелий
loto	лото	noun	default		standard	лото
lotsi	лоция	noun	default		standard	лоция
lotsəma	лоцман	noun	default	dig	standard	лоцман
lotu	умягчитель	noun	default		standard	умягчитель
lotæd	стрела	noun	default		standard	стрела
lov	ловить	verb	explicit		standard	ловить
lovac	наст ледяной	noun	default		standard	наст ледяной
lovep	порт	noun	default	fupib	standard	порт
lovuka	ловушка для кабана	noun	default		standard	ловушка для кабана
lozmæ	лопата	noun	default		standard	лопата
loztu	королевское облачение	adjective	heuristic		standard	королевское облачение
lozung	лозунг	noun	default		standard	лозунг
loś	разочарование	adjective	heuristic		standard	разочарование
lośara	лошара, неудачник	noun	default		colloquial	лошара|неудачник
loź	ложь	noun	default		standard	ложь
loźk	ложка	noun	default		standard	ложка
loźots	ложное отступление	adjective	heuristic		standard	ложное отступление|ненастоящее отступление|фальшивое отступление
loźpoz	ложные позиции	adjective	heuristic		standard	ложные позиции|ненастоящие позиции|фальшивые позиции
loźsle	ложный след	adjective	heuristic		standard	ложный след|ненастоящий след|фальшивый след
loźəh	блик	noun	default		standard	блик
lub	полный телом (прилагательное)	adjective	heuristic		standard	полный телом|наполненный телом|целый телом
luboka	лубочная картинка	adjective	heuristic		standard	лубочная картинка
lubpa	добродетель	noun	default		standard	добродетель
luc	плечо	noun	default		standard	плечо
lucni	командир полка	noun	default		standard	командир полка|военный начальник полка|офицер полка
lud	лудить	verb	heuristic		standard	лудить
ludi	люди	noun	default		standard	люди
luf	ястреб	noun	default		standard	ястреб
lufup	талреп	noun	default		standard	талреп
lug	аллергическая реакция	adjective	heuristic		standard	аллергическая реакция|аллергическая ответ|аллергическая ответное сообщение
luga	луг	noun	default		standard	луг
luk	обряд очищения	noun	default		standard	обряд очищения
lukavs	лукавство	noun	default		standard	лукавство
lukośk	лукошко	noun	default		standard	лукошко
lukyl	зима	noun	default		standard	зима
lum	вода	noun	default		standard	вода|влага|жидкость
lumpø	переработка отходов	noun	default		standard	переработка отходов
lumæs	деликатность	verb	heuristic		standard	деликатность
lun	болезнь	noun	default		standard	болезнь
luna	луна	noun	default		standard	луна
lunmes	лунный месяц	adjective	heuristic		standard	лунный месяц|лунный луна|лунный месячный период|лунный спутник
lupad	альдостерон	noun	default		standard	альдостерон
luper	лупер	noun	default		standard	лупер
luppæ	демаркация границы	noun	default		standard	демаркация границы
lurar	припой	adjective	heuristic	prip	standard	припой
lurid	соплодие	adjective	heuristic		standard	соплодие
lurol	пухоед	noun	default		standard	пухоед
lus	диагноз врачебный	noun	default		standard	диагноз врачебный
lusjo	тектоническая плита	adjective	heuristic		standard	тектоническая плита
lutji	привал туристический	noun	default		standard	привал туристический
lutæl	шуга	noun	default		standard	шуга
lutśge	луч геометрический	noun	default		standard	луч геометрический
lutśin	лучина	noun	default	dyj	standard	лучина
lutəf	насыщать	verb	explicit		standard	насыщать
luvar	моряк	noun	default		standard	моряк
luvat	суппорт	noun	default		standard	суппорт
luvə	альвеола	noun	default		standard	альвеола
luz	дартс	noun	default		standard	дартс
luzuc	судовладелец	noun	default		standard	судовладелец
luśob	ковариация	noun	default		standard	ковариация
luśup	палач	noun	default		standard	палач
luźasa	лужа самогона	noun	default		standard	лужа самогона
ly	едва (наречие степени)	noun	default		standard	едва (наречие степени
lyb	проза	noun	default		standard	проза
lyboz	утюг	noun	default		standard	утюг
lyc	восстановленный обычай	adjective	heuristic		standard	восстановленный обычай
lycmø	декоративная крыса	adjective	heuristic		standard	декоративная крыса
lyh	бортовой журнал	adjective	heuristic		standard	бортовой журнал
lyk	домашняя утварь	adjective	heuristic		standard	домашняя утварь
lykgə	малая медведица	adjective	heuristic		standard	малая медведица|маленькяя медведица|мелкяя медведица|небольшая медведица
lykij	еда утренняя	noun	default		standard	еда утренняя|питание утренняя|пища утренняя
lyl	улыбаться	verb	explicit		standard	улыбаться|улыбнуться
lylfø	лапти	verb	heuristic		standard	лапти
lym	чистосердечное признание	adjective	heuristic		standard	чистосердечное признание
lymel	паровой котёл	adjective	heuristic		standard	паровой котел
lymus	решать	verb	explicit		standard	решать|определять|разрешать задачу
lyn	мясная порода коров	adjective	heuristic		standard	мясная порода коров
lypur	порядок	noun	default		standard	порядок|организованность|строй
lypəs	фермион	noun	default		standard	фермион
lys	молекула	noun	default		standard	молекула
lystok	лист	noun	default	jycør	standard	лист
lysuc	проигрывать	verb	explicit		standard	проигрывать|терпеть поражение|уступать
lyt	гербовый щит	adjective	heuristic		standard	гербовый щит
lytit	палласит	noun	default		standard	палласит
lytum	привязывать	verb	explicit		standard	привязывать
lytśy	песчаная коса	adjective	heuristic		standard	песчаная коса
lyzej	купе	noun	default		standard	купе
lyśec	секстант	noun	default		standard	секстант
lyśøv	кикимора	noun	default	kikimo	standard	кикимора
lyźom	секатор	noun	default		standard	секатор
læ	совсем (наречие степени)	noun	default		standard	совсем (наречие степени|абсолютно (наречие степени|полностью (наречие степени
læb	до (предлог предела)	noun	default		standard	до (предлог предела
læc	королевский герольд	adjective	heuristic		standard	королевский герольд
læd	королевский двор	adjective	heuristic		standard	королевский двор
læfźo	эскалатор метро	noun	default		standard	эскалатор метро
læhop	часть	verb	heuristic	uśæg	standard	часть|доля|кусок|фрагмент
læjøk	подкуп избирателей	noun	default		standard	подкуп избирателей
lækcæ	южный крест созвездие	adjective	heuristic		standard	южный крест созвездие
lælvæ	клубок шерстяной	noun	default		standard	клубок шерстяной
læn	возложение венков	adjective	heuristic		standard	возложение венков
lænrə	перфокарта	noun	default		standard	перфокарта
lænəc	пылесос	noun	default		standard	пылесос
læpnu	адвокатура	noun	default		standard	адвокатура
lær	тётя	noun	default		standard	тетя
lærel	камергер	noun	default		standard	камергер
læsjo	рабочая тетрадь	adjective	heuristic		standard	рабочая тетрадь
læv	горячий	adjective	heuristic		standard	горячий|жаркий|раскаленный
læz	проездная грамота	adjective	heuristic		standard	проездная грамота
læzy	тянуть гласную	verb	heuristic		standard	тянуть гласную
læzəs	диспетчер производства	noun	default		standard	диспетчер производства
læźbø	атака	noun	default		standard	атака
læźib	шуба меховая	noun	default		standard	шуба меховая
læźun	изоглосса	noun	default		standard	изоглосса
løbzə	сентябрь	noun	default		standard	сентябрь
løcek	тонкий	adjective	heuristic		standard	тонкий
løduk	золовка	noun	default	pævyk	standard	золовка
lødøj	аукционист	noun	default		standard	аукционист
lødəf	расширяться	verb	explicit		standard	расширяться
løf	ползти	verb	explicit		standard	ползти
løfuh	переводчик	noun	default		standard	переводчик
løgfæ	пресс-конференция	noun	default		standard	пресс-конференция
løgit	грустить	verb	explicit		standard	грустить
løhsi	виадук	noun	default		standard	виадук
løk	воображать	verb	explicit		standard	воображать
lønəv	обмен товара на товар	noun	default		standard	обмен товара на товар|обмен товара на изделие|обмен товара на продукт
løpem	соседская гулянка	adjective	heuristic		standard	соседская гулянка
lør	колхозное поле	adjective	heuristic		standard	колхозное поле
lørec	двоюродная сестра	adjective	heuristic		standard	двоюродная сестра
lørem	тетеревятник	noun	default		standard	тетеревятник
lørop	подмигивать	verb	explicit		standard	подмигивать
løryn	коллекционер марок	noun	default		standard	коллекционер марок
lørøś	туча	noun	default		standard	туча
løs	краска	noun	default		standard	краска
løsen	племя ремесленников	noun	default		standard	племя ремесленников
løsos	дрожать	verb	explicit		standard	дрожать
løsəź	семечко	noun	default		standard	семечко
løtik	жевать	verb	heuristic	źevb	standard	жевать
løtju	компромисс дипломатический	noun	default		standard	компромисс дипломатический
løvep	перемирие	adjective	heuristic		standard	перемирие
løvir	урна избирательная	noun	default		standard	урна избирательная
løz	вата медицинская	noun	default		standard	вата медицинская
løzmæ	наследственная вражда	adjective	heuristic		standard	наследственная вражда
løśæn	генератор	noun	default	genera	standard	генератор
løź	грабли садовые	noun	default		standard	грабли садовые
lźiv	лживый	adjective	heuristic	bagip	standard	лживый
ləd	млечный путь галактика	adjective	heuristic		standard	млечный путь галактика|млечный дорога галактика|млечный трасса галактика
lədci	рождественский сочельник	adjective	heuristic		standard	рождественский сочельник
ləho	далекий	adjective	heuristic	daljok	standard	далекий|отдаленный
ləj	кассационная жалоба	adjective	heuristic		standard	кассационная жалоба
ləja	коверкот	noun	default		standard	коверкот
lək	хаос	noun	default		standard	хаос
ləkme	регистратура поликлиники	noun	default		standard	регистратура поликлиники
ləkyc	перекупщик	noun	default		standard	перекупщик
ləl	зуб	noun	default		standard	зуб
ləlof	словарь энциклопедический	noun	default		standard	словарь энциклопедический
ləmif	вспышка ярости	noun	default		standard	вспышка ярости
ləmky	спасательный круг	adjective	heuristic		standard	спасательный круг
ləpfu	дельфин	noun	default		standard	дельфин
ləplə	радужное гало вокруг солнца	adjective	heuristic		standard	радужное гало вокруг солнца
ləs	лот	noun	default		standard	лот
lətir	стиральная машина	adjective	heuristic		standard	стиральная машина|стиральная авто|стиральная автомобиль|стиральная тачка
lətym	консервный завод	adjective	heuristic		standard	консервный завод|консервный предприятие|консервный фабрика
lətə	послезавтра	noun	default	cyr	standard	послезавтра
ləv	мясная лавка	adjective	heuristic		standard	мясная лавка|мясная магазин|мясная торговая точка
ləz	предчувствие	adjective	heuristic		standard	предчувствие
ləzta	водосточная труба	adjective	heuristic		standard	водосточная труба
ləźdə	электрический ток	adjective	heuristic		standard	электрический ток
ləźlø	облепиха	noun	default		standard	облепиха
ləźø	суесловие	adjective	heuristic		standard	суесловие
ma	частично (квантор)	noun	default		standard	частично
mabø	утверждать	verb	heuristic	æcəh	standard	утверждать
macba	венец бревенчатый уложенный	noun	default		standard	венец бревенчатый уложенный
machø	доносчик	noun	default		standard	доносчик
mad	доки	noun	default		standard	доки
mada	парабола	noun	default		standard	парабола
madrig	мадригал	noun	default		standard	мадригал
madrə	восход	noun	default		standard	восход
mafiś	судовая команда	adjective	heuristic		standard	судовая команда
magif	касситерит	noun	default		standard	касситерит
magn	магнитострикция	noun	default		standard	магнитострикция
magne	магнетар	noun	default		standard	магнетар
magnit	магнитофон	noun	default		standard	магнитофон
magnol	магнолия	noun	default		standard	магнолия
magnpo	магнитное поле земли	adjective	heuristic		standard	магнитное поле земли
magoni	магония	noun	default		standard	магония
mahahv	махать хвостом	verb	heuristic		standard	махать хвостом
mahan	лимитер	noun	default		standard	лимитер
mahnut	махнуть, быстро выпить	verb	heuristic		colloquial	быстро выпить|махнуть|скорее выпить|стремительно выпить
mahovi	маховик	noun	default		standard	маховик
mahr	махра	noun	default		standard	махра
maj	май	noun	default		standard	май
majako	маячный корабль	adjective	heuristic		standard	маячный корабль|маячный кораблик|маячный судно
majbut	будущее	adjective	heuristic	nədze	standard	будущее
majdan	площадь	noun	default	plośad	standard	площадь
majgi	цвет красный	noun	default		standard	цвет красный
majjy	гребля	noun	default		standard	гребля
makete	макет техники	noun	default		standard	макет техники
makitr	макитра	noun	default		standard	макитра
maklto	маклер торговый	noun	default		standard	маклер торговый
makram	макраме	noun	default		standard	макраме
makyl	водяника	noun	default		standard	водяника
mal	метрдотель	noun	default		standard	метрдотель
malahi	малахит	noun	default		standard	малахит
malisa	малина садовая	noun	default		standard	малина садовая
maljki	малярная кисть	adjective	heuristic		standard	малярная кисть|малярная рука|малярная ручища
maljva	малярный валик	adjective	heuristic		standard	малярный валик
malneu	малая неудача	adjective	heuristic		standard	малая неудача|маленькяя неудача|мелкяя неудача|небольшая неудача
malo	мало	noun	default	əl	standard	мало (квантор дубль-уточнение|мало|малое количество (квантор дубль-уточнение|немного (квантор дубль-уточнение
malob	калина	noun	default		standard	калина
maloj	малой, младший или молодой	adjective	heuristic		colloquial	малой|младший|молодой
malu	почему	noun	default	potś	standard	почему
malyj	малый	adjective	heuristic	atæn	standard	малый
maman	маман, мать	noun	default		colloquial	маман|мать
mamka	мамка, мать	noun	default		colloquial	мамка|мать
man	профсоюзная путёвка	adjective	heuristic		standard	профсоюзная путевка
mangde	манговое дерево	adjective	heuristic		standard	манговое дерево
manisa	маникюрный салон	adjective	heuristic		standard	маникюрный салон
mano	транскодирование	adjective	heuristic		standard	транскодирование
mantgo	мантия горностаевая	noun	default		standard	мантия горностаевая
mantze	мантия земли	noun	default		standard	мантия земли
manu	манул	noun	default		standard	манул
manźru	манжета рукава	noun	default		standard	манжета рукава
mappæ	подкрепление подошедшее	adjective	heuristic		standard	подкрепление подошедшее
mapəp	монета серебряная	noun	default		standard	монета серебряная
mar	мельник у жёрнова	noun	default		standard	мельник у жернова
marabu	марабу	noun	default		standard	марабу
marev	марево	noun	default		standard	марево
margaj	маргай	noun	default		standard	маргай
marina	маринад	noun	default		standard	маринад
maripr	маринад пряный	noun	default		standard	маринад пряный
mariuk	маринованное в уксусе	adjective	heuristic		standard	маринованное в уксусе
marjan	марьянник	noun	default		standard	марьянник
markpo	марка почтовая	noun	default		standard	марка почтовая
marlin	марлинь	noun	default		standard	марлинь
marodj	мародёрство	noun	default		standard	мародерство
marsø	сказка	noun	default		standard	сказка
martpe	мартеновская печь	adjective	heuristic		standard	мартеновская печь
martyś	мартышка	noun	default		standard	мартышка
marśli	маршрутный лист экспедиции	adjective	heuristic		standard	маршрутный лист экспедиции
marśəru	маршрутизатор	noun	default		standard	маршрутизатор
mask	маска	noun	default	kyś	standard	маска
maskpo	маскировка позиций	noun	default		standard	маскировка позиций
maskse	маскировочная сеть	adjective	heuristic		standard	маскировочная сеть
masl	масло	noun	default	fød	standard	масло
maslen	масленица	noun	default		standard	масленица
maslkr	масляная краска	adjective	heuristic		standard	масляная краска
maslza	маслобойный завод	adjective	heuristic		standard	маслобойный завод|маслобойный предприятие|маслобойный фабрика
masssa	массажный салон	adjective	heuristic		standard	массажный салон
masste	масса тела физическая	noun	default		standard	масса тела физическая|вес тела физическая|куча тела физическая|много тела физическая|множество тела физическая|тяжесть тела физическая
maste	мастерская	adjective	heuristic		standard	мастерская
master	мастерство	noun	default		standard	мастерство
masəv	безопасный (прилагательное)	adjective	heuristic		standard	безопасный|защищенный|неопасный
matevo	материал воск	noun	default		standard	материал воск
matotś	маточник	noun	default		standard	маточник
mattvo	мать твою (грубое восклицание)	verb	heuristic		colloquial	мать твою (грубое восклицание
mattəśk	матчкат	noun	default		standard	матчкат
matśle	мачтовый лес	adjective	heuristic		standard	мачтовый лес|мачтовый лесной массив|мачтовый чаща
matśo	мачо	noun	default		colloquial	мачо
matśsl	мачта сломанная	noun	default		standard	мачта сломанная
matśt	мачта	noun	default		standard	мачта
mavko	булочная	adjective	heuristic		standard	булочная
mavmi	потомок	noun	default		standard	потомок
mavəv	присяжный	adjective	heuristic	prisja	standard	присяжный
maśag	БТИ бюро техинвентаризации	verb	heuristic		standard	бти бюро техинвентаризации
maśi	шпатель	noun	default		standard	шпатель
maśiig	машинка игрушечная	noun	default		standard	машинка игрушечная
maśime	машинист метро	noun	default		standard	машинист метро
maśin	машина	noun	default		standard	машина
maśiot	машинное отделение судна	adjective	heuristic		standard	машинное отделение судна
maśu	арбузная корка	adjective	heuristic		standard	арбузная корка
maśyv	доска объявлений	noun	default		standard	доска объявлений
maź	клубок нити	noun	default		standard	клубок нити
maźso	кремень	noun	default		standard	кремень
maźæ	самосев	noun	default		standard	самосев
maźźə	крыша дранкой крытая	noun	default		standard	крыша дранкой крытая
mda	мда	noun	default		colloquial	мда
meb	созвездие близнецов	adjective	heuristic		standard	созвездие близнецов
mebun	летний ливень	adjective	heuristic		standard	летний ливень
mebəź	лесной дух-хранитель	adjective	heuristic		standard	лесной дух-хранитель
mecøv	время сева	noun	default		standard	время сева|период сева|срок сева
mecøś	орёл	noun	default		standard	орел
medap	хариус	noun	default		standard	хариус
medazo	медаль золотая школьная	noun	default		standard	медаль золотая школьная
medet	обобщать	verb	explicit		standard	обобщать
median	медианта	noun	default		standard	медианта
medik	окрестность (множество точек около данной точки)	verb	heuristic		standard	окрестность (множество точек около данной точки
medios	медицинское освидетельствование	adjective	heuristic		standard	медицинское освидетельствование
medlen	медленноварка	noun	default		standard	медленноварка
medokr	медовуха крепкая	noun	default		standard	медовуха крепкая
medome	медовый месяц	adjective	heuristic		standard	медовый месяц|медовый луна|медовый месячный период|медовый спутник
medosp	медовый спас	adjective	heuristic		standard	медовый спас
medovu	медовуха	noun	default		standard	медовуха
medsan	медсанбат	noun	default	øźag	standard	медсанбат
medtaz	медный таз	adjective	heuristic		standard	медный таз
meduz	медуза	noun	default		standard	медуза
medvbe	медвежья берлога	noun	default		standard	медвежья берлога
medve	медведь	noun	default	gijve	standard	медведь
medved	медведка	noun	default		standard	медведка
mefiv	скерцо	noun	default		standard	скерцо
mehani	механизм	noun	default		standard	механизм
mehatr	мехатроник	noun	default		standard	мехатроник
mehiku	мехи кузнечные	noun	default		standard	мехи кузнечные
mehøz	приёмный отец	adjective	heuristic		standard	приемный отец
mejster	старший мастер цеха	adjective	heuristic		standard	старший мастер цеха
mejuź	пестрый	adjective	heuristic	pjostr	standard	пестрый
mekef	казеин	noun	default		standard	казеин
mekuh	коворкинг	noun	default		standard	коворкинг
melaź	руконожка	noun	default		standard	руконожка
melip	лакколит	noun	default		standard	лакколит
melkij	мелкий, ребёнок или младший	adjective	heuristic		colloquial	мелкий|младший|ребенок
melkov	мелководье	noun	default		standard	мелководье
melkvz	мельком взглянуть	verb	explicit		standard	мельком взглянуть
melnit	мельница	noun	default		standard	мельница
melnve	мельница ветряная	noun	default		standard	мельница ветряная
melnvo	мельница водяная	noun	default		standard	мельница водяная
melry	день летнего солнцестояния	noun	default		standard	день летнего солнцестояния|дневное время летнего солнцестояния|сутки летнего солнцестояния
melyg	камертон	noun	default	kamert	standard	камертон
memal	берёза плакучая	noun	default		standard	береза плакучая
memas	мемас, мем	noun	default		colloquial	мем|мемас
men	мятежная область	adjective	heuristic		standard	мятежная область|мятежная край|мятежная регион|мятежная территория
mepæh	крачка	noun	default		standard	крачка
mer	ткань хлопковая	noun	default		standard	ткань хлопковая
meraz	мера зерна пудовая	noun	default		standard	мера зерна пудовая
meraze	мера зерна	noun	default		standard	мера зерна
meroni	мероним	noun	default		standard	мероним
mersto	мэр столицы	noun	default		standard	мэр столицы
mertəv	мертвый	adjective	heuristic	buc	standard	мертвый
mery	мерить	verb	heuristic		standard	мерить
merzən	мерзнуть	verb	heuristic	mogiź	standard	мерзнуть
mesir	баклажан	noun	default		standard	баклажан
mesjæ	узор	noun	default		standard	узор
mespæ	боевая тревога общая	adjective	heuristic		standard	боевая тревога общая
mest	месть	verb	heuristic		standard	месть
mestra	месторождение разведанное	adjective	heuristic		standard	месторождение разведанное
meta	адиабатность	verb	heuristic		standard	адиабатность
metamo	метаморфизм	noun	default		standard	метаморфизм
metase	метасеквойя	noun	default		standard	метасеквойя
metats	метацентр	noun	default		standard	метацентр
metel	метель	noun	default		standard	метель
meteor	метеороид	noun	default		standard	метеороид
metepo	метеоролог полевой	noun	default		standard	метеоролог полевой
metevy	метеостанция высокогорная	noun	default		standard	метеостанция высокогорная
metodi	методичка	noun	default	nønem	standard	методичка
metron	метроном	noun	default	mydæm	standard	метроном
metrop	метрополия	noun	default	jip	standard	метрополия
mettəśi	метчик	noun	default		standard	метчик
metś	меч	noun	default		standard	меч
metśt	мечтать	verb	explicit		standard	мечтать
metər	стилет	noun	default	gæses	standard	стилет
mezon	мезон	noun	default		standard	мезон
mezopa	мезопауза	noun	default		standard	мезопауза
mezots	мезоциклон	noun	default		standard	мезоциклон
mezøk	взяточничество	noun	default		standard	взяточничество
meśok	мешок	noun	default		standard	мешок
meśomu	мешок муки свежемолотой	noun	default		standard	мешок муки свежемолотой
meśot	дисконтирование	adjective	heuristic		standard	дисконтирование
meśotś	мешочница	noun	default		standard	мешочница
meśoze	мешок зерна	noun	default		standard	мешок зерна
meźdom	междометие	adjective	heuristic	ajoj	standard	междометие
meźdpr	между прочим (вводное слово)	noun	default		standard	между прочим (вводное слово|между прочим (вводное выражение|между прочим (вводное лексема
meźen	межень	noun	default		standard	межень
meźo	вербовщик	noun	default	mæmøb	standard	вербовщик
meźof	кусать	verb	heuristic	huśən	standard	кусать
mi	разумеется (вводное слово)	noun	default		standard	разумеется (вводное слово|разумеется|разумеется (вводное выражение|разумеется (вводное лексема
mib	гости на празднике	verb	heuristic		standard	гости на празднике
miba	финик	noun	default		standard	финик
mic	тракторист	noun	default		standard	тракторист
mifa	колонтитул	noun	default		standard	колонтитул
mifi	флешка	noun	default	fleśk	standard	флешка
mig	прыжок в длину	noun	default		standard	прыжок в длину
migke	горе	noun	default		standard	горе
migøj	колчан со стрелами полный	noun	default		standard	колчан со стрелами полный|колчан со стрелами наполненный|колчан со стрелами целый
miho	октавер	noun	default		standard	октавер
mihør	трибуна стадиона	noun	default		standard	трибуна стадиона
mij	зонт	noun	default		standard	зонт
mijeź	империя	noun	default	iræt	standard	империя
mikap	реквизит	noun	default	rekviz	standard	реквизит
mikrko	микрофон компьютерный	noun	default		standard	микрофон компьютерный
mikro	микропиле	noun	default		standard	микропиле
mikrog	микроглия	noun	default		standard	микроглия
mikrok	микроконтроллер	noun	default		standard	микроконтроллер
mikrom	микрометр	noun	default		standard	микрометр
mikrop	микропорыв	noun	default		standard	микропорыв
mikros	микроскоп	noun	default		standard	микроскоп
mikrotr	микротрубочка	noun	default		standard	микротрубочка
milose	милосердный (прилагательное)	adjective	heuristic		standard	милосердный
milost	милость	verb	heuristic		standard	милость
mimodo	мимолётная досада	adjective	heuristic		standard	мимолетная досада
mimuś	эвкалипт	noun	default		standard	эвкалипт
mimyg	пряности заморские	verb	heuristic		standard	пряности заморские
min	корона солнечная	noun	default		standard	корона солнечная
mindal	миндаль	noun	default		standard	миндаль
mineis	минеральный источник	adjective	heuristic		standard	минеральный источник
minera	минерализатор	noun	default		standard	минерализатор
mingal	минная галерея	adjective	heuristic		standard	минная галерея
miniob	министр обороны	noun	default		standard	министр обороны
minist	министерство	noun	default		standard	министерство
miniś	светодиод	noun	default		standard	светодиод
minog	минога	noun	default		standard	минога
minpol	минное поле смешанное	adjective	heuristic		standard	минное поле смешанное
minumo	минута молчания	noun	default		standard	минута молчания|минутка молчания
minut	минута	noun	default		standard	минута|минутка
minutku	минутку, немного подожди	noun	default		colloquial	минутку|немного подожди|мало подожди|малое количество подожди|малость подожди|слегка подожди|чуть подожди
minæś	камамбер	noun	default		standard	камамбер
miofib	миофибрилла	noun	default		standard	миофибрилла
miomet	миометрий	adjective	heuristic		standard	миометрий
miozin	миозин	noun	default		standard	миозин
mipmap	мипмап	noun	default		standard	мипмап
mipud	стартовая площадка	adjective	heuristic		standard	стартовая площадка
mir	неделя	noun	default		standard	неделя|семидневка
mira	мираж	noun	default		standard	мираж
miraź	заброшенное поле	adjective	heuristic		standard	заброшенное поле
mire	мир	noun	default		standard	мир
mirk	размышлять	verb	heuristic	razmyś	standard	размышлять
miroko	миротворческий контингент	adjective	heuristic		standard	миротворческий контингент
miroso	мировое соглашение сторон	adjective	heuristic		standard	мировое соглашение сторон
mirspr	мирской приговор	adjective	heuristic		standard	мирской приговор
mirssh	мирской сход	adjective	heuristic		standard	мирской сход
mised	зяблик	noun	default		standard	зяблик
misjat	луна	noun	default	luna	standard	луна
mislo	путевой обходчик	adjective	heuristic		standard	путевой обходчик
miso	миелин	noun	default		standard	миелин
mist	город	noun	default	iśəs	standard	город
misø	комод	noun	default	ogøś	standard	комод
mit	монета	noun	default		standard	монета
miting	митинг	noun	default		standard	митинг
mito	артроскоп	noun	default		standard	артроскоп
mitsel	мицелий	adjective	heuristic		standard	мицелий
miv	посиделки девичьи	noun	default		standard	посиделки девичьи
mizans	мизансцена	noun	default		standard	мизансцена
miśoś	самопожертвование	adjective	heuristic	źəg	standard	самопожертвование
miźet	замечать	verb	explicit		standard	замечать
miźig	бункеровка	noun	default		standard	бункеровка
miźuf	полка для посуды	noun	default		standard	полка для посуды
mjagk	мягкий	adjective	heuristic		standard	мягкий|нежесткий|податливый
mjakpl	мякоть плода	verb	heuristic		standard	мякоть плода
mjasfa	мясной фарш	adjective	heuristic		standard	мясной фарш
mjaskr	мясной крюк	adjective	heuristic		standard	мясной крюк
mjaso	мясо	noun	default		standard	мясо|мясная пища
mjasra	мясной рассол	adjective	heuristic		standard	мясной рассол
mjasru	мясорубка ручная	noun	default		standard	мясорубка ручная
mjatde	мяч детский резиновый	noun	default		standard	мяч детский резиновый
mjatjo	мяч для йоги	noun	default		standard	мяч для йоги
mjatvo	мятеж вооружённый	noun	default		standard	мятеж вооруженный
mjatś	мяч	noun	default		standard	мяч
mjauka	мяуканье	noun	default		standard	мяуканье
mjaz	мышца	noun	default	vanlæ	standard	мышца
mladen	младенец	noun	default		standard	младенец
mladre	младший ребёнок	adjective	heuristic		standard	младший ребенок|младший дитя|младший малыш
mladve	младшая ветвь рода	adjective	heuristic		standard	младшая ветвь рода
mletdo	млечная дорога	adjective	heuristic		standard	млечная дорога|млечная путь|млечная трасса
mletpu	млечный путь	adjective	heuristic		standard	млечный путь|млечный дорога|млечный трасса
mljat	млять (грубое восклицание)	verb	heuristic		colloquial	млять (грубое восклицание
mlynet	блин	noun	default	blin	standard	блин (мягкое ругательство|блин
mnogou	многоугольник	noun	default		standard	многоугольник
mnogsi	многопартийная система	adjective	heuristic		standard	многопартийная система|многопартийная структура|многопартийная устройство
mnoźes	множество (набор различных элементов)	noun	default		standard	множество (набор различных элементов|куча (набор различных элементов|масса (набор различных элементов|много (набор различных элементов
mobili	мобилизация	noun	default		standard	мобилизация
mocmu	мельник	noun	default		standard	мельник
moder	модер, модератор	noun	default		colloquial	модер|модератор
modera	модерато	noun	default		standard	модерато
moderka	модерка, права модератора	noun	default		colloquial	модерка|права модератора
modern	модернизация	noun	default		standard	модернизация
modesa	моделирование самолётов	adjective	heuristic		standard	моделирование самолетов
mody	рвать занавеску	verb	heuristic		standard	рвать занавеску
mof	наручи	noun	default		standard	наручи
mofjæ	пехота	noun	default		standard	пехота
mogiho	могильный холм	adjective	heuristic		standard	могильный холм
mogil	могила	noun	default		standard	могила
mogiź	мёрзнуть	verb	explicit		standard	мерзнуть
mogyb	крепдешин	noun	default		standard	крепдешин
moh	мох	noun	default	əped	standard	мох
mojne	линия наследования	noun	default		standard	линия наследования
mojo	сетчатка	noun	default		standard	сетчатка
moju	братина	noun	default		standard	братина
mojusr	моющее средство	adjective	heuristic		standard	моющее средство
mok	приезжать	verb	explicit		standard	приезжать
mokret	мокрец	noun	default		standard	мокрец
mol	отчаяние	adjective	heuristic		standard	отчаяние
molebe	молебен	noun	default		standard	молебен
moleku	молекула	noun	default	lys	standard	молекула
molibd	молибденит	noun	default		standard	молибденит
moliis	молитва об исцелении	noun	default		standard	молитва об исцелении
molitv	молитва	noun	default		standard	молитва
molivo	молитва воина	noun	default		standard	молитва воина
molni	молния	noun	default		standard	молния
molod	молодой	adjective	heuristic	źukuź	standard	молодой
molodi	молодило	noun	default		standard	молодило
molodo	молодожены	noun	default	źozyf	standard	молодожены
molodtśaga	молодчага, молодец	noun	default		colloquial	молодец|молодчага
molofe	молочная ферма	adjective	heuristic		standard	молочная ферма
molok	молоко	noun	default	zølnu	standard	молоко
moloku	молот кузнечный тяжёлый	noun	default		standard	молот кузнечный тяжелый|молот кузнечный увесистый
molopo	молочная порода коров	adjective	heuristic		standard	молочная порода коров
molot	молот	noun	default		standard	молот
moltki	молча кивать	verb	explicit		standard	молча кивать
momiś	сумо	noun	default	sumo	standard	сумо
mon	рубин	noun	default		standard	рубин
monarh	монархия	noun	default		standard	монархия
monarj	монах в рясе	noun	default		standard	монах в рясе
monaue	монастырь уединённый	noun	default		standard	монастырь уединенный
mone	монета	noun	default	mit	standard	монета
moneme	монета медная старая	noun	default		standard	монета медная старая|монета медная ветхяя|монета медная древняя
moniko	монитор компьютерный	noun	default		standard	монитор компьютерный
monno	лопата садовая	noun	default		standard	лопата садовая
monodo	монолитный дом	adjective	heuristic		standard	монолитный дом|монолитный жилище|монолитный жилье|монолитный обиталище
monoid	моноид	noun	default		standard	моноид
monolo	монолог	noun	default	fæśpa	standard	монолог
monops	монопсония	noun	default		standard	монопсония
monots	моноцит	noun	default		standard	моноцит
monsəte	монстера	noun	default		standard	монстера
montjo	монтёр	noun	default		standard	монтер
montza	монтаж записи	noun	default		standard	монтаж записи
mop	грелка	noun	default		standard	грелка
mopźu	бунтовщик	noun	default		standard	бунтовщик
mora	колос	noun	default	kolos	standard	колос
morauś	моральный ущерб	adjective	heuristic		standard	моральный ущерб
morden	мордент	noun	default		standard	мордент
more	море	noun	default		standard	море|водное пространство|морская акватория
moren	морена	noun	default	køźam	standard	морена
morg	моргать	verb	heuristic	rehab	standard	моргать
morgan	морганит	noun	default		standard	морганит
morir	пума	noun	default		standard	пума
morkəv	морковь	noun	default	gøræg	standard	морковь
morok	морок	noun	default		standard	морок
moros	морось	noun	default		standard	морось
morozn	морозник	noun	default		standard	морозник
morośk	морошка	noun	default	cən	standard	морошка
moroź	мороженица	noun	default		standard	мороженица
moroźe	мороженое	adjective	heuristic		standard	мороженое
morpra	морское право	adjective	heuristic		standard	морское право|морское правомочие
morsja	морс ягодный	noun	default		standard	морс ягодный
morsko	морской конёк	adjective	heuristic		standard	морской конек
morspi	морской пират	adjective	heuristic		standard	морской пират
morspr	морской прибой шумный	adjective	heuristic		standard	морской прибой шумный
morsto	морской торговец	adjective	heuristic		standard	морской торговец
mortor	морская торговая гильдия	adjective	heuristic		standard	морская торговая гильдия
morzve	морская звезда	adjective	heuristic		standard	морская звезда|морская светило
morś	морщиться	verb	explicit		standard	морщиться
morźkl	моржовый клык	adjective	heuristic		standard	моржовый клык
mos	отводить взгляд	verb	explicit		standard	отводить взгляд|отводить мнение|отводить позиция
mosto	мостовщик	noun	default	ægoj	standard	мостовщик
mostos	мостостроитель	noun	default		standard	мостостроитель
mostov	мостовая	adjective	heuristic	leliź	standard	мостовая
mosva	страж границы	noun	default		standard	страж границы
motnut	мотнуть, быстро съездить	verb	heuristic		colloquial	быстро съездить|мотнуть|скорее съездить|стремительно съездить
motoma	моторное масло	adjective	heuristic		standard	моторное масло
motsar	моцарелла	noun	default		standard	моцарелла
motuzk	веревка	noun	default	zæjuh	standard	веревка
motyg	мотыга	noun	default		standard	мотыга
motśal	мочалка	noun	default		standard	мочалка
motəc	ювелир	noun	default		standard	ювелир
mov	порок трусости	noun	default		standard	порок трусости
movaź	трон резной	noun	default		standard	трон резной
mozaik	мозаика	noun	default		standard	мозаика
mozok	мозг	noun	default	źəfvo	standard	мозг
mozøj	подавлять восстание	verb	explicit		standard	подавлять восстание
mozźet	мозжечок	noun	default		standard	мозжечок
moś	тёмный	adjective	heuristic		standard	темный
mośenn	мошенничество	noun	default	vekuh	standard	мошенничество
mośhæ	полупроводник	noun	default		standard	полупроводник
mośi	мощи	noun	default		standard	мощи
mośnfi	мощность физическая	verb	heuristic		standard	мощность физическая
moźhu	морская сирена	adjective	heuristic		standard	морская сирена
moźøz	феррит	noun	default		standard	феррит
mramor	мрамор	noun	default		standard	мрамор
mri	мечтать	verb	heuristic	metśt	standard	мечтать
mrija	мечта	noun	default	śygnu	standard	мечта
mub	под печи горячий	noun	default		standard	под печи горячий|под печи жаркий|под печи раскаленный
mucja	хищник	noun	default		standard	хищник
mucoj	косточка плода	noun	default		standard	косточка плода
mudak	мудак (грубое оскорбление)	noun	default		colloquial	мудак (грубое оскорбление
mudir	пастбище высокогорное	noun	default		standard	пастбище высокогорное
mudret	мудрец	noun	default		standard	мудрец
mudris	мудрость	verb	heuristic	næd	standard	мудрость
mug	спутниковая связь	adjective	heuristic		standard	спутниковая связь
muge	термоформование	adjective	heuristic		standard	термоформование
muha	муха	noun	default		standard	муха
muhot	предплюсна	noun	default		standard	предплюсна
muhus	увертюра	noun	default		standard	увертюра
mukgæ	кешью	noun	default		standard	кешью
mukoza	мукомольный завод	adjective	heuristic		standard	мукомольный завод|мукомольный предприятие|мукомольный фабрика
muljar	каменщик	noun	default	śokva	standard	каменщик
mulrab	мул рабочий	noun	default		standard	мул рабочий
multi	мультикаст	noun	default		standard	мультикаст
multik	мультиколлинеарность	verb	heuristic		standard	мультиколлинеарность
mulyk	микропроцессор	noun	default		standard	микропроцессор
mulæn	антифон	noun	default		standard	антифон
mumøź	цеп молотильный крестьянский	noun	default		standard	цеп молотильный крестьянский
mun	дипломатическая нота	adjective	heuristic		standard	дипломатическая нота
munah	насосная станция нефтяная	adjective	heuristic		standard	насосная станция нефтяная
munits	муниципалитет	noun	default		standard	муниципалитет
munyz	перемычка	noun	default		standard	перемычка
mur	окружение группировки	adjective	heuristic		standard	окружение группировки
murave	муравейник	noun	default		standard	муравейник
muren	мурена	noun	default		standard	мурена
muslin	муслин	noun	default		standard	муслин
musopo	мусорный полигон	adjective	heuristic		standard	мусорный полигон
musoro	мусоровоз	noun	default		standard	мусоровоз
musszi	муссон зимний	noun	default		standard	муссон зимний
mut	мутный (прилагательное)	adjective	heuristic		standard	мутный
muta	мут, запрет писать	noun	default		colloquial	запрет писать|мут|бан писать|блокировка писать|запрет записывать|запрет написать
mutśen	мученик	noun	default	atoj	standard	мученик
muv	духи	noun	default		standard	духи
muvøt	сумматор	noun	default		standard	сумматор
muz	сто	numeral	heuristic		standard	сто
muzeek	музейная экспозиция археологии	adjective	heuristic		standard	музейная экспозиция археологии
muzej	музей	noun	default		standard	музей
muzoj	твердь небесная	noun	default		standard	твердь небесная
muzyk	музыка	noun	default	jæztæ	standard	музыка|музыкальное произведение
muś	бояться	verb	heuristic		standard	бояться|опасаться|страшиться
muśev	субгигант	noun	default		standard	субгигант
muśmul	мушмула	noun	default		standard	мушмула
muźik	мужик, мужчина	noun	default		colloquial	мужик|мужчина|человек мужского пола
myc	соска	noun	default		standard	соска
mycyź	коралл	noun	default		standard	коралл
mycød	гордыня скрытая	noun	default		standard	гордыня скрытая
myd	неологизм	noun	default		standard	неологизм
mydæm	метроном	noun	default		standard	метроном
myf	молитва о победе	noun	default		standard	молитва о победе
myfny	примета погодная	noun	default		standard	примета погодная
myg	надежда	noun	default		standard	надежда
mykyh	дорогой ценой (прилагательное)	adjective	heuristic		standard	дорогой ценой|недешевый ценой|ценный ценой
mykæś	овальная форма	adjective	heuristic		standard	овальная форма
myl	памятная дата государственная	adjective	heuristic		standard	памятная дата государственная
myla	мыло	noun	default		standard	мыло
myloho	мыло хозяйственное	noun	default		standard	мыло хозяйственное
mym	смеяться	verb	explicit		standard	смеяться|хохотать
mynul	прошлое	adjective	heuristic	øśur	standard	прошлое
myslyv	охотник	noun	default	kəp	standard	охотник
mysob	завещание	adjective	heuristic	esæb	standard	завещание
mysska	мыс скалистый	noun	default		standard	мыс скалистый
mysød	ткач	noun	default		standard	ткач
myt	тяжёлый	adjective	heuristic		standard	тяжелый|увесистый
mytar	мытарь	noun	default		standard	мытарь
mytets	художник	noun	default	væbzo	standard	художник
mytij	походный костёр	adjective	heuristic		standard	походный костер
myto	пошлина	noun	default	rapźe	standard	пошлина
mytś	мычание	adjective	heuristic		standard	мычание
myv	кадка квашения	noun	default		standard	кадка квашения
myveś	остеобласт	noun	default		standard	остеобласт
myviś	тайное голосование	adjective	heuristic		standard	тайное голосование
myvæ	стационарность	verb	heuristic		standard	стационарность
myz	юбилей	noun	default		standard	юбилей
myzor	причастие	adjective	heuristic		standard	причастие
myś	мышь	noun	default	fønle	standard	мышь
myśkom	мышь компьютерная	noun	default		standard	мышь компьютерная
myślen	мышление	adjective	heuristic	zəź	standard	мышление
myźim	компот из яблок	noun	default		standard	компот из яблок
myźis	код противника расшифрованный	noun	default		standard	код противника расшифрованный
mæb	каблук обувной	noun	default		standard	каблук обувной
mæbme	способ приготовления	noun	default		standard	способ приготовления
mæby	халькопирит	noun	default		standard	халькопирит
mæbæd	переговорный процесс дипломатический	adjective	heuristic		standard	переговорный процесс дипломатический
mæd	баллада	noun	default		standard	баллада
mædśi	хрупкий (прилагательное)	adjective	heuristic		standard	хрупкий
mæg	выпас	noun	default		standard	выпас
mægli	морской путь	adjective	heuristic		standard	морской путь|морской дорога|морской трасса
mægmy	приданое невесты	adjective	heuristic		standard	приданое невесты
mæj	таять	verb	explicit		standard	таять
mæk	контрразведка	noun	default		standard	контрразведка
mælźi	язык	noun	default		standard	язык
mæm	зрачок	noun	default		standard	зрачок
mæmym	путевые заметки	adjective	heuristic		standard	путевые заметки
mæmze	движение сопротивления	adjective	heuristic		standard	движение сопротивления
mæmøb	вербовщик	noun	default		standard	вербовщик
mæn	снаряд артиллерийский	noun	default		standard	снаряд артиллерийский
mænci	нянька	noun	default		standard	нянька
mæp	подъёмный мост крепости	adjective	heuristic		standard	подъемный мост крепости
mærøj	водитель такси	noun	default		standard	водитель такси
mætyg	атомная станция	adjective	heuristic		standard	атомная станция
mætys	щипать	verb	explicit		standard	щипать
mæśbø	пуговица запасная	noun	default		standard	пуговица запасная
mæśærel	мы	pronoun	rule		standard	мы
mø	мой	adjective	heuristic		standard	мой
møb	ваниль	noun	default		standard	ваниль
møbe	пчела	noun	default	ptśel	standard	пчела
møbov	просыпаться с похмелья	verb	heuristic		standard	просыпаться с похмелья
møbæt	полутон	noun	default		standard	полутон
møcok	время	noun	default		standard	время|период|срок
møgos	создавать	verb	explicit		standard	создавать
møh	беременность	verb	heuristic		standard	беременность
møho	слега	noun	default		standard	слега
møhry	обещание	adjective	heuristic		standard	обещание
møhrø	мохнатый (прилагательное)	adjective	heuristic		standard	мохнатый
møhəl	восстановление связи	adjective	heuristic		standard	восстановление связи
møj	блины масленичные	noun	default		standard	блины масленичные
møjed	канцлер	noun	default		standard	канцлер
møk	учебный год	adjective	heuristic		standard	учебный год|учебный годичный период|учебный лет
møkbə	маячный огонь	adjective	heuristic		standard	маячный огонь|маячный пламя|маячный пожар
mølcu	сомневаться в словах	verb	explicit		standard	сомневаться в словах
mømup	репликация	noun	default		standard	репликация
møpys	зерно	noun	default	zern	standard	зерно
mørbø	камыш	noun	default		standard	камыш
mørəp	походная аптека	adjective	heuristic		standard	походная аптека
møtnə	коптильня дворовая	noun	default		standard	коптильня дворовая
møtzo	перепрыгивать забор	verb	heuristic		standard	перепрыгивать забор
møtæg	эхеверия	noun	default		standard	эхеверия
møv	дешифровка	noun	default		standard	дешифровка
møvad	гордыня	noun	default		standard	гордыня
møz	светодиодная лента	adjective	heuristic		standard	светодиодная лента
møśoc	силки	noun	default		standard	силки
møźbe	лук	noun	default		standard	лук
møźiv	гора вулканическая	noun	default		standard	гора вулканическая|вершина вулканическая|возвышенность вулканическая
møźti	снегоуборочная машина	adjective	heuristic		standard	снегоуборочная машина|снегоуборочная авто|снегоуборочная автомобиль|снегоуборочная тачка
møźty	бригада скорой помощи	noun	default		standard	бригада скорой помощи
møźug	министерство	noun	default	minist	standard	министерство
məb	тоннель подводный	noun	default		standard	тоннель подводный
məd	обморожение	adjective	heuristic		standard	обморожение
məf	резервный полк введённый в бой	adjective	heuristic		standard	резервный полк введенный в бой|резервный полк введенный в битва|резервный полк введенный в сражение|резервный полк введенный в схватка
məfgø	полевой лагерь экспедиции	adjective	heuristic		standard	полевой лагерь экспедиции
məh	приворотное зелье	adjective	heuristic		standard	приворотное зелье
məhpu	флот	noun	default		standard	флот
məjfa	вывод логический	noun	default		standard	вывод логический
məlam	священное животное	adjective	heuristic		standard	священное животное
məlro	волна физическая	noun	default		standard	волна физическая
məpar	парник плёночный	noun	default		standard	парник пленочный
məplo	страховая компания	adjective	heuristic		standard	страховая компания|страховая предприятие|страховая фирма
məpyk	кочерга	noun	default	zøgæt	standard	кочерга
mər	кубок серебряный полный	noun	default		standard	кубок серебряный полный|кубок серебряный наполненный|кубок серебряный целый
məs	гаснуть	verb	explicit		standard	гаснуть
məsøś	военная хитрость	adjective	heuristic		standard	военная хитрость
məz	телега	noun	default		standard	телега
məzkə	обряд имянаречения	noun	default		standard	обряд имянаречения
məśsa	кость	verb	heuristic		standard	кость
na	против (предлог)	particle	rule		standard	против
nabiko	набивать колбасу	verb	heuristic		standard	набивать колбасу
nablmi	наблюдательная миссия	adjective	heuristic		standard	наблюдательная миссия
nabəh	буровая установка	adjective	heuristic		standard	буровая установка
nad	подчинять себе	verb	explicit		standard	подчинять себе
nadeug	надежда угасающая	noun	default		standard	надежда угасающая
nadfil	надфиль	noun	default		standard	надфиль
nadgəro	надгробие	adjective	heuristic	hok	standard	надгробие
nadi	надежда	noun	default	myg	standard	надежда
nadif	фрикатива	noun	default		standard	фрикатива
nadir	надир	noun	default		standard	надир
nadkəry	надкрылье	noun	default		standard	надкрылье
nado	импликация	noun	default		standard	импликация
nadzpe	надземный переход	adjective	heuristic		standard	надземный переход
naebat	наебать (мат, обмануть)	verb	heuristic		colloquial	наебать (мат|обмануть
naedot	наедаться до отвала	verb	heuristic		standard	наедаться до отвала
naemni	наемник	noun	default	ytoź	standard	наемник
nagbə	столетие	adjective	heuristic		standard	столетие
nageś	серп луны	noun	default		standard	серп луны
nagrot	награждение отличившихся	adjective	heuristic		standard	награждение отличившихся
nagrza	награда за подвиг	noun	default		standard	награда за подвиг
nagsy	ответчик	noun	default		standard	ответчик
naho	находчивый	adjective	heuristic		standard	находчивый
nahod	находить	verb	heuristic		standard	находить|обнаруживать|отыскивать
nahośa	находить шапку в огороде	verb	heuristic		standard	находить шапку в огороде|обнаруживать шапку в огороде|отыскивать шапку в огороде
nahuj	нахуй (мат, направление или усилитель)	noun	default		colloquial	направление|нахуй (мат|усилитель
najom	наём	noun	default		standard	наем
naka	приказ	noun	default	ølor	standard	приказ
nakatit	накатить, выпить алкоголя	verb	heuristic		colloquial	выпить алкоголя|накатить
nakole	наколенники	noun	default		standard	наколенники
nakova	наковальня	noun	default		standard	наковальня
nakoza	наколенники защитные	noun	default		standard	наколенники защитные
nakæś	тревога	noun	default		standard	тревога
naled	наледь	noun	default		standard	наледь
nalifr	наливка фруктовая	noun	default		standard	наливка фруктовая
nalim	налим	noun	default		standard	налим
nalosi	налоговая система	adjective	heuristic		standard	налоговая система|налоговая структура|налоговая устройство
nalzø	мера объёма	noun	default		standard	мера объема
nalæs	прямая трансляция	adjective	heuristic		standard	прямая трансляция
namek	намекать	verb	heuristic	pædəm	standard	намекать
names	наместник	noun	default	øśef	standard	наместник
namjok	намёк	noun	default		standard	намек
namord	намордник	noun	default		standard	намордник
namu	программа	noun	default	programma	standard	программа
namyst	ожерелье	noun	default	por	standard	ожерелье
nani	никелирование	adjective	heuristic		standard	никелирование
nanyś	мрамор	noun	default	mramor	standard	мрамор
nanźo	молот и серп символ	noun	default		standard	молот и серп символ
napad	нападать	verb	heuristic		standard	нападать|атаковать|наступать
napers	наперсток	noun	default	gəp	standard	наперсток
napij	напиток	noun	default	təcla	standard	напиток|питье
naplø	куст декоративный	noun	default		standard	куст декоративный
naprot	напротив	noun	default	əj	standard	напротив
napu	покаяние	adjective	heuristic	orus	standard	покаяние
napuv	основа производная	noun	default		standard	основа производная
nar	народ, люди как общность	noun	default		standard	люди как общность|народ|люди каким образом общность|люди каким способом общность
naref	заразиха	noun	default		standard	заразиха
narjku	наряд по кухне	noun	default		standard	наряд по кухне
narkoz	наркоз	noun	default		standard	наркоз
naroso	народное собрание	adjective	heuristic		standard	народное собрание
nartek	нартекс	noun	default		standard	нартекс
narutr	нарушенная традиция	adjective	heuristic		standard	нарушенная традиция
narśar	наршараб	noun	default		standard	наршараб
nas	улица	noun	default		standard	улица|проезд|улица города
nasetś	насечка (украшение металла врезанным узором)	noun	default		standard	насечка (украшение металла врезанным узором
nasinn	семя	noun	default	æjæn	standard	семя
nasldo	наследственный долг	adjective	heuristic		standard	наследственный долг
nasled	наследство	noun	default	zughi	standard	наследство
naslti	наследный титул	adjective	heuristic		standard	наследный титул
nasoag	насосный агрегат	adjective	heuristic		standard	насосный агрегат
nasost	насосная станция	adjective	heuristic		standard	насосная станция
nasove	насос велосипедный	noun	default		standard	насос велосипедный
nasrat	насрать (грубо: безразлично или испортить)	verb	heuristic		colloquial	испортить|насрать (грубо: безразлично
nastav	наставление	adjective	heuristic		standard	наставление
nastdo	настойка домашняя	noun	default		standard	настойка домашняя
nasto	настоящее	adjective	heuristic		standard	настоящее
nastoj	настойчивость	verb	heuristic		standard	настойчивость
nastso	наступательный союз	adjective	heuristic		standard	наступательный союз
nat	штабная рация	adjective	heuristic		standard	штабная рация
natjpo	натяжной потолок	adjective	heuristic		standard	натяжной потолок
natjur	натюрморт	noun	default		standard	натюрморт
natse	вид на жительство	noun	default		standard	вид на жительство
natsio	национализация	noun	default		standard	национализация
natspa	национальный парк	adjective	heuristic		standard	национальный парк
natś	начертание (вариант рисунка шрифта)	adjective	heuristic		standard	начертание (вариант рисунка шрифта
natśalnitśek	начальничек, начальник с иронией	noun	default		colloquial	начальник с иронией|начальничек
natśob	начинять оболочку	verb	heuristic		standard	начинять оболочку
natśpe	начинать песню	verb	heuristic		standard	начинать песню|приступать песню|стартовать песню
nautil	наутилус	noun	default		standard	наутилус
nautru	научный руководитель	adjective	heuristic		standard	научный руководитель
nautso	научный сотрудник	adjective	heuristic		standard	научный сотрудник
nautst	научная степень	adjective	heuristic		standard	научная степень
nauśbe	наушники беспроводные	noun	default		standard	наушники беспроводные
nauśni	наушники	noun	default		standard	наушники
nav	партизанский отряд	adjective	heuristic		standard	партизанский отряд
navebo	навесная бойница	adjective	heuristic		standard	навесная бойница
navedo	навес от дождя туристический	noun	default		standard	навес от дождя туристический
navedv	навес во дворе	noun	default		standard	навес во дворе
navern	наверное	adjective	heuristic	go	standard	наверное (вводное слово|наверное|наверное (вводное выражение|наверное (вводное лексема
navjst	навязчивый страх	adjective	heuristic		standard	навязчивый страх
navoku	навозная куча	adjective	heuristic		standard	навозная куча|навозная масса|навозная много|навозная множество
navol	наволочка	noun	default	jid	standard	наволочка
naz	называть	verb	explicit		standard	называть
nazsu	решётка ворот	noun	default		standard	решетка ворот
naś	наш	noun	default		standard	наш
naśivo	нашивка воинская	noun	default		standard	нашивка воинская
nbiva	тушить под крышкой	verb	heuristic		standard	тушить под крышкой
nea	неа	noun	default		colloquial	неа|неверно|нет
nebeme	небесная механика	adjective	heuristic		standard	небесная механика
nebesv	небесный свод куполом	adjective	heuristic		standard	небесный свод куполом
nebezn	небесное знамение грозное	adjective	heuristic		standard	небесное знамение грозное
nebit	киноварь	noun	default		standard	киноварь
nebiź	племянник	noun	default	todud	standard	племянник
nebo	небо	noun	default	źoź	standard	небо
neboza	небо затянутое	noun	default		standard	небо затянутое|небеса затянутое|небосвод затянутое
nebula	небулайзер	noun	default		standard	небулайзер
neciź	извиняться	verb	explicit		standard	извиняться
nedost	недостача	noun	default	yreb	standard	недостача
nef	иссушение	adjective	heuristic		standard	иссушение
nefeli	нефелин	noun	default		standard	нефелин
nefosk	нефоскоп	noun	default		standard	нефоскоп
nefron	нефрон	noun	default		standard	нефрон
neftza	нефтеперерабатывающий завод	adjective	heuristic		standard	нефтеперерабатывающий завод|нефтеперерабатывающий предприятие|нефтеперерабатывающий фабрика
negro	фракция парламентская	noun	default		standard	фракция парламентская
neh	древний завет	adjective	heuristic		standard	древний завет|ветхий завет|старый завет
nehe	гелиопауза	noun	default		standard	гелиопауза
neizur	неизвестное в уравнении	adjective	heuristic		standard	неизвестное в уравнении
nejmø	кобра	noun	default		standard	кобра
nek	соблюдение договорённости	adjective	heuristic		standard	соблюдение договоренности
nekk	некк	noun	default		standard	некк
nektar	нектарник	noun	default		standard	нектарник
nekźe	винокуренный завод	adjective	heuristic		standard	винокуренный завод|винокуренный предприятие|винокуренный фабрика
nel	чаща	noun	default		standard	чаща
nelyź	солёное впрок	adjective	heuristic		standard	соленое впрок
nemovl	младенец	noun	default	mladen	standard	младенец
nemær	контролёр качества	noun	default		standard	контролер качества
nenade	ненадежный	adjective	heuristic	oved	standard	ненадежный
nenavi	ненавидеть	verb	heuristic		standard	ненавидеть|не любить|презирать
nenavj	ненавязчивость	verb	heuristic		standard	ненавязчивость
nenæk	специи редкие	noun	default		standard	специи редкие
neobsd	необходимо сделать (модальное выражение)	noun	default		standard	необходимо сделать (модальное выражение|необходимо сделать (модальное лексема|необходимо сделать (модальное слово
neobvy	необходимость выражение	verb	heuristic		standard	необходимость выражение|необходимость лексема|необходимость слово
neobyt	необычный (прилагательное)	adjective	heuristic		standard	необычный
neopyt	неопытный (прилагательное)	adjective	heuristic		standard	неопытный
neotes	неотесанный	adjective	heuristic		standard	неотесанный
neotse	неоцератод	noun	default		standard	неоцератод
neper	валлота	noun	default		standard	валлота
nepiź	мутный	adjective	heuristic	mut	standard	мутный
nepopr	неповиновение приказу	adjective	heuristic		standard	неповиновение приказу
nepose	непоседа	noun	default		standard	непоседа
neprgo	непризнанное государство	adjective	heuristic		standard	непризнанное государство|нелегитимное государство|непризнанное держава|непризнанное страна
neprig	неприглядный	adjective	heuristic		standard	неприглядный
neprokatit	не прокатит, не сработает	noun	default		colloquial	не прокатит|не сработает
nepute	непутевый	adjective	heuristic		standard	непутевый
nerave	неравенство	noun	default		standard	неравенство
nereś	нерешительность	verb	heuristic		standard	нерешительность
nereśi	нерешительный (прилагательное)	adjective	heuristic		standard	нерешительный
neri	коффердам	noun	default		standard	коффердам
nervsi	нервная система	adjective	heuristic		standard	нервная система|нервная структура|нервная устройство
nes	нести	verb	heuristic		standard	нести|переносить|тащить
neskol	несколько (квантор)	noun	default		standard	несколько
nesovy	несогласие выражение	adjective	heuristic		standard	несогласие выражение|несогласие лексема|несогласие слово
nespra	несправедливость	verb	heuristic		standard	несправедливость
nesri	насыщенный аромат	adjective	heuristic		standard	насыщенный аромат
nesttś	нестись через двор	noun	default		standard	нестись через двор|бежать через двор|мчаться через двор
nesveź	несвежий (прилагательное)	adjective	heuristic		standard	несвежий
neterp	нетерпение	adjective	heuristic		standard	нетерпение
nettin	неттинг	noun	default		standard	неттинг
netyk	сапфир	noun	default	kamrə	standard	сапфир
neurja	неурядица	noun	default		standard	неурядица
neusto	неустойка	noun	default		standard	неустойка
neveźe	невежество	noun	default	bonvæ	standard	невежество
nevog	землеройка	noun	default		standard	землеройка
nevosp	невоспитанность	verb	heuristic		standard	невоспитанность
nevozm	невозможно	noun	default	dad	standard	невозможно (модальное выражение|невозможно|невозможно (модальное лексема|невозможно (модальное слово
nevrol	невролог	noun	default		standard	невролог
nevzəra	невзрачный	adjective	heuristic		standard	невзрачный
neśaf	портаменто	noun	default		standard	портаменто
neśpy	дупло с мёдом	noun	default		standard	дупло с медом
neśøz	пьяный человек	adjective	heuristic		standard	пьяный человек|пьяный индивид|пьяный личность|пьяный персона
neźpə	манёвр	noun	default		standard	маневр
nibbəl	ниббл	noun	default		standard	ниббл
nibfe	прощение искреннее	adjective	heuristic		standard	прощение искреннее
nibog	меч в камне	noun	default		standard	меч в камне
nidun	быстроток	noun	default		standard	быстроток
nifut	съемник	noun	default		standard	съемник
nigd	нигде	noun	default		standard	нигде
nihot	ноготь	verb	heuristic	kabov	standard	ноготь
nihuja	нихуя (мат, ничего или нисколько)	noun	default		colloquial	нисколько|нихуя (мат|ничего
nijy	жига	noun	default		standard	жига
nik	размышлять вслух	verb	explicit		standard	размышлять вслух|думать вслух|мыслить вслух|считать вслух
nika	ник, имя пользователя	noun	default		colloquial	имя пользователя|ник|название пользователя|наименование пользователя
nikid	стоматолог	noun	default	pyv	standard	стоматолог
niknejm	никнейм	noun	default		colloquial	никнейм
niko	карьер	noun	default	karer	standard	карьер
nikra	дом отдыха	noun	default		standard	дом отдыха|жилище отдыха|жилье отдыха|обиталище отдыха
nimuj	певец	noun	default		standard	певец
niped	четность (симметрия относительно пространственной инверсии)	verb	heuristic		standard	четность (симметрия относительно пространственной инверсии
nirga	сплав	noun	default		standard	сплав
nirvi	насыпь дорожная	noun	default		standard	насыпь дорожная
nis	нос	noun	default	zəc	standard	нос
nisev	рубанок	noun	default		standard	рубанок
nitevo	нитеводитель	noun	default		standard	нитеводитель
nithlo	нить хлопковая	verb	heuristic		standard	нить хлопковая
nitrid	нитрид	noun	default		standard	нитрид
nitros	нитросоединение	adjective	heuristic		standard	нитросоединение
nityg	аукцион	noun	default		standard	аукцион
nitś	ничья	noun	default		standard	ничья
nitśer	нить шерстяная	verb	heuristic		standard	нить шерстяная
nitśt	ничто	noun	default		standard	ничто
nitśze	ничейная земля	adjective	heuristic		standard	ничейная земля|ничейная грунт|ничейная почва
nivtu	древко копья	noun	default		standard	древко копья
niz	убегать	verb	explicit		standard	убегать
nizmen	низменность	verb	heuristic		standard	низменность
nizoc	скромный по достатку (прилагательное)	adjective	heuristic		standard	скромный по достатку
niśæz	отмена конституции	noun	default		standard	отмена конституции
niź	бродячий кабан	adjective	heuristic		standard	бродячий кабан
niźe	отделять мясо от кости	verb	heuristic		standard	отделять мясо от кости|отделять мясная пища от кости
njantś	нянчение	adjective	heuristic		standard	нянчение
njuh	нюхать	verb	explicit		standard	нюхать
nocri	тайный советник	adjective	heuristic		standard	тайный советник
nocsi	дух-хранитель очага	noun	default		standard	дух-хранитель очага
nocys	радиолокационная станция	adjective	heuristic		standard	радиолокационная станция
nodcu	стенд наглядной агитации	noun	default		standard	стенд наглядной агитации
nodka	семь небес	noun	default		standard	семь небес
nodzo	орошение	adjective	heuristic		standard	орошение
nof	сочувствие	adjective	heuristic		standard	сочувствие
nofup	золотовалютный резерв	adjective	heuristic		standard	золотовалютный резерв
nofy	перебивать	verb	heuristic	əpos	standard	перебивать
noga	нога	noun	default	tufhy	standard	нога|конечность|лапа
nogfə	добрый дух	adjective	heuristic		standard	добрый дух|благой дух|хороший дух
nogny	навигационные приборы	adjective	heuristic		standard	навигационные приборы
nogu	бражник	noun	default		standard	бражник
nojabr	ноябрь	noun	default		standard	ноябрь
noke	обвиняемый	adjective	heuristic	obvinj	standard	обвиняемый
nokeź	пристально смотреть	verb	explicit		standard	пристально смотреть|пристально взирать|пристально видеть|пристально глядеть|пристально замечать|пристально наблюдать|пристально отслеживать|пристально посматривать|пристально следить|пристально увидеть
nokæź	иммунитет	noun	default		standard	иммунитет
nol	ноль	numeral	heuristic		standard	ноль
noləc	странник богомольный	noun	default		standard	странник богомольный
nom	еда вечерняя	noun	default		standard	еда вечерняя|питание вечерняя|пища вечерняя
nomeg	незаконнорожденный	adjective	heuristic	źutku	standard	незаконнорожденный
nomih	аттракцион	noun	default	attrak	standard	аттракцион
nona	нона	noun	default		standard	нона
nop	манометр	noun	default		standard	манометр
nopiv	общественный транспорт	adjective	heuristic		standard	общественный транспорт
nopot	полента	noun	default		standard	полента
nor	оставаться	verb	explicit		standard	оставаться
nora	нора	noun	default		standard	нора
noradr	норадреналин	noun	default		standard	норадреналин
nork	норка	noun	default		standard	норка
norm	норм, нормально	noun	default		colloquial	норм|нормально
normas	нормас, нормально	noun	default		colloquial	нормально|нормас
normir	нормировщик	noun	default		standard	нормировщик
norun	флюорит	noun	default		standard	флюорит
nosime	носилки медицинские	noun	default		standard	носилки медицинские
nosoro	носорог	noun	default		standard	носорог
nostal	ностальгия	noun	default	ønas	standard	ностальгия
nostpr	ностальгия по прошлому	noun	default		standard	ностальгия по прошлому
nosøś	омшаник	noun	default		standard	омшаник
not	причинно-следственная связь	adjective	heuristic		standard	причинно-следственная связь
notago	нотариус городской	noun	default		standard	нотариус городской
notamu	нота музыкальная	noun	default		standard	нота музыкальная
notś	ночь	verb	heuristic		standard	ночь
notśde	ночник детский	noun	default		standard	ночник детский
notśpe	ночной переход	adjective	heuristic		standard	ночной переход
notśpt	ночная птица	adjective	heuristic		standard	ночная птица
notśsm	ночная смена	adjective	heuristic		standard	ночная смена
notśə	коврик для йоги	noun	default		standard	коврик для йоги
noutbu	ноутбук	noun	default		standard	ноутбук
nov	подавление восстания	adjective	heuristic		standard	подавление восстания
novir	колода	noun	default		standard	колода
novitśok	новичок	noun	default		colloquial	новичок
novkon	новая конституция принятая	adjective	heuristic		standard	новая конституция принятая|недавняя конституция принятая|свежяя конституция принятая
novomo	новомодный (прилагательное)	adjective	heuristic		standard	новомодный
novoor	новозакалённое оружие	adjective	heuristic		standard	новозакаленное оружие|новозакаленное вооружение|новозакаленное ствол
novotj	новолуние тёмное	adjective	heuristic		standard	новолуние темное
novovy	новостной выпуск	adjective	heuristic		standard	новостной выпуск
novraj	новый район застройки	adjective	heuristic		standard	новый район застройки|недавний район застройки|свежий район застройки
novyj	новый	adjective	heuristic	ligyf	standard	новый
noś	трудиться	verb	explicit		standard	трудиться
noślø	год	noun	default		standard	год|годичный период|лет
nośæz	заказчик	noun	default	zakazt	standard	заказчик
noź	инструктаж по технике безопасности	noun	default		standard	инструктаж по технике безопасности
noźah	плащ дождевой	noun	default		standard	плащ дождевой
noźn	ножны	noun	default		standard	ножны
noźnśv	ножницы швейные	noun	default		standard	ножницы швейные
nu	ну (слово-паразит)	noun	default		colloquial	ну (слово-паразит
nub	лапти плетёные	verb	heuristic		standard	лапти плетеные
nuba	нуб, неопытный человек	noun	default		colloquial	неопытный человек|нуб|неопытный индивид|неопытный личность|неопытный персона
nubeś	дельфиниум	noun	default		standard	дельфиниум
nuc	страж	noun	default		standard	страж
nuder	тоннель метро	noun	default		standard	тоннель метро
nudi	шаурма	noun	default		standard	шаурма
nudlə	проект инженерный	noun	default		standard	проект инженерный
nufo	апрош	noun	default		standard	апрош
nufuk	агат	noun	default		standard	агат
nug	затмение	adjective	heuristic		standard	затмение
nuge	марь	noun	default		standard	марь
nugif	береста	noun	default	berest	standard	береста
nugum	котёл	noun	default		standard	котел
nujfu	питон	noun	default		standard	питон
nukiś	дуть на ложку	verb	heuristic		standard	дуть на ложку
nukleo	нуклеосома	noun	default		standard	нуклеосома
nukod	мятеж	noun	default		standard	мятеж
nulap	дворцовый переворот	adjective	heuristic		standard	дворцовый переворот
nuli	мантисса	noun	default		standard	мантисса
nulup	мансарда жилая	noun	default		standard	мансарда жилая
numøh	интрон	noun	default		standard	интрон
nurir	антихвост	noun	default		standard	антихвост
nurit	пророчество	noun	default		standard	пророчество
nus	злиться	verb	explicit		standard	злиться
nusəd	молескин	noun	default		standard	молескин
nut	молоток	noun	default		standard	молоток
nutats	нутация	noun	default		standard	нутация
nutri	нутрия	noun	default		standard	нутрия
nuv	власть родовая	verb	heuristic		standard	власть родовая|правление родовая|управление родовая
nuve	конституция	noun	default	konsti	standard	конституция
nuzbæ	президент	noun	default		standard	президент
nuzæź	пирожное	adjective	heuristic		standard	пирожное
nuś	материал верёвка	noun	default		standard	материал веревка
nuśik	воинская присяга	adjective	heuristic		standard	воинская присяга
nuśtæ	маяк береговой	noun	default		standard	маяк береговой
nuśuź	ещё частица	noun	default		standard	еще частица
nuśøp	архаизм	noun	default	źær	standard	архаизм
nuśźe	морское чудовище легендарное	adjective	heuristic		standard	морское чудовище легендарное
nuźbi	валить на бок	verb	heuristic		standard	валить на бок
nuźnsd	нужно сделать (модальное выражение)	noun	default		standard	нужно сделать (модальное выражение|нужно сделать (модальное лексема|нужно сделать (модальное слово
nyb	кузнец	noun	default		standard	кузнец
nycut	дерево	noun	default		standard	дерево
nycæv	разводной мост	adjective	heuristic		standard	разводной мост
nyd	доспех парадный блестящий	noun	default		standard	доспех парадный блестящий
nygez	сорок дней	noun	default		standard	сорок дней
nyhu	радоваться	verb	heuristic	dæś	standard	радоваться
nyj	беззвёздная ночь	adjective	heuristic		standard	беззвездная ночь|беззвездная ночное время|беззвездная темное время суток
nyjni	шурин	noun	default		standard	шурин
nyjti	засуха	noun	default		standard	засуха
nyjæm	подозрительность	verb	heuristic		standard	подозрительность
nyləh	табурет	noun	default		standard	табурет
nym	мутный напиток	adjective	heuristic		standard	мутный напиток|мутный питье
nyplø	посол	noun	default		standard	посол
nyrjza	ныряльщик за жемчугом	noun	default		standard	ныряльщик за жемчугом
nyrk	почка человеческая	noun	default	potśtś	standard	почка человеческая
nyrət	прятки	noun	default		standard	прятки
nyslu	телевизионная башня	adjective	heuristic		standard	телевизионная башня
nytdi	линзы контактные	noun	default		standard	линзы контактные
nytk	нить	verb	heuristic	tor	standard	нить
nyv	экран для проектора	noun	default		standard	экран для проектора
nyvøź	рассуждать	verb	explicit		standard	рассуждать
nyz	карманник	noun	default		standard	карманник
nyzk	низкий	adjective	heuristic	fyn	standard	низкий|невысокий|приземистый
nyzəm	ирония	noun	default		standard	ирония
nyź	учитель математики	noun	default		standard	учитель математики|педагог математики|преподаватель математики
nyźni	глупый	adjective	heuristic		standard	глупый
næbdi	метро подземное	noun	default		standard	метро подземное
næbyn	день поминовения	noun	default		standard	день поминовения|дневное время поминовения|сутки поминовения
næc	очистительный огонь	adjective	heuristic		standard	очистительный огонь|очистительный пламя|очистительный пожар
næcas	кокон шелкопряда	noun	default		standard	кокон шелкопряда
næcdo	групповой этап	adjective	heuristic		standard	групповой этап
næcme	никогда	noun	default		standard	никогда|ни разу|нисколько раз
næcøj	явление	adjective	heuristic		standard	явление
næd	мудрость	verb	heuristic		standard	мудрость
næj	врать	verb	explicit		standard	врать
næk	табун	noun	default		standard	табун
nækyd	межа	noun	default		standard	межа
nælsə	штабные документы захваченные	adjective	heuristic		standard	штабные документы захваченные
næmi	хитрить	verb	heuristic		standard	хитрить
nænij	озоновый слой земли	adjective	heuristic		standard	озоновый слой земли
nænlo	корыто для свиней	noun	default		standard	корыто для свиней
nær	мало	noun	default		standard	мало
nærag	учитель	noun	default		standard	учитель
nærif	прямой эфир телевизионный	adjective	heuristic		standard	прямой эфир телевизионный
nærøk	отрада	noun	default		standard	отрада
næty	коренастый	adjective	heuristic		standard	коренастый
næveb	град	noun	default		standard	град
nævsi	оправдывать	verb	explicit		standard	оправдывать
næz	выключатель света	noun	default		standard	выключатель света
næśu	визжать от страха	verb	heuristic		standard	визжать от страха
nøbnæ	большой	adjective	heuristic		standard	большой|великий|крупный|огромный
nøc	благовония	noun	default		standard	благовония
nød	чашка	noun	default		standard	чашка
nødgæ	песочница	noun	default		standard	песочница
nødi	чернозем	noun	default	tśerno	standard	чернозем
nødky	военный союз оборонительный	adjective	heuristic		standard	военный союз оборонительный
nødyc	шнурки обувные	noun	default		standard	шнурки обувные
nøfpə	вахта корабельная	noun	default		standard	вахта корабельная
nøgot	аспирация	noun	default		standard	аспирация
nøgru	чиновничество	noun	default		standard	чиновничество
nøgæz	швабра	noun	default		standard	швабра
nøh	котёл окружения	noun	default		standard	котел окружения
nøj	пчела-работница	noun	default		standard	пчела-работница
nøjæp	роса	noun	default		standard	роса
nøkræ	гонец конный	noun	default		standard	гонец конный
nøl	трутень пчелиный	noun	default		standard	трутень пчелиный
nølət	запах гари	noun	default		standard	запах гари
nønem	методичка	noun	default		standard	методичка
nønri	маячный смотритель	adjective	heuristic		standard	маячный смотритель
nønśy	святое место	adjective	heuristic		standard	святое место|святое локация|святое точка
nøsəg	шутить	verb	heuristic	kot	standard	шутить
nøtun	трансфузия (переливание крови или ее компонентов)	noun	default		standard	ее компонентов|трансфузия (переливание крови
nøś	ступа	noun	default		standard	ступа
nøślo	космонавт	noun	default		standard	космонавт
nøź	лампочка	noun	default		standard	лампочка
nøźez	океанограф	noun	default		standard	океанограф
nøźvø	сеть	verb	heuristic		standard	сеть
nəbto	распад союза	noun	default		standard	распад союза
nəbźo	придворный шут	adjective	heuristic		standard	придворный шут
nəd	невесомость	verb	heuristic		standard	невесомость
nədyd	игуана домашняя	noun	default		standard	игуана домашняя
nədze	будущее	adjective	heuristic		standard	будущее
nəfar	повозка	noun	default	zodko	standard	повозка
nəfuz	мнимая дружба	adjective	heuristic		standard	мнимая дружба
nəg	военная прокуратура	adjective	heuristic		standard	военная прокуратура
nəh	афоризм	noun	default		standard	афоризм
nəhfo	частушка	noun	default		standard	частушка
nəj	острый	adjective	heuristic		standard	острый
nək	столица	noun	default		standard	столица
nəlej	йога-студия	noun	default		standard	йога-студия
nəm	восемь	numeral	heuristic		standard	восемь
nən	глубокая обида	adjective	heuristic		standard	глубокая обида
nənat	тёмно-красный оттенок	adjective	heuristic		standard	темно-красный оттенок
nəp	уезжать	verb	explicit		standard	уезжать
nəpbo	красота	noun	default		standard	красота
nər	клапан предохранительный	noun	default		standard	клапан предохранительный
nəs	муж	noun	default		standard	муж
nəsyn	попутное течение	adjective	heuristic		standard	попутное течение
nət	свод	noun	default		standard	свод
nətes	подоцит	noun	default		standard	подоцит
nəvi	натяжитель	noun	default		standard	натяжитель
nəvuc	фальсификация выборов	noun	default		standard	фальсификация выборов
nəś	бульдозер	noun	default		standard	бульдозер
obald	обалдеть (восклицание восторга)	verb	heuristic		colloquial	обалдеть (восклицание восторга
obat	заслонка печи	noun	default		standard	заслонка печи
obejy	жарить на сковороде	verb	heuristic		standard	жарить на сковороде
obereg	оберег	noun	default		standard	оберег
obersg	оберег от сглаза	noun	default		standard	оберег от сглаза
obetbe	обет безбрачия	noun	default		standard	обет безбрачия
obetmo	обет молчания	noun	default		standard	обет молчания
obez	опал	noun	default		standard	опал
obezdo	объездная дорога	adjective	heuristic		standard	объездная дорога|объездная путь|объездная трасса
obezźe	обезжелезиватель	noun	default		standard	обезжелезиватель
obeś	обещать	verb	explicit		standard	обещать
obhoma	обходной манёвр	adjective	heuristic		standard	обходной маневр
obits	обещать	verb	heuristic	obeś	standard	обещать
obitsəj	обещание	adjective	heuristic	møhry	standard	обещание
obiź	усмешка	noun	default		standard	усмешка
objagr	объявление по громкой связи	adjective	heuristic		standard	объявление по громкой связи
objasn	объяснять	verb	explicit		standard	объяснять
oblak	облако	noun	default		standard	облако
oblaźatsja	облажаться, сильно ошибиться	verb	heuristic		colloquial	облажаться|сильно ошибиться|крайне ошибиться|очень ошибиться|чрезвычайно ошибиться
oblegt	облегчение	adjective	heuristic		standard	облегчение
oblevy	облегчение выражение	adjective	heuristic		standard	облегчение выражение|облегчение лексема|облегчение слово
obliga	облигация	noun	default		standard	облигация
obliza	облизываться от запаха	verb	heuristic		standard	облизываться от запаха
obloh	осада	noun	default	tæføj	standard	осада
obloko	обломки корабля на берегу	noun	default		standard	обломки корабля на берегу
oblytś	лицо	noun	default	jubes	standard	лицо|лик|морда
obnim	обнимать	verb	explicit		standard	обнимать
obnist	обниматься за столом	verb	heuristic		standard	обниматься за столом
obof	восточный ветер	adjective	heuristic		standard	восточный ветер
obogur	обогащение урана	adjective	heuristic		standard	обогащение урана
oboron	оборона	noun	default		standard	оборона
oborot	оборотень	noun	default		standard	оборотень
obotdo	обочина дороги	noun	default		standard	обочина дороги
oboźes	обожествлять	verb	heuristic		standard	обожествлять
obrafa	обращение фамильярное	adjective	heuristic		standard	обращение фамильярное
obrafo	обращение формальное	adjective	heuristic		standard	обращение формальное
obrane	обращение неформальное	adjective	heuristic		standard	обращение неформальное
obrasv	образ святого	noun	default		standard	образ святого
obreśe	обрешетка	noun	default		standard	обрешетка
obrjad	обряд	noun	default		standard	обряд
obrjbl	обряд благословения урожая	noun	default		standard	обряд благословения урожая
obrjpo	обряд посвящения в воины	noun	default		standard	обряд посвящения в воины
obrjpr	обряд проводов зимы	noun	default		standard	обряд проводов зимы
obrjso	обряд совершеннолетия	noun	default		standard	обряд совершеннолетия
obrugo	обруч головной	noun	default		standard	обруч головной
obruko	обручальные кольца обряд	adjective	heuristic		standard	обручальные кольца обряд
obrutś	обручальное кольцо	adjective	heuristic		standard	обручальное кольцо
obryv	обрыв	noun	default		standard	обрыв
obrəj	обряд	noun	default	obrjad	standard	обряд
obtatś	обтачка	noun	default		standard	обтачка
obuslo	обусловленность	verb	heuristic		standard	обусловленность
obuvfa	обувная фабрика	adjective	heuristic		standard	обувная фабрика|обувная завод|обувная предприятие
obuź	холодное оружие	adjective	heuristic		standard	холодное оружие|прохладное оружие|студеное оружие|холодное вооружение|холодное ствол
obvin	обвинять	verb	explicit		standard	обвинять
obvinj	обвиняемый	adjective	heuristic		standard	обвиняемый
obytś	обычный (прилагательное)	adjective	heuristic		standard	обычный|нормальный|рядовой|стандартный
obytśa	обычай	noun	default		standard	обычай
obøz	предгорная тропа	adjective	heuristic		standard	предгорная тропа
obś	общительность	verb	heuristic		standard	общительность
obśem	в общем (слово-паразит)	noun	default		colloquial	в общем (слово-паразит
obśets	в общем и целом (вводное слово)	noun	default		standard	в общем и целом (вводное слово|в общем и наполненном (вводное слово|в общем и полном (вводное слово|в общем и целом (вводное выражение|в общем и целом (вводное лексема
obśeźi	общежитие	adjective	heuristic		standard	общежитие
obśize	общинная земля	adjective	heuristic		standard	общинная земля|общинная грунт|общинная почва
obśryn	общий рынок	adjective	heuristic		standard	общий рынок
obźeja	обжечь язык	verb	heuristic		standard	обжечь язык|обжечь наречие|обжечь речь
obźig	обжиг	noun	default		standard	обжиг
obəc	временный президент	adjective	heuristic		standard	временный президент
ociś	день конституции	noun	default		standard	день конституции|дневное время конституции|сутки конституции
ocæm	автозаправочная станция	adjective	heuristic		standard	автозаправочная станция
ocæp	электропроводка домашняя	noun	default		standard	электропроводка домашняя
odalź	одалживать	verb	explicit		standard	одалживать
odekol	одеколон	noun	default		standard	одеколон
odinde	одинокое дерево	adjective	heuristic		standard	одинокое дерево
odinot	одиночество	noun	default		standard	одиночество
odnoto	однотонный	adjective	heuristic	yśyc	standard	однотонный
odnotś	однородные члены	adjective	heuristic		standard	однородные члены
odobr	одобрение	adjective	heuristic		standard	одобрение
odod	верблюжий вьюк	adjective	heuristic		standard	верблюжий вьюк
odomet	одометр	noun	default		standard	одометр
odop	бы частица	noun	default		standard	бы частица
odur	одуреть	verb	heuristic		standard	одуреть
odyk	семь	numeral	heuristic		standard	семь
odyź	перечница	noun	default		standard	перечница
odæd	приданое сундук	adjective	heuristic		standard	приданое сундук
odøh	архивариус городской	noun	default		standard	архивариус городской
odøl	кладовая с припасами	adjective	heuristic		standard	кладовая с припасами
odəd	пролив морской	noun	default		standard	пролив морской
odəj	тембр голоса	noun	default		standard	тембр голоса
ofen	граница	noun	default		standard	граница
ofig	офигеть (восклицание)	verb	heuristic		colloquial	офигеть (восклицание
ofigenno	офигенно	noun	default		colloquial	офигенно
ofitsi	официант	noun	default		standard	официант
ofitst	официальный стиль	adjective	heuristic		standard	официальный стиль
ofiv	строить	verb	heuristic		standard	строить|возводить|сооружать
ofort	офорт	noun	default		standard	офорт
oftalm	офтальмоскоп	noun	default		standard	офтальмоскоп
ofum	провидица племени	noun	default		standard	провидица племени
ofəb	статуя	noun	default		standard	статуя
ofəd	бордовый цвет	adjective	heuristic		standard	бордовый цвет
ogan	негасимый светильник	adjective	heuristic		standard	негасимый светильник
ogeb	газон	noun	default		standard	газон
ogel	учебная четверть	adjective	heuristic		standard	учебная четверть
ogneru	огневой рубеж	adjective	heuristic		standard	огневой рубеж|огневой граница|огневой предел
ognevik	специалист по огневым системам	noun	default		standard	специалист по огневым системам
ogneśa	огненный шар небесный	adjective	heuristic		standard	огненный шар небесный
ogor	огородник	noun	default	tuź	standard	огородник
ogoro	огород	noun	default		standard	огород
ogorod	огородничество	noun	default		standard	огородничество
ogumæ	кабаний след	adjective	heuristic		standard	кабаний след
oguret	огурец	noun	default		standard	огурец
ogøh	галечный берег	adjective	heuristic		standard	галечный берег
ogøv	крот	noun	default		standard	крот
ogøś	комод	noun	default		standard	комод
ogəm	отключение электричества	adjective	heuristic		standard	отключение электричества
ohab	сонник	noun	default		standard	сонник
ohirok	огурец	noun	default	oguret	standard	огурец
ohiś	страда жатвенная	noun	default		standard	страда жатвенная
ohot	охотиться	verb	heuristic		standard	охотиться
ohotdo	охотничий домик	adjective	heuristic		standard	охотничий домик
ohotni	охотник за сокровищами	noun	default		standard	охотник за сокровищами
ohotza	охотник в засаде	noun	default		standard	охотник в засаде
ohra	охра	noun	default		standard	охра
ohrapr	охрана природы	noun	default		standard	охрана природы
ohren	охренеть (грубое восклицание)	verb	heuristic		colloquial	охренеть (грубое восклицание
ohuel	охуел (мат, потерял меру или сильно удивился)	noun	default		colloquial	охуел (мат|потерял меру|сильно удивился
ohuenyj	охуенный (мат, очень хороший или сильный)	adjective	heuristic		colloquial	охуенный (мат|очень хороший|сильный
ohuet	охуеть (мат, сильное удивление)	verb	heuristic		colloquial	охуеть (мат|сильное удивление|крепкее удивление|мощное удивление
ohuh	протокол избирательный	noun	default		standard	протокол избирательный
ohyn	тот	noun	default		standard	тот
ohøs	честный обмен	adjective	heuristic		standard	честный обмен
ohəś	вязание	adjective	heuristic		standard	вязание
oj	ой	adjective	heuristic		colloquial	ой
ojeh	доказательство	noun	default		standard	доказательство
ojeźe	выскальзывать из рук	verb	heuristic		standard	выскальзывать из рук
ojkoni	ойконим	noun	default		standard	ойконим
ojoś	короткий хвост	adjective	heuristic		standard	короткий хвост|краткий хвост|недлинный хвост
ojug	прекращать ловлю	verb	heuristic		standard	прекращать ловлю
ojøm	бытие	adjective	heuristic		standard	бытие
ojəb	гравитация небесных тел	noun	default		standard	гравитация небесных тел
ok	окей, хорошо	noun	default		colloquial	окей|хорошо
okeano	океанограф	noun	default	nøźez	standard	океанограф
okej	окей	noun	default		colloquial	окей
okil	идеологическая борьба	adjective	heuristic		standard	идеологическая борьба
okkuad	оккупационная администрация	adjective	heuristic		standard	оккупационная администрация
okno	окно	noun	default		standard	окно
oknopl	окно пластиковое	noun	default		standard	окно пластиковое
oko	глаз	noun	default	ysəd	standard	глаз|глазище|око
okok	уверенность выражение	verb	heuristic		standard	уверенность выражение|уверенность лексема|уверенность слово
okol	около (предлог)	noun	default		standard	около
okop	окоп	noun	default		standard	окоп
okruźn	окружность	verb	heuristic		standard	окружность
oktaed	октаэдр	noun	default		standard	октаэдр
oktant	октант	noun	default		standard	октант
oktet	октет	noun	default		standard	октет
oktjab	октябрь	noun	default		standard	октябрь
oktoni	октонион	noun	default		standard	октонион
okutka	окучивать картофель	verb	heuristic		standard	окучивать картофель
okyś	чарка деревянная	noun	default		standard	чарка деревянная
okəg	идеологический отдел	adjective	heuristic		standard	идеологический отдел
olec	перец сладкий	noun	default		standard	перец сладкий
olez	подкладка	noun	default		standard	подкладка
oligar	олигархия	noun	default		standard	олигархия
oligod	олигодендроцит	noun	default		standard	олигодендроцит
olil	здание академии наук	adjective	heuristic		standard	здание академии наук|постройка академии наук|строение академии наук
olivet	карандаш	noun	default	ələl	standard	карандаш
olub	ловушка	noun	default		standard	ловушка
oluj	крепкий напиток	adjective	heuristic		standard	крепкий напиток|жесткий напиток|крепкий питье|мощный напиток|сильный напиток|твердый напиток
olyn	инерция физическая	noun	default		standard	инерция физическая
olæb	утренняя роса	adjective	heuristic		standard	утренняя роса
omip	переворот дворцовый	noun	default		standard	переворот дворцовый
omofor	омоформа	noun	default		standard	омоформа
omoh	крепость	verb	heuristic		standard	крепость
omonim	омоним	noun	default		standard	омоним
omov	омовение	adjective	heuristic		standard	омовение
omuv	сравнивать	verb	explicit		standard	сравнивать
omyc	пасечник	noun	default		standard	пасечник
omøm	реклама коммерческая	noun	default		standard	реклама коммерческая
oməf	глупый (прилагательное)	adjective	heuristic		standard	глупый
on	впрочем (вводное слово)	noun	default		standard	впрочем (вводное слово|впрочем (вводное выражение|впрочем (вводное лексема
onab	домоуправление	adjective	heuristic		standard	домоуправление
onal	помидор	noun	default		standard	помидор
oned	комендантский час	adjective	heuristic		standard	комендантский час|комендантский час времени
ones	возражать	verb	explicit		standard	возражать
onib	трибуна	noun	default		standard	трибуна
onutś	онучи	noun	default		standard	онучи
onyp	полевой телефон	adjective	heuristic		standard	полевой телефон
onæb	печка-каменка	noun	default		standard	печка-каменка
onøk	полная луна ночная	adjective	heuristic		standard	полная луна ночная|наполненная луна ночная|полная месяц ночная|полная спутник ночная|целая луна ночная
opadli	опадание листвы	adjective	heuristic		standard	опадание листвы
opal	опал	noun	default	obez	standard	опал
opalub	опалубка	noun	default		standard	опалубка
opasn	опасный	adjective	heuristic	puvcø	standard	опасный|рискованный|угрожающий
opazd	опаздывать	verb	explicit		standard	опаздывать
opeb	сытый (прилагательное)	adjective	heuristic		standard	сытый
oper	опера	noun	default		standard	опера
operon	оперон	noun	default		standard	оперон
operpr	операция под прикрытием	noun	default		standard	операция под прикрытием
opervo	операция военная кодовое название	noun	default		standard	операция военная кодовое название|операция военная кодовое имя|операция военная кодовое наименование
opilk	опилки	noun	default		standard	опилки
opis	описание	adjective	heuristic		standard	описание
opisy	описывать	verb	heuristic	føfəc	standard	описывать
opkod	опкод	noun	default		standard	опкод
opolze	оползень	noun	default		standard	оползень
opotpr	опочивальня правителя	noun	default		standard	опочивальня правителя
opovid	рассказ	noun	default	pæræh	standard	рассказ
opozim	опозоренное имя	adjective	heuristic		standard	опозоренное имя|опозоренное название|опозоренное наименование
opozpa	опознавательный пароль	adjective	heuristic		standard	опознавательный пароль
oppopa	оппозиционная партия	adjective	heuristic		standard	оппозиционная партия
oprome	опрокидывать мебель	verb	heuristic		standard	опрокидывать мебель
oprove	опровержение	adjective	heuristic		standard	опровержение
optopa	оптопара	noun	default		standard	оптопара
opuhol	опухоль	noun	default		standard	опухоль
opusto	опустошать	verb	explicit		standard	опустошать
opyb	ивовые прутья	adjective	heuristic		standard	ивовые прутья
opyk	караульная служба	adjective	heuristic		standard	караульная служба
opyl	опыление	adjective	heuristic		standard	опыление
opæm	палитра художника	noun	default		standard	палитра художника
opævə	полная бутылка	adjective	heuristic		standard	полная бутылка|наполненная бутылка|целая бутылка
opøt	биатлон	noun	default		standard	биатлон
opəh	морковная ботва	adjective	heuristic		standard	морковная ботва
orakul	оракул	noun	default		standard	оракул
orator	оратория	noun	default		standard	оратория
orbipl	орбита планетная	noun	default		standard	орбита планетная
orbisk	орбитальная скорость	adjective	heuristic		standard	орбитальная скорость|орбитальная быстрота|орбитальная темп
ordepl	орденская планка	adjective	heuristic		standard	орденская планка
ordetr	орден трудового отличия	noun	default		standard	орден трудового отличия
oreh	орех	noun	default		standard	орех
oreket	орекьетте	noun	default		standard	орекьетте
organz	органза	noun	default		standard	органза
origam	оригами	noun	default	jyrcə	standard	оригами
orkest	оркестрация	noun	default		standard	оркестрация
ornaku	орнамент на кувшине	noun	default		standard	орнамент на кувшине
orol	сосед	noun	default		standard	сосед
oronim	ороним	noun	default		standard	ороним
orośen	орошение	adjective	heuristic	nodzo	standard	орошение
ortogo	ортогонализация	noun	default		standard	ортогонализация
oru	ору, очень смешно	noun	default		colloquial	ору|очень смешно
oruka	ору, реакция на шутку	noun	default		colloquial	ору|реакция на шутку|ответ на шутку|ответное сообщение на шутку
orus	покаяние	adjective	heuristic		standard	покаяние
orut	галоши	noun	default		standard	галоши
oruźpa	оружейная палата	adjective	heuristic		standard	оружейная палата
orər	убыточная сделка	adjective	heuristic		standard	убыточная сделка
osa	оса	noun	default		standard	оса
osadla	осадный лагерь	adjective	heuristic		standard	осадный лагерь
osadme	осадки метеорологические	noun	default		standard	осадки метеорологические
osanis	осанистый	adjective	heuristic		standard	осанистый
osank	осанка	noun	default	gurəd	standard	осанка
osat	ткань шерстяная	noun	default		standard	ткань шерстяная
osaśer	оса шершень	noun	default		standard	оса шершень
osaź	глобус	noun	default		standard	глобус
osenle	осенний ледостав	adjective	heuristic		standard	осенний ледостав
osenli	осенний листопад	adjective	heuristic		standard	осенний листопад
osetr	осетр	noun	default		standard	осетр
osin	осина	noun	default		standard	осина
oslin	скамья	noun	default	ødem	standard	скамья
osmino	осьминог	noun	default		standard	осьминог
osnoza	основной закон	adjective	heuristic		standard	основной закон|ведущий закон|главный закон|ключевой закон|основной норма|основной правило
osoed	осоед	noun	default		standard	осоед
osok	осока	noun	default		standard	осока
osot	осот	noun	default		standard	осот
osoz	светлое время суток	adjective	heuristic		standard	светлое время суток|светлое период суток|светлое срок суток
ospa	оспа	noun	default		standard	оспа
ostane	останец	noun	default		standard	останец
ostina	остинато	noun	default		standard	остинато
ostolb	остолбенеть	verb	heuristic		standard	остолбенеть
ostrob	острота обиды	noun	default		standard	острота обиды
ostrov	остров	noun	default		standard	остров|островок
ostrza	острое заболевание	adjective	heuristic		standard	острое заболевание
ostəri	остров	noun	default	ostrov	standard	остров|островок
ostərog	острога	noun	default	huvøf	standard	острога
ostəsil	осциллятор	noun	default		standard	осциллятор
osug	полоса препятствий	noun	default		standard	полоса препятствий
osvit	образование	adjective	heuristic	vośəf	standard	образование
osæs	кувшин разбитый	noun	default		standard	кувшин разбитый
osøc	ролики роликовые	noun	default		standard	ролики роликовые
osøn	затупленное оружие	adjective	heuristic		standard	затупленное оружие|затупленное вооружение|затупленное ствол
osəf	руль игровой	noun	default		standard	руль игровой
ot	от (предлог удаления)	noun	default		standard	от (предлог удаления
otar	отара	noun	default		standard	отара
otarvy	отара на выпасе	noun	default		standard	отара на выпасе
otdeka	отдел кадров	noun	default		standard	отдел кадров
otebis	отъебись (мат, грубое требование отстать)	noun	default		colloquial	грубое требование отстать|отъебись (мат
oteg	уставать до изнеможения	verb	heuristic		standard	уставать до изнеможения
otel	созвездие северное	adjective	heuristic		standard	созвездие северное
otif	альпинистский лагерь базовый	adjective	heuristic		standard	альпинистский лагерь базовый
otiv	вывих	noun	default		standard	вывих
otkave	отказ вежливый	noun	default		standard	отказ вежливый
otkodo	откос дорожный	noun	default		standard	откос дорожный
otkrno	открытка новогодняя	noun	default		standard	открытка новогодняя
otkrpi	открытое письмо	adjective	heuristic		standard	открытое письмо|доступное письмо|незакрытое письмо|открытое запись|открытое текст
otkrpo	открытка почтовая	noun	default		standard	открытка почтовая
otkud	откуда	noun	default		standard	откуда
otlyni	отлынивать	verb	heuristic		standard	отлынивать
otmazatsja	отмазаться, избежать дела оправданием	verb	heuristic		colloquial	избежать дела оправданием|отмазаться
otmazka	отмазка, оправдание	noun	default		colloquial	оправдание|отмазка
otmel	отмель	noun	default		standard	отмель
otmeop	отмель опасная	noun	default		standard	отмель опасная|отмель рискованная|отмель угрожающяя
otosko	отоскоп	noun	default		standard	отоскоп
otpad	отпад (восторг разговорный)	noun	default		colloquial	отпад (восторг разговорный
otpari	отпариватель	noun	default		standard	отпариватель
otpisatsja	отписаться от канала или человека	verb	heuristic		colloquial	отписаться от канала|человека
otpuzv	отпускать зверя	verb	heuristic		standard	отпускать зверя
otravl	отравление	adjective	heuristic		standard	отравление
otreli	отрезок линии	noun	default		standard	отрезок линии
otrits	отрицать	verb	explicit		standard	отрицать
otrjod	отряхивать одежду	verb	heuristic		standard	отряхивать одежду
otrjso	отрядное собрание	adjective	heuristic		standard	отрядное собрание
otrohr	отрог хребта	noun	default		standard	отрог хребта
otrub	отруби	noun	default		standard	отруби
otsene	оценщик недвижимости	noun	default		standard	оценщик недвижимости
otseśk	оценка школьная	noun	default		standard	оценка школьная
otstup	отступление	adjective	heuristic		standard	отступление
ottezi	оттепель зимняя	noun	default		standard	оттепель зимняя
ottśuź	отчуждение	adjective	heuristic		standard	отчуждение
otur	праздник урожая осенний	noun	default		standard	праздник урожая осенний
otus	гидрометеослужба	noun	default		standard	гидрометеослужба
otvet	ответ	noun	default		standard	ответ|ответное сообщение|реакция
otvetś	отвечать	verb	explicit		standard	отвечать
otvjor	отвёртка	noun	default		standard	отвертка
otvlma	отвлекающий манёвр	adjective	heuristic		standard	отвлекающий маневр
otvəlek	отвлекаться	verb	heuristic	kydøź	standard	отвлекаться
otyd	там	noun	default		standard	там
otyt	верша	noun	default		standard	верша
otzypo	отзыв посла	noun	default		standard	отзыв посла
otæg	лесные земли	adjective	heuristic		standard	лесные земли
otøl	смелость	verb	heuristic		standard	смелость
otøv	упряжка лошадей рабочая	noun	default		standard	упряжка лошадей рабочая
otśag	очаг	noun	default	bærəs	standard	очаг
otśank	очанка	noun	default		standard	очанка
otśema	очередь в магазине	noun	default		standard	очередь в магазине
otśeza	очередь за товаром	noun	default		standard	очередь за товаром
otśito	очиток	noun	default		standard	очиток
otśiśt	очищать	verb	heuristic	źøloz	standard	очищать
otśkzr	очки для зрения	noun	default		standard	очки для зрения
otźig	отжиг	noun	default		standard	отжиг
otən	подписка на издание	noun	default		standard	подписка на издание|подписка на книга|подписка на том
ovaf	походная песня	adjective	heuristic		standard	походная песня|походная композиция|походная трек
ovag	джем	noun	default		standard	джем
oved	ненадёжный (прилагательное)	adjective	heuristic		standard	ненадежный
ovelə	свинарник тесный	noun	default		standard	свинарник тесный|свинарник неширокий|свинарник узкий
overdər	овердрайв	noun	default		standard	овердрайв
oves	овес	noun	default	udan	standard	овес
ovinni	овинник	noun	default		standard	овинник
ovinsu	овин сушильный	noun	default		standard	овин сушильный
ovor	гирлянда	noun	default		standard	гирлянда
ovośla	овощная лавка	adjective	heuristic		standard	овощная лавка|овощная магазин|овощная торговая точка
ovośtəś	овощ	noun	default	køkud	standard	овощ
ovyp	толмач	noun	default		standard	толмач
ovyv	внутренний	adjective	heuristic		standard	внутренний
ovøn	печатная машинка	adjective	heuristic		standard	печатная машинка
ovəd	международный трибунал	adjective	heuristic		standard	международный трибунал
ozaj	явный (прилагательное)	adjective	heuristic		standard	явный
ozar	озарение	adjective	heuristic		standard	озарение
ozarmu	озарение мудреца	adjective	heuristic		standard	озарение мудреца
ozeg	букинист	noun	default		standard	букинист
ozeldv	озеленение двора	adjective	heuristic		standard	озеленение двора
ozer	озеро	noun	default	reź	standard	озеро|водоем
ozip	полоса железная	noun	default		standard	полоса железная
ozonsl	озоновый слой	adjective	heuristic		standard	озоновый слой
ozoś	машинист поезда	noun	default		standard	машинист поезда
ozug	протрезветь	verb	heuristic		standard	протрезветь
ozøv	прялка деревенская женская	noun	default		standard	прялка деревенская женская
ośejni	ошейник	noun	default		standard	ошейник
ośøf	ненависть	verb	heuristic		standard	ненависть
oźep	трофей	noun	default		standard	трофей
oźoz	айкидо	noun	default		standard	айкидо
oźyn	возобновление войны	adjective	heuristic		standard	возобновление войны
oźøs	школа	noun	default		standard	школа|учебное заведение|училище
pab	горечь	verb	heuristic		standard	горечь
pabku	засолка рыбы бочковая	noun	default		standard	засолка рыбы бочковая
pabky	бодрствование	adjective	heuristic		standard	бодрствование
pacan	пацан	noun	default		colloquial	пацан
pacantśik	пацанчик	noun	default		colloquial	пацанчик
padezn	падежное значение родительное	adjective	heuristic		standard	падежное значение родительное
padi	крипта	noun	default		standard	крипта
padol	коловорот	noun	default		standard	коловорот
padəd	лизинг	noun	default		standard	лизинг
paffø	уныние	adjective	heuristic		standard	уныние
pafźu	свеча	noun	default		standard	свеча
pagaz	крыса	noun	default		standard	крыса
pah	гриб	noun	default		standard	гриб
pahf	пахать	verb	heuristic		standard	пахать
pahir	пахира	noun	default		standard	пахира
paho	крейсер	noun	default	krejse	standard	крейсер
pahorb	холм	noun	default	abøz	standard	холм
pahud	халькозин	noun	default		standard	халькозин
pajiz	бычок (рыба)	noun	default		standard	бычок (рыба
pajosu	паёк сухой	noun	default		standard	паек сухой|паек несырой|паек обезвоженный
pakək	муфта	noun	default		standard	муфта
pal	оранжевый цвет	adjective	heuristic		standard	оранжевый цвет
palata	палатализация	noun	default		standard	палатализация
palets	палец	noun	default	efuf	standard	палец
palisa	палисад	noun	default	æhib	standard	палисад
palit	палить, замечать или следить	verb	heuristic		colloquial	замечать|палить|следить
palmit	пальмитат	noun	default		standard	пальмитат
palomn	паломник	noun	default		standard	паломник
palotś	палочник	noun	default		standard	палочник
paltzi	пальто зимнее	noun	default		standard	пальто зимнее
paltəse	пальцекрылка	noun	default		standard	пальцекрылка
paluna	палубная надстройка	adjective	heuristic		standard	палубная надстройка
palźæ	корчма	noun	default		standard	корчма
pam	память	verb	heuristic	tuś	standard	память
pamdet	память детская	verb	heuristic		standard	память детская
pamoro	изморозь	noun	default	kyvme	standard	изморозь
pamyź	мускатный орех	adjective	heuristic		standard	мускатный орех
panam	панама	noun	default		standard	панама
panata	паническая атака	adjective	heuristic		standard	паническая атака
paneb	самум	noun	default	samum	standard	самум
pano	плавильня	noun	default	sehøg	standard	плавильня
pantəsi	панцирь	noun	default	ruh	standard	панцирь
panæ	зацепиться за ветку	verb	heuristic		standard	зацепиться за ветку
papanja	папаня, отец	noun	default		colloquial	отец|папаня
papodr	папоротник древовидный	noun	default		standard	папоротник древовидный
pappar	паппарделле	noun	default		standard	паппарделле
parabo	параболоид	noun	default		standard	параболоид
parage	параллель географическая	noun	default		standard	параллель географическая
parali	паралич	noun	default	ginyv	standard	паралич
parall	параллакс	noun	default		standard	параллакс
paralo	паралогизм	noun	default		standard	паралогизм
paraso	зонт	noun	default	mij	standard	зонт
paratg	паратгормон	noun	default		standard	паратгормон
paravo	парад военный	noun	default		standard	парад военный
paraś	парашют	noun	default	zezæc	standard	парашют
paraśj	парашютист	noun	default		standard	парашютист
parenh	паренхима	noun	default		standard	паренхима
parikm	парикмахерская	adjective	heuristic		standard	парикмахерская
parkde	паркет деревянный	noun	default		standard	паркет деревянный
parkku	парк культуры	noun	default		standard	парк культуры
parlam	парламент	noun	default		standard	парламент
parmez	пармезан	noun	default		standard	пармезан
parnik	парник	noun	default	yvaź	standard	парник
parol	пароль	noun	default		standard	пароль
parom	паром	noun	default	əkøm	standard	паром
paroni	пароним	noun	default		standard	пароним
paroot	пароочиститель	noun	default		standard	пароочиститель
parope	паромная переправа	adjective	heuristic		standard	паромная переправа
parovo	паровоз	noun	default		standard	паровоз
partit	партитура	noun	default		standard	партитура
partse	партийный съезд	adjective	heuristic		standard	партийный съезд
parura	паруса разорванные ветром	noun	default		standard	паруса разорванные ветром
parusp	парусный спорт	adjective	heuristic		standard	парусный спорт
pasaźy	пассажир	noun	default	æźøs	standard	пассажир
paseko	пасека колхозная	noun	default		standard	пасека колхозная
pasele	пасека лесная	noun	default		standard	пасека лесная
pash	пасха	noun	default		standard	пасха
pashvo	пасхальное воскресенье	adjective	heuristic		standard	пасхальное воскресенье
paslo	кепка	noun	default		standard	кепка
paspko	паспортный контроль аэропорта	adjective	heuristic		standard	паспортный контроль аэропорта
pass	пассат	noun	default	śəmby	standard	пассат
passat	пассатижи	noun	default		standard	пассатижи
passif	пассифлора	noun	default		standard	пассифлора
passiv	пассивация	noun	default		standard	пассивация
pastuh	пастух	noun	default	zereb	standard	пастух
pastuś	пастушок	noun	default		standard	пастушок
pasøp	абонемент библиотечный	noun	default		standard	абонемент библиотечный
pasøt	суббота	noun	default	subbot	standard	суббота
patebj	патентное бюро	adjective	heuristic		standard	патентное бюро
patin	патина	noun	default		standard	патина
patrio	патриотизм	noun	default		standard	патриотизм
patron	патрон	noun	default		standard	патрон
pattəśb	патчбей	noun	default		standard	патчбей
pauzre	пауза речевая	noun	default		standard	пауза речевая
pavilul	ты	noun	default		standard	ты
pavodo	паводок	noun	default		standard	паводок
pavoh	антикодон	noun	default		standard	антикодон
paz	приёмный покой	adjective	heuristic		standard	приемный покой
pazl	пазл	noun	default		standard	пазл
paśøź	спасательный пост горный	adjective	heuristic		standard	спасательный пост горный
pebam	оккупация военная	noun	default		standard	оккупация военная
pebvo	обои настенные	noun	default		standard	обои настенные
pecju	крыша черепичная	noun	default		standard	крыша черепичная
ped	пустота	noun	default		standard	пустота
pedave	педаль велосипедная	noun	default		standard	педаль велосипедная
pedime	педимент	noun	default		standard	педимент
pedyc	диспетчерская служба	adjective	heuristic		standard	диспетчерская служба
pedśo	клеймо позора	noun	default		standard	клеймо позора
pegjy	четвёртый квартал	adjective	heuristic		standard	четвертый квартал
pehaf	магнитохвост	noun	default		standard	магнитохвост
pehu	предупреждать	verb	heuristic	øźøh	standard	предупреждать
pej	рыбак	noun	default		standard	рыбак
pejloa	пейлоад	noun	default		standard	пейлоад
pekyb	мешковатый	adjective	heuristic		standard	мешковатый
pekæ	горгонзола	noun	default		standard	горгонзола
peleng	пеленгатор	noun	default		standard	пеленгатор
peljad	пелядь	noun	default		standard	пелядь
peljln	пелёнка льняная	noun	default		standard	пеленка льняная
peljon	пелёнка	noun	default		standard	пеленка
pelkø	притяжение планетное	adjective	heuristic		standard	притяжение планетное
pely	калужница	noun	default		standard	калужница
pemny	радиоточка	noun	default		standard	радиоточка
pemz	пемза	noun	default		standard	пемза
penos	пролить выпивку	verb	heuristic		standard	пролить выпивку
penovz	пеновзбиватель	noun	default		standard	пеновзбиватель
pensi	пенсия	noun	default		standard	пенсия
pensio	пенсионер	noun	default		standard	пенсионер
pentim	пентименто	noun	default		standard	пентименто
pepho	случай	noun	default		standard	случай
pepvi	зал совета	noun	default		standard	зал совета
pere	переводчик	noun	default	løfuh	standard	переводчик
perebe	перебежчик	noun	default		standard	перебежчик
perebu	передавать бутылку	verb	heuristic		standard	передавать бутылку|вручать бутылку|давать бутылку|дать бутылку
pered	перед	noun	default	źy	standard	перед (предлог места|перед
pereda	передатчик	noun	default		standard	передатчик
peredo	передовица	noun	default		standard	передовица
peredr	передряга	noun	default		standard	передряга
pereg	переговоры	noun	default	źyź	standard	переговоры
peregl	переглядываться	verb	heuristic	gønəj	standard	переглядываться
perego	перец горошком	noun	default		standard	перец горошком
pereho	переходящее знамя	adjective	heuristic		standard	переходящее знамя
perehv	перехват	noun	default	pəf	standard	перехват
perek	перекат	noun	default		standard	перекат
pereka	переправа канатная	noun	default		standard	переправа канатная
pereku	перегонный куб	adjective	heuristic		standard	перегонный куб
perelo	перелом	noun	default	bizun	standard	перелом
peremo	победа	noun	default	saczy	standard	победа
perena	перепись населения	noun	default		standard	перепись населения
perep	переписчик	noun	default		standard	переписчик
perepi	перехваченное письмо	adjective	heuristic		standard	перехваченное письмо|перехваченное запись|перехваченное текст
perepj	перепёлка домашняя	noun	default		standard	перепелка домашняя
perepl	перепланировка	noun	default		standard	перепланировка
perepr	переправа	noun	default	pæpun	standard	переправа
pereru	перьевая ручка	adjective	heuristic		standard	перьевая ручка
perese	переселенец	noun	default		standard	переселенец
peresk	пересказ	noun	default		standard	пересказ
pereslat	переслать сообщение	verb	heuristic		colloquial	переслать сообщение|переслать весть|переслать новость
peresm	пересменка	noun	default	amib	standard	пересменка
perest	перестановка	noun	default		standard	перестановка
peretś	перечислять	verb	heuristic	hæm	standard	перечислять
perev	перевязка	noun	default		standard	перевязка
perevb	переправа вброд	noun	default		standard	переправа вброд
perevj	перевязь	noun	default		standard	перевязь
perevo	перевод письменный	noun	default		standard	перевод письменный
perevr	переходное время суток	adjective	heuristic		standard	переходное время суток|переходное период суток|переходное срок суток
pereza	перевал заснеженный	noun	default		standard	перевал заснеженный
perezagruzit	перезагрузить устройство	verb	heuristic		colloquial	перезагрузить устройство|перезагрузить система|перезагрузить структура
pereze	передел земли	noun	default		standard	передел земли
perezn	переносное значение	adjective	heuristic		standard	переносное значение
pereśj	перешёптываться	verb	explicit		standard	перешептываться
pereśk	перемена школьная	noun	default		standard	перемена школьная|изменение школьная|модификация школьная
pereźe	переезд железнодорожный	noun	default		standard	переезд железнодорожный
pereźi	переноска для животных	noun	default		standard	переноска для животных
perg	перга	noun	default		standard	перга
peri	монтмориллонит	noun	default		standard	монтмориллонит
perig	перигей	noun	default		standard	перигей
perige	перигелий	adjective	heuristic		standard	перигелий
perika	перикард	noun	default		standard	перикард
peril	перила	noun	default		standard	перила
perili	перилимфа	noun	default		standard	перилимфа
perite	перитеций	adjective	heuristic		standard	перитеций
perits	перицентр	noun	default		standard	перицентр
perkus	перкуссия	noun	default		standard	перкуссия
perlov	перловица	noun	default		standard	перловица
pero	перо	noun	default		standard	перо
peropi	перо для письма	noun	default		standard	перо для письма
peroze	перо зеленого лука	noun	default		standard	перо зеленого лука
perre	нить бус	verb	heuristic		standard	нить бус
persy	медаль спортивная	noun	default		standard	медаль спортивная
pertśa	перчатка	noun	default		standard	перчатка
pervbl	первое блюдо суп	adjective	heuristic		standard	первое блюдо суп|начальное блюдо суп
perven	первенец	noun	default	səzli	standard	первенец
perviz	первое издание книги	adjective	heuristic		standard	первое издание книги|начальное издание книги|первое книга книги|первое том книги
pervkv	первый квартал года	adjective	heuristic		standard	первый квартал года|начальный квартал года
pervrj	первая рюмка	adjective	heuristic		standard	первая рюмка|начальная рюмка
pervsn	первый снег	adjective	heuristic		standard	первый снег|начальный снег
perśy	горная крепость неприступная	adjective	heuristic		standard	горная крепость неприступная
pes	пёс	noun	default		standard	пес
pesn	песня	noun	default		standard	песня|композиция|трек
pesok	песок	noun	default		standard	песок
pesol	связной	adjective	heuristic	evar	standard	связной
pesper	песенная перекличка	adjective	heuristic		standard	песенная перекличка
pestbu	песчаная буря	adjective	heuristic		standard	песчаная буря
pestik	пестик	noun	default		standard	пестик
pestme	песчаная местность	adjective	heuristic		standard	песчаная местность
pestərj	пестрянка	noun	default		standard	пестрянка
petho	петь хором	verb	heuristic		standard	петь хором
petldv	петля дверная	noun	default		standard	петля дверная
petlit	петлитель	noun	default		standard	петлитель
petlzv	петля для зверя	noun	default		standard	петля для зверя
petmi	петь мимо нот	verb	heuristic		standard	петь мимо нот
petruś	петрушка	noun	default		standard	петрушка
petøv	костыль	noun	default		standard	костыль
petś	печать	verb	heuristic		standard	печать
petśhl	печь хлебная	verb	heuristic		standard	печь хлебная
petśi	под печи	noun	default		standard	под печи
petśpl	печатная плата	adjective	heuristic		standard	печатная плата
petśtr	печная труба	adjective	heuristic		standard	печная труба
pevtpt	певчая птица	adjective	heuristic		standard	певчая птица
pezoel	пьезоэлектрик	noun	default		standard	пьезоэлектрик
pezoiz	пьезоизлучатель	noun	default		standard	пьезоизлучатель
peś	вокруг (предлог)	noun	default		standard	вокруг
peśeho	пещерный ход	adjective	heuristic		standard	пещерный ход
peśepe	пешеходный переход	adjective	heuristic		standard	пешеходный переход
peśezo	пешеходная зона	adjective	heuristic		standard	пешеходная зона
peśæ	дразнить	verb	heuristic	drazn	standard	дразнить
pidb	подбородок	noun	default	podbor	standard	подбородок
pidim	ясень	noun	default		standard	ясень
pidoś	никогда	noun	default	næcme	standard	никогда|ни разу|нисколько раз
pidvik	подоконник	noun	default	podoko	standard	подоконник
pidźak	пиджак	noun	default		standard	пиджак
pidźin	пиджин	noun	default		standard	пиджин
pifij	оседлая птица	adjective	heuristic		standard	оседлая птица
pifpy	медь	noun	default		standard	медь
pifyś	заживать	verb	explicit		standard	заживать
pigmen	пигмент	noun	default		standard	пигмент
pijig	севрюга	noun	default		standard	севрюга
pik	продолжать	verb	explicit		standard	продолжать
pika	пика	noun	default		standard	пика
piknok	пикноклин	noun	default		standard	пикноклин
pikuln	пикульник	noun	default		standard	пикульник
pil	скипетр	noun	default		standard	скипетр
pilal	лесник	noun	default		standard	лесник
piljas	пилястра	noun	default		standard	пилястра
piller	пиллерс	noun	default		standard	пиллерс
pilli	причёска	noun	default		standard	прическа
pilon	пилон	noun	default		standard	пилон
pilot	пилот	noun	default		standard	пилот
pilove	пилот вертолёта	noun	default		standard	пилот вертолета
piloś	ученичество	noun	default		standard	ученичество
pilyf	конфета	noun	default		standard	конфета
pilæs	перидерма	noun	default		standard	перидерма
pim	побережье изрезанное	noun	default		standard	побережье изрезанное
piməp	землетрясение как явление	adjective	heuristic		standard	землетрясение как явление|землетрясение каким образом явление|землетрясение каким способом явление
pineś	егерь	noun	default	eger	standard	егерь
pinganut	пингануть, напомнить сообщением	verb	heuristic		colloquial	напомнить сообщением|пингануть
pinok	пинок	noun	default	cod	standard	пинок
pinol	пиноль	noun	default		standard	пиноль
pinop	истец	noun	default		standard	истец
pinos	микролинзирование	adjective	heuristic		standard	микролинзирование
pinut	энклитика	noun	default		standard	энклитика
pioner	пионервожатый	adjective	heuristic		standard	пионервожатый
pionga	пионерский галстук	adjective	heuristic		standard	пионерский галстук
pipets	пипец (эмоциональное восклицание)	noun	default		colloquial	пипец (эмоциональное восклицание
pipha	свадебный поезд	adjective	heuristic		standard	свадебный поезд|свадебный железнодорожный состав|свадебный состав
pipəs	идти	verb	heuristic	tek	standard	идти
pirage	пирамида геометрическая	noun	default		standard	пирамида геометрическая
pirgel	пиргелиометр	noun	default		standard	пиргелиометр
pirit	пирит	noun	default		standard	пирит
piroja	пирог с ягодами	noun	default		standard	пирог с ягодами
piromj	пирог с мясом	noun	default		standard	пирог с мясом
pirpo	пир после работы	noun	default		standard	пир после работы
piræv	долото	noun	default	dolot	standard	долото
pis	писать	verb	heuristic		standard	писать|записывать|написать
pisanie	написанный текст, процесс письма	adjective	heuristic		standard	написанный текст|процесс письма|написанный запись|написанный письмо
pisarnja	канцелярская комната	adjective	heuristic		standard	канцелярская комната
pisi	цеолит	noun	default		standard	цеолит
pisk	писк	noun	default		standard	писк
piske	копьё	noun	default		standard	копье
pism	письмо	noun	default	śymgo	standard	письмо|запись|текст
pismbl	письмо-благодарность	verb	heuristic		standard	письмо-благодарность
pismpr	письмо-приглашение	adjective	heuristic		standard	письмо-приглашение
pismre	письмо-рекомендация	noun	default		standard	письмо-рекомендация
pismug	письмо с угрозами	noun	default		standard	письмо с угрозами|запись с угрозами|текст с угрозами
pitaha	питахайя	noun	default		standard	питахайя
pites	миксина	noun	default		standard	миксина
pitje	воскресник	noun	default		standard	воскресник
pitnæ	факел на стене крепостной	noun	default		standard	факел на стене крепостной
pitsts	пиццерия	noun	default		standard	пиццерия
pitza	пить залпом	verb	heuristic		standard	пить залпом|выпивать залпом|употреблять напиток залпом
piv	короткий	adjective	heuristic		standard	короткий|краткий|недлинный
pivost	полуостров	noun	default	vyz	standard	полуостров
pivoza	пивоваренный завод	adjective	heuristic		standard	пивоваренный завод|пивоваренный предприятие|пивоваренный фабрика
pizar	разбивать посуду	verb	heuristic		standard	разбивать посуду|ломать посуду|разрушать посуду
pizda	пизда (мат)	noun	default		colloquial	пизда
pizdanut	пиздануть (мат, ударить или резко сделать)	verb	heuristic		colloquial	пиздануть (мат|резко сделать|ударить
pizdec	пиздец (мат, сильное восклицание)	noun	default		colloquial	пиздец (мат|сильное восклицание|крепкее восклицание|мощное восклицание
pizdetski	пиздецки (мат, усилительное наречие)	noun	default		colloquial	пиздецки (мат|усилительное наречие|усилительное речь|усилительное язык
pizdjoź	пиздёж (мат, ложь или пустая болтовня)	noun	default		colloquial	ложь|пиздеж (мат|пустая болтовня|незаполненная болтовня|порожняя болтовня
pizdobol	пиздобол (мат, оскорбление лжеца)	noun	default		colloquial	оскорбление лжеца|пиздобол (мат
pizdovat	пиздовать (мат, идти или гнать)	verb	heuristic		colloquial	гнать|идти|пиздовать (мат
piś	пирог с рыбой	noun	default		standard	пирог с рыбой
piśak	высокий	adjective	heuristic		standard	высокий|возвышенный|рослый
piśpa	порог избяной высокий	noun	default		standard	порог избяной высокий|порог избяной возвышенный|порог избяной рослый
piźdi	решающий удар	adjective	heuristic		standard	решающий удар
piźøś	кватернион	noun	default		standard	кватернион
pjaden	пяденица	noun	default		standard	пяденица
pjank	пьянка шумная	noun	default		standard	пьянка шумная
pjat	пять	verb	heuristic		standard	пять
pjatk	пятка	noun	default		standard	пятка
pjostr	пёстрый (прилагательное)	adjective	heuristic		standard	пестрый
plagin	плагин	noun	default		standard	плагин
plagio	плагиоклаз	noun	default		standard	плагиоклаз
plak	плакать	verb	heuristic	cər	standard	плакать|реветь|рыдать
plaksa	плакса	noun	default		colloquial	плакса
planet	планета	noun	default		standard	планета
planete	планетезималь	noun	default		standard	планетезималь
planev	план эвакуации	noun	default		standard	план эвакуации
planko	плановая комиссия	adjective	heuristic		standard	плановая комиссия
planle	планер летательный аппарат	noun	default		standard	планер летательный аппарат
planta	плантация	noun	default	źoshu	standard	плантация
plasdo	пластинчатый доспех	adjective	heuristic		standard	пластинчатый доспех
plat	платить	verb	heuristic		standard	платить
platan	платан	noun	default		standard	платан
platdo	платная дорога	adjective	heuristic		standard	платная дорога|платная путь|платная трасса
platse	плацента	noun	default		standard	плацента
platve	платье вечернее	noun	default		standard	платье вечернее
plavba	плавательный бассейн олимпийский	adjective	heuristic		standard	плавательный бассейн олимпийский
plavsp	плавание спортивное	adjective	heuristic		standard	плавание спортивное
plavve	плавление вещества	adjective	heuristic		standard	плавление вещества
plazmo	плазмолиз	noun	default		standard	плазмолиз
plaśdo	плащ дорожный	noun	default		standard	плащ дорожный
plaśez	андалузит	noun	default		standard	андалузит
plaźeś	стремнина	noun	default	stremn	standard	стремнина
pleksi	плексиглас	noun	default		standard	плексиглас
plemgo	племя горцев	noun	default		standard	племя горцев
plemko	племя кочевников	noun	default		standard	племя кочевников
plemmo	племя мореходов	noun	default		standard	племя мореходов
plemry	племя рыбаков	noun	default		standard	племя рыбаков
plemso	племенной союз	adjective	heuristic		standard	племенной союз
plemst	племя степняков	noun	default		standard	племя степняков
plen	пленный	adjective	heuristic		standard	пленный
plengr	пленение группировки	adjective	heuristic		standard	пленение группировки
plenni	пленник	noun	default		standard	пленник
ples	плес	noun	default		standard	плес
plesen	плесень	noun	default	væźup	standard	плесень
pletbi	плетение из бисера	adjective	heuristic		standard	плетение из бисера
pletko	плетёная корзина ивовая	adjective	heuristic		standard	плетеная корзина ивовая
pletst	плетень старый	noun	default		standard	плетень старый|плетень ветхий|плетень древний
pletś	плечо	noun	default	luc	standard	плечо
pletśe	плеченогое	adjective	heuristic		standard	плеченогое
plevr	плевра	noun	default		standard	плевра
plirem	племя	noun	default	śæjhy	standard	племя
pliśuś	молебен	noun	default	molebe	standard	молебен
pljame	плясовая мелодия	adjective	heuristic		standard	плясовая мелодия
pljasp	пляжный спасатель вышка	adjective	heuristic		standard	пляжный спасатель вышка
pljaut	плясать до утра	verb	heuristic		standard	плясать до утра
pljupo	плюрализм политический	noun	default		standard	плюрализм политический
plodor	плодородие	adjective	heuristic		standard	плодородие
plomzu	пломба зубная	noun	default		standard	пломба зубная
plosk	плоскогорье	noun	default		standard	плоскогорье
plosko	плоскогубцы	noun	default		standard	плоскогубцы
plosuz	начинать	verb	heuristic	diźəź	standard	начинать|приступать|стартовать
plotfi	плотность физическая	verb	heuristic		standard	плотность физическая
plotme	плотина мельничная	noun	default		standard	плотина мельничная
plovaś	бочка	noun	default	botśk	standard	бочка
plośad	площадь	noun	default		standard	площадь
plośpo	площадь победы	noun	default		standard	площадь победы
plośre	площадь революции	noun	default		standard	площадь революции
plośts	площадь центральная	noun	default		standard	площадь центральная
pludet	почти	verb	heuristic	ras	standard	почти (наречие степени|почти|едва не|едва не (наречие степени|практически|практически (наречие степени
plugif	порабощать	verb	heuristic	gøc	standard	порабощать
plunəś	микроклин	noun	default		standard	микроклин
plutoi	плутоид	noun	default		standard	плутоид
plutok	плутократия	noun	default	cuźuh	standard	плутократия
pluśom	водокрас	noun	default		standard	водокрас
plyjyn	портфель	noun	default	portfe	standard	портфель
plymyl	чесаться	verb	heuristic	tśes	standard	чесаться
plyt	плыть	verb	explicit		standard	плыть|двигаться по воде|плавать
plædiź	майоран	noun	default		standard	майоран
pləjuvi	плювиограф	noun	default		standard	плювиограф
pləlem	вулканолог	noun	default	vulkan	standard	вулканолог
plənæ	рондо	noun	default		standard	рондо
pnevmo	пневмобаллон	noun	default		standard	пневмобаллон
pob	грозовой фронт	adjective	heuristic		standard	грозовой фронт
pobeg	побег	noun	default		standard	побег
pobesp	победа спортивная	noun	default		standard	победа спортивная|выигрыш спортивная|триумф спортивная
pobfæ	тупик городской	noun	default		standard	тупик городской
poboh	канцлер государственный	noun	default		standard	канцлер государственный
pobude	побуждение к действию	adjective	heuristic		standard	побуждение к действию
pod	подать	verb	heuristic		standard	подать
podaim	подарок именинный	noun	default		standard	подарок именинный
podast	подавать к столу	verb	heuristic		standard	подавать к столу
podato	налог	noun	default	tøś	standard	налог
podbo	подборт	noun	default		standard	подборт
podbor	подбородок	noun	default		standard	подбородок
poddan	подданство	noun	default	jak	standard	подданство
poddna	поддельная накладная	adjective	heuristic		standard	поддельная накладная
podedo	подъезд дома	noun	default		standard	подъезд дома
podglj	подглядывать	verb	explicit		standard	подглядывать
podgəru	подгруппа	noun	default		standard	подгруппа
podjka	подъём казарменный	noun	default		standard	подъем казарменный
podjkr	подъёмный кран	adjective	heuristic		standard	подъемный кран
podjmo	подъёмный мост опущенный	adjective	heuristic		standard	подъемный мост опущенный
podkas	подкаст	noun	default		standard	подкаст
podkko	подкова конская	noun	default		standard	подкова конская
podko	подкоп	noun	default	teh	standard	подкоп
podkop	подкрепление опоздавшее	adjective	heuristic		standard	подкрепление опоздавшее
podksz	подкрадываться сзади	verb	heuristic		standard	подкрадываться сзади
podkta	подкупленный таможенник	adjective	heuristic		standard	подкупленный таможенник
podkəla	подкладка	noun	default	olez	standard	подкладка
podldo	подложные доказательства	adjective	heuristic		standard	подложные доказательства
podles	подлесок	noun	default		standard	подлесок
podliza	подлиза	noun	default		colloquial	подлиза
podmre	подмастерье ремесленника	noun	default		standard	подмастерье ремесленника
podni	поднимать	verb	heuristic		standard	поднимать
podnim	подниматься	verb	explicit		standard	подниматься
podnos	поднос	noun	default		standard	поднос
podoko	подоконник	noun	default		standard	подоконник
podona	подоходный налог	adjective	heuristic		standard	подоходный налог
podoob	подошва обуви	noun	default		standard	подошва обуви
podope	подопечный	adjective	heuristic		standard	подопечный
podorl	подорлик	noun	default		standard	подорлик
podozr	подозревать	verb	explicit		standard	подозревать
podoźd	подождь, подожди	noun	default		colloquial	подожди|подождь
podpisatsja	подписаться на канал или человека	verb	heuristic		colloquial	подписаться на канал|человека
podpisota	подписота, подписчики	noun	default		colloquial	подписота|подписчики
podpistśik	подписчик	noun	default		colloquial	подписчик
podpma	подпольная мастерская	adjective	heuristic		standard	подпольная мастерская
podppi	подпись под письмом	noun	default		standard	подпись под письмом
podpry	подпольный рынок	adjective	heuristic		standard	подпольный рынок
podpso	подпевать соседу	verb	heuristic		standard	подпевать соседу
podpəja	подпятник	noun	default		standard	подпятник
podraz	подразумевать	verb	explicit		standard	подразумевать
podrko	подрядчик коммерческий	noun	default		standard	подрядчик коммерческий
podrst	подрядчик строительный	noun	default		standard	подрядчик строительный
podru	подруга	noun	default		standard	подруга
podrubit	подрубить, включить	verb	heuristic		colloquial	включить|подрубить
podsak	подсак	noun	default		standard	подсак
podskotśit	подскочить, быстро прийти	verb	heuristic		colloquial	быстро прийти|подскочить|скорее прийти|стремительно прийти
podsli	подставное лицо	adjective	heuristic		standard	подставное лицо|подставное лик|подставное морда
podsno	подставлять ногу	verb	heuristic		standard	подставлять ногу
podsta	подстанция трансформаторная районная	noun	default		standard	подстанция трансформаторная районная
podstr	подстрочник	noun	default		standard	подстрочник
podsvi	подсветка витрины	noun	default		standard	подсветка витрины
podsəlu	подслушивать	verb	heuristic	vajob	standard	подслушивать
podtdo	подтверждающий документ	adjective	heuristic		standard	подтверждающий документ
podtjanut	подтянуть, улучшить навык	verb	heuristic		colloquial	подтянуть|улучшить навык
podtpo	подтверждение получения	adjective	heuristic		standard	подтверждение получения
podtśi	подчинение	adjective	heuristic		standard	подчинение
podtəśi	подчиняться	verb	heuristic	źov	standard	подчиняться
poduśk	подушка	noun	default		standard	подушка
podvbo	подвоз боеприпасов	noun	default		standard	подвоз боеприпасов
podvir	двор	noun	default	dvor	standard	двор
podvte	подводное течение	adjective	heuristic		standard	подводное течение
podvəja	подвязка	noun	default	lezøm	standard	подвязка
pody	удивление	adjective	heuristic	jygel	standard	удивление
podyh	дыхание	adjective	heuristic	dyhi	standard	дыхание
podzag	подзаголовок	noun	default		standard	подзаголовок
podzis	подземный источник	adjective	heuristic		standard	подземный источник
podzoz	подземное озеро	adjective	heuristic		standard	подземное озеро|подземное водоем
podzpe	подземный переход	adjective	heuristic		standard	подземный переход
podzuź	подзуживать	verb	heuristic		standard	подзуживать
podzźe	подзывать жестом	verb	heuristic		standard	подзывать жестом
podźźe	поджелудочная железа	adjective	heuristic		standard	поджелудочная железа
poezi	поэзия	noun	default	źøj	standard	поэзия
pofig	пофиг, безразлично	noun	default		colloquial	безразлично|пофиг
pofigu	пофигу, безразлично	noun	default		colloquial	безразлично|пофигу
pofiksit	пофиксить, исправить	verb	heuristic		colloquial	исправить|пофиксить
pofni	тропический лес	adjective	heuristic		standard	тропический лес|тропический лесной массив|тропический чаща
pogaog	погасший огонь	adjective	heuristic		standard	погасший огонь|погасший пламя|погасший пожар
pogla	игрушка ёлочная	noun	default		standard	игрушка елочная
pognali	погнали	noun	default		colloquial	погнали
pogoby	поговорка бытовая	noun	default		standard	поговорка бытовая
pogoka	погонщик каравана	noun	default		standard	погонщик каравана
pogopa	погода пасмурная	noun	default		standard	погода пасмурная
pogran	погранзастава	noun	default		standard	погранзастава
pogre	погремок (растение)	noun	default		standard	погремок (растение
pogreb	погребальный костёр	adjective	heuristic		standard	погребальный костер
pogrem	погремушка	noun	default		standard	погремушка
pogrgo	погребённый город	adjective	heuristic		standard	погребенный город|погребенный городской населенный пункт|погребенный град
pogrko	пограничный контроль	adjective	heuristic		standard	пограничный контроль
pogrpl	погрузочная площадка	adjective	heuristic		standard	погрузочная площадка
pogrpo	пограничный пост	adjective	heuristic		standard	пограничный пост
pogrre	пограничная река	adjective	heuristic		standard	пограничная река|пограничная водоток|пограничная речка
pogrst	пограничный столб	adjective	heuristic		standard	пограничный столб
pogrze	погреб земляной	noun	default		standard	погреб земляной
pogźy	сбитень горячий	noun	default		standard	сбитень горячий|сбитень жаркий|сбитень раскаленный
poha	наливать напиток	verb	heuristic		standard	наливать напиток|наливать питье
pohlgu	похлёбка густая	noun	default		standard	похлебка густая
pohlry	похлёбка рыбацкая	noun	default		standard	похлебка рыбацкая
pohmelitsja	похмелиться	verb	heuristic		colloquial	похмелиться
pohodk	походка	noun	default	vof	standard	походка
pohodu	походу, кажется	noun	default		colloquial	кажется|походу
pohoko	похоронная команда	adjective	heuristic		standard	похоронная команда
pohoob	похоронный обряд	adjective	heuristic		standard	похоронный обряд
pohoro	похоронка	noun	default		standard	похоронка
pohout	походная утварь	adjective	heuristic		standard	походная утварь
pohove	похоронный венок	adjective	heuristic		standard	похоронный венок
pohuj	похуй (мат, безразлично)	noun	default		colloquial	безразлично|похуй (мат
pohvgr	похвальная грамота	adjective	heuristic		standard	похвальная грамота
poissp	поисково-спасательный отряд	adjective	heuristic		standard	поисково-спасательный отряд
pojas	объяснять	verb	heuristic	objasn	standard	объяснять
pojoc	власть узурпированная	verb	heuristic		standard	власть узурпированная|правление узурпированная|управление узурпированная
pojyb	строитель	noun	default		standard	строитель
pojəj	бродить без цели	verb	heuristic		standard	бродить без цели
pokalj	показная любезность	adjective	heuristic		standard	показная любезность
pokapl	показания пленного	noun	default		standard	показания пленного
pokask	показная скромность	adjective	heuristic		standard	показная скромность
pokeg	неясыть	verb	heuristic		standard	неясыть
poklon	поклон	noun	default		standard	поклон
poklpe	поклон перед троном	noun	default		standard	поклон перед троном
poklze	поклон земной	noun	default		standard	поклон земной
pokog	политическая партия	adjective	heuristic		standard	политическая партия
pokup	покупать	verb	heuristic		standard	покупать|брать за деньги|приобретать
pokæ	сцепление	adjective	heuristic		standard	сцепление
pokək	эпитафия	noun	default		standard	эпитафия
polal	библиотека монастырская	noun	default		standard	библиотека монастырская
polder	польдер	noun	default		standard	польдер
poleis	полезное ископаемое	adjective	heuristic		standard	полезное ископаемое
poleku	полевая кухня	adjective	heuristic		standard	полевая кухня
polepś	поле пшеничное	noun	default		standard	поле пшеничное
polev	полевой	adjective	heuristic		standard	полевой
polevi	полевик	noun	default		standard	полевик
polevod	полевод	noun	default		standard	полевод
polibr	политический брак	adjective	heuristic		standard	политический брак
polik	поликарбонат	noun	default		standard	поликарбонат
polika	политическая казнь	adjective	heuristic		standard	политическая казнь
polino	полином	noun	default		standard	полином
polipr	полипропилен	noun	default		standard	полипропилен
polipt	полиптих	noun	default		standard	полиптих
politr	политрук	noun	default		standard	политрук
politsija	полиция	noun	default		standard	полиция
politz	политзаключённый	adjective	heuristic		standard	политзаключенный
poliut	полицейский участок	adjective	heuristic		standard	полицейский участок
poljde	полярный день	adjective	heuristic		standard	полярный день|полярный дневное время|полярный сутки
poljno	полярная ночь	adjective	heuristic		standard	полярная ночь|полярная ночное время|полярная темное время суток
poljst	полярная станция	adjective	heuristic		standard	полярная станция
poljsv	полярное свечение	adjective	heuristic		standard	полярное свечение
poljud	полюдье	noun	default		standard	полюдье
poljus	полюс	noun	default		standard	полюс
poljza	поляна заклятая	noun	default		standard	поляна заклятая
polk	полька	noun	default		standard	полька
polkle	полковой лекарь	adjective	heuristic		standard	полковой лекарь
polku	открытая равнина	adjective	heuristic		standard	открытая равнина|доступная равнина|незакрытая равнина
poln	полный	adjective	heuristic		standard	полный
polnez	полная независимость	adjective	heuristic		standard	полная независимость|наполненная независимость|полная вольность|полная свобода|целая независимость
polnol	полнолуние	adjective	heuristic		standard	полнолуние
polnos	полностью	noun	default	pæ	standard	полностью|абсолютно|совсем
polnst	полнота счастья	noun	default		standard	полнота счастья
poloba	полотенце банное	noun	default		standard	полотенце банное
polon	плен	noun	default	ølyd	standard	плен
polopo	полог полка	noun	default		standard	полог полка
polotn	полотно	noun	default		standard	полотно
polovi	половина	noun	default		standard	половина
polovn	половник	noun	default		standard	половник
polovo	половодье	noun	default		standard	половодье
poloz	полозья	noun	default	cuh	standard	полозья
poltse	полотенце	noun	default		standard	полотенце
poludo	полуночный дозор	adjective	heuristic		standard	полуночный дозор
poludu	полудуплекс	noun	default		standard	полудуплекс
polufi	полуфинал	noun	default		standard	полуфинал
polugr	полугруппа	noun	default		standard	полугруппа
poluju	полуют	noun	default		standard	полуют
poluka	полудрагоценный камень	adjective	heuristic		standard	полудрагоценный камень|полудрагоценный валун|полудрагоценный камешек
polukr	полуостров крупный	noun	default		standard	полуостров крупный|полуостров большой|полуостров великий|полуостров огромный
polum	пламя	noun	default	kæghø	standard	пламя
poluos	полуось	noun	default		standard	полуось
poluź	отвес каменщика	noun	default		standard	отвес каменщика
poly	полынья	noun	default		standard	полынья
polyn	полынь	noun	default		standard	полынь
polæź	медовуха	noun	default	medovu	standard	медовуха
pom	шёпот заговорщика	noun	default		standard	шепот заговорщика
pomido	помидор	noun	default	onal	standard	помидор
pomil	помилование	adjective	heuristic		standard	помилование
pomink	поминки	noun	default		standard	поминки
pomog	помогать	verb	heuristic		standard	помогать|выручать|содействовать
pompil	помпил	noun	default		standard	помпил
pomylk	ошибка	noun	default	kosjak	standard	косяк|ошибка|промах
pon	пон, понял	noun	default		colloquial	пон|понял
poni	пони	noun	default	hæchə	standard	пони
ponim	понимать	verb	explicit		standard	понимать|осознавать|разбираться|уразуметь
poniś	плоскогорье	noun	default	plosk	standard	плоскогорье
ponjatn	понятно	noun	default		colloquial	понятно
pontmo	понтонный мост	adjective	heuristic		standard	понтонный мост
pontorez	понторез, любитель показухи	noun	default		colloquial	любитель показухи|понторез
pontpe	понтонная переправа	adjective	heuristic		standard	понтонная переправа
ponty	понты, показное поведение	noun	default		colloquial	показное поведение|понты
pop	паломник у ворот	noun	default		standard	паломник у ворот
poperh	поперхнуться	verb	heuristic		standard	поперхнуться
popi	порог дома	noun	default		standard	порог дома
poproś	попрошайничать	verb	heuristic		standard	попрошайничать
popuar	попугай ара	noun	default		standard	попугай ара
popuvo	попугай волнистый домашний	noun	default		standard	попугай волнистый домашний
por	ожерелье	noun	default		standard	ожерелье
porad	совет	noun	default	ycic	standard	совет
porazk	поражение	adjective	heuristic	śachə	standard	поражение|проигрыш|разгром
porjad	порядок	noun	default	lypur	standard	порядок|организованность|строй
porok	порок	noun	default	vøgiś	standard	порок
poroko	породистый кот	adjective	heuristic		standard	породистый кот
poroku	порода кур яичная	noun	default		standard	порода кур яичная
poropr	порок предательства	noun	default		standard	порок предательства
porore	порог речной	noun	default		standard	порог речной
porosk	порок скупости	noun	default		standard	порок скупости
porosl	поросль	noun	default		standard	поросль
poroźe	порок жестокости	noun	default		standard	порок жестокости
portaf	портафильтр	noun	default		standard	портафильтр
portfe	портфель	noun	default		standard	портфель
portgr	портовый грузчик	adjective	heuristic		standard	портовый грузчик
portja	портянки	noun	default		standard	портянки
portn	портной	adjective	heuristic		standard	портной
portup	портупея	noun	default		standard	портупея
portś	порча	noun	default		standard	порча
poruvz	порука взаимная	noun	default		standard	порука взаимная
porśen	поршень	noun	default		standard	поршень
posad	посад	noun	default		standard	посад
posaro	посажёные родители	adjective	heuristic		standard	посаженые родители
posata	посадочный талон	adjective	heuristic		standard	посадочный талон
posel	поселение	adjective	heuristic		standard	поселение
posest	посестра	noun	default		standard	посестра
posido	посиделки у дома	noun	default		standard	посиделки у дома
poskot	поскотина	noun	default		standard	поскотина
posktr	поскользнуться на траве	verb	heuristic		standard	поскользнуться на траве
posl	послание	adjective	heuristic		standard	послание
posle	после	noun	default		standard	после
poslov	пословица	noun	default		standard	пословица
poslrj	последняя рюмка	adjective	heuristic		standard	последняя рюмка|крайняя рюмка|финальная рюмка
poslsl	последнее слово подсудимого	adjective	heuristic		standard	последнее слово подсудимого|крайнее слово подсудимого|последнее выражение подсудимого|последнее лексема подсудимого|финальное слово подсудимого
poslsv	послегрозовая свежесть	adjective	heuristic		standard	послегрозовая свежесть
posmna	посмертная награда	adjective	heuristic		standard	посмертная награда
posol	посол	noun	default	nyplø	standard	посол
posols	посольство	noun	default		standard	посольство
posrpe	посредник в переговорах	noun	default		standard	посредник в переговорах
postiź	постиж	noun	default		standard	постиж
posud	посуда	noun	default		standard	посуда
posuma	посудомоечная машина	adjective	heuristic		standard	посудомоечная машина|посудомоечная авто|посудомоечная автомобиль|посудомоечная тачка
posylk	посылка	noun	default	sæśki	standard	посылка
potaka	потайной карман	adjective	heuristic		standard	потайной карман
potern	потерна	noun	default		standard	потерна
poterp	потерпевший	adjective	heuristic		standard	потерпевший
potjag	потягиваться	verb	explicit		standard	потягиваться
potol	потолок	noun	default		standard	потолок
potom	потом	noun	default		standard	потом|затем|позже
pottśt	потому что союз	noun	default		standard	потому что союз|потому какая вещь союз|потому какой предмет союз
potvor	уродливый	adjective	heuristic	urodli	standard	уродливый
potś	почему	noun	default		standard	почему
potśat	початок	noun	default		standard	початок
potśgo	почётный гость	adjective	heuristic		standard	почетный гость
potśgr	почётный гражданин	adjective	heuristic		standard	почетный гражданин
potśk	почка	noun	default		standard	почка
potśta	почтальон	noun	default		standard	почтальон
potśti	почётный титул	adjective	heuristic		standard	почетный титул
potśtś	почка человеческая	noun	default		standard	почка человеческая
potśv	почва	noun	default		standard	почва
pov	поветь	verb	heuristic		standard	поветь
povako	повар-кондитер	noun	default		standard	повар-кондитер
pove	повествование	adjective	heuristic	fanop	standard	повествование
povena	повелительное наклонение	adjective	heuristic		standard	повелительное наклонение
povest	повесть	verb	heuristic		standard	повесть
povi	веко	noun	default	həś	standard	веко
poviba	повивальная бабка деревенская	adjective	heuristic		standard	повивальная бабка деревенская
povili	повилика	noun	default		standard	повилика
poviln	медленный	adjective	heuristic	cybal	standard	медленный|медлительный|неторопливый
povino	повиновение	adjective	heuristic		standard	повиновение
povjaz	повязка	noun	default		standard	повязка
povosl	поводырь слепого	noun	default		standard	поводырь слепого
povsar	повстанческая армия	adjective	heuristic		standard	повстанческая армия|повстанческая войско|повстанческая вооруженные силы
povsod	повседневная одежда	adjective	heuristic		standard	повседневная одежда
povyzv	повышение в звании	adjective	heuristic		standard	повышение в звании
povz	ползти	verb	heuristic	løf	standard	ползти
pozd	поздно	noun	default		standard	поздно
pozdot	поздравительная открытка	adjective	heuristic		standard	поздравительная открытка
pozfo	март	noun	default		standard	март
pozvol	позволено (модальное выражение)	noun	default		standard	позволено (модальное выражение|позволено|позволено (модальное лексема|позволено (модальное слово
pozvon	позвоночник	noun	default		standard	позвоночник
pozybo	позывной боевой	adjective	heuristic		standard	позывной боевой
pozyk	заем	noun	default	zajom	standard	заем
poślto	пошлина торговая	noun	default		standard	пошлина торговая
poślvy	пошлина вывозная	noun	default		standard	пошлина вывозная
poź	вечерняя прохлада	adjective	heuristic		standard	вечерняя прохлада
poźagi	пожарный гидрант	adjective	heuristic		standard	пожарный гидрант
poźale	пожарная лестница выдвижная	adjective	heuristic		standard	пожарная лестница выдвижная
poźama	пожарная машина	adjective	heuristic		standard	пожарная машина|пожарная авто|пожарная автомобиль|пожарная тачка
poźara	пожарный расчёт	adjective	heuristic		standard	пожарный расчет
poźek	спинлок	noun	default		standard	спинлок
poźipl	пожимать плечами	verb	explicit		standard	пожимать плечами
poźiru	пожимать руку	verb	explicit		standard	пожимать руку
poźiza	пожизненное заключение	adjective	heuristic		standard	пожизненное заключение
poźlæ	контрабандная бухта	adjective	heuristic		standard	контрабандная бухта
pragyb	цинния	noun	default		standard	цинния
prajə	конденсатор	noun	default		standard	конденсатор
prakø	огородничество	noun	default	ogorod	standard	огородничество
pramu	жадный	adjective	heuristic	lojøv	standard	жадный
prapuf	земляк	noun	default	koggæ	standard	земляк
prapul	спекание	adjective	heuristic		standard	спекание
prat	работать	verb	heuristic	rabot	standard	работать
prats	труд	noun	default	ajəś	standard	труд
pratśe	прачечная	adjective	heuristic	fyvir	standard	прачечная
prav	правый	adjective	heuristic		standard	правый|правосторонний|справа
pravd	правда	noun	default		standard	правда
pravda	правда как справедливость	noun	default		standard	правда как справедливость|верное утверждение как справедливость|истина как справедливость|правда каким образом справедливость|правда каким способом справедливость
pravgo	правовое государство	adjective	heuristic		standard	правовое государство|правовое держава|правовое страна
pravme	правительство меньшинства	noun	default		standard	правительство меньшинства|власти меньшинства|кабинет меньшинства
pravost	правота	noun	default		standard	правота
pravpa	правящая партия	adjective	heuristic		standard	правящая партия
pravso	право собственности	noun	default		standard	право собственности|правомочие собственности
pravtś	права человека	noun	default		standard	права человека
pravvo	права водительские изъятые	noun	default		standard	права водительские изъятые
prazdn	праздник весенний	noun	default		standard	праздник весенний
prazod	праздничная одежда	adjective	heuristic		standard	праздничная одежда
prazpe	праздник первого снега	noun	default		standard	праздник первого снега|праздник начального снега
prazpo	праздничная посуда	adjective	heuristic		standard	праздничная посуда
prazst	праздничный стол	adjective	heuristic		standard	праздничный стол
prazur	праздник урожая	noun	default		standard	праздник урожая
prazve	праздник весеннего равноденствия	noun	default		standard	праздник весеннего равноденствия
prazza	праздничное застолье богатое	adjective	heuristic		standard	праздничное застолье богатое|праздничное застолье зажиточное|праздничное застолье состоятельное
praś	праща	noun	default		standard	праща
prebuś	турбокомпрессор	noun	default		standard	турбокомпрессор
predat	предатель	noun	default	uśeś	standard	предатель
predba	предбанник	noun	default	dygəb	standard	предбанник
predel	пределла	noun	default		standard	пределла
predgo	предгорье	noun	default		standard	предгорье
predho	предрассветный холод	adjective	heuristic		standard	предрассветный холод
predik	предикат	noun	default		standard	предикат
predki	предки, родители	noun	default		colloquial	предки|родители
predla	предлагать	verb	explicit		standard	предлагать
predna	представление к награде	adjective	heuristic		standard	представление к награде
predp	предположение	adjective	heuristic		standard	предположение
predpo	предполагать	verb	explicit		standard	предполагать
predpr	предприниматель	noun	default		standard	предприниматель
preds	предание старины	adjective	heuristic		standard	предание старины
predsl	предлог служебный	noun	default		standard	предлог служебный
predst	предметное стекло	adjective	heuristic		standard	предметное стекло
predsu	предсказание судьбы	adjective	heuristic		standard	предсказание судьбы
predti	предрассветная тишина	adjective	heuristic		standard	предрассветная тишина
predtś	предутренний час	adjective	heuristic		standard	предутренний час|предутренний час времени
predtəś	предчувствие	adjective	heuristic	ləz	standard	предчувствие
predvk	предвкушение	adjective	heuristic		standard	предвкушение
pregog	опровержение	adjective	heuristic	oprove	standard	опровержение
prehæn	сандалии	noun	default	sandal	standard	сандалии
preke	антирезонанс	noun	default		standard	антирезонанс
prenst	прения сторон	noun	default		standard	прения сторон
prepeg	абстракция	noun	default		standard	абстракция
prepod	препод, преподаватель	noun	default		colloquial	препод|преподаватель
prepre	препрег	noun	default		standard	препрег
preruh	ходунки	noun	default		standard	ходунки
presle	преследовать	verb	explicit		standard	преследовать
presso	прессование	adjective	heuristic		standard	прессование
presto	престолонаследие	adjective	heuristic	zikfy	standard	престолонаследие
presvk	пресный вкус	adjective	heuristic		standard	пресный вкус
prete	претендент	noun	default	gum	standard	претендент
preten	претензия	noun	default		standard	претензия
pretse	прецессия	noun	default		standard	прецессия
prevra	превращаться	verb	explicit		standard	превращаться
prevsa	превышение самообороны	adjective	heuristic		standard	превышение самообороны
prevst	превосходная степень выражение	adjective	heuristic		standard	превосходная степень выражение|превосходная степень лексема|превосходная степень слово
pri	при (предлог условия)	noun	default		standard	при (предлог условия
pribiz	прибор измерительный	noun	default		standard	прибор измерительный
pribob	прибрежная оборона	adjective	heuristic		standard	прибрежная оборона
pridan	приданое	adjective	heuristic	øfæn	standard	приданое
pridin	придворная интрига	adjective	heuristic		standard	придворная интрига
pridpr	придаточное предложение	adjective	heuristic		standard	придаточное предложение
pridur	придурок (оскорбление)	noun	default		colloquial	придурок (оскорбление
prifep	полярон	noun	default		standard	полярон
prigov	приговаривать	verb	heuristic		standard	приговаривать
prigze	приграничные земли	adjective	heuristic		standard	приграничные земли
prihod	приходить	verb	heuristic	kəmyn	standard	приходить|прибывать|являться
prihuel	прихуел (мат, сильно удивился)	noun	default		colloquial	прихуел (мат|сильно удивился
prihəv	мезопланета	noun	default		standard	мезопланета
prijat	приятный	adjective	heuristic	jazźi	standard	приятный
prijre	приёмный ребёнок	adjective	heuristic		standard	приемный ребенок|приемный дитя|приемный малыш
prikaz	приказывать	verb	explicit		standard	приказывать
prikin	прикинь, представь	noun	default		colloquial	представь|прикинь
prikol	прикол, шутка или странность	noun	default		colloquial	прикол|странность|шутка
prikolno	прикольно	noun	default		colloquial	прикольно
prikolotsja	приколоться, пошутить	verb	heuristic		colloquial	пошутить|приколоться
prikuv	приказ об увольнении	noun	default		standard	приказ об увольнении
prilmo	приложение мобильное	adjective	heuristic		standard	приложение мобильное
priman	приманка	noun	default		standard	приманка
primde	примирение детское	adjective	heuristic		standard	примирение детское
primna	примета народная	noun	default		standard	примета народная
prioko	приостановка конституции	noun	default		standard	приостановка конституции
prip	припой	adjective	heuristic		standard	припой
pripaj	припай	noun	default		standard	припай
pripev	припев песни	noun	default		standard	припев песни
pripra	приправа	noun	default		standard	приправа
prisja	присяжный	adjective	heuristic		standard	присяжный
prisna	приставка направления	noun	default		standard	приставка направления
prisot	приставка отрицательная	noun	default		standard	приставка отрицательная
pritog	прицельный огонь	adjective	heuristic		standard	прицельный огонь|прицельный пламя|прицельный пожар
pritop	прицел оптический	noun	default		standard	прицел оптический
pritre	приток реки	noun	default		standard	приток реки
pritst	причальная стенка	adjective	heuristic		standard	причальная стенка
pritsəv	прицветник	noun	default		standard	прицветник
pritśa	причал	noun	default		standard	причал
priva	приватир	noun	default		standard	приватир
privat	приватизация	noun	default		standard	приватизация
privet	приветствовать	verb	explicit		standard	приветствовать
privja	привязывать	verb	heuristic	lytum	standard	привязывать
privut	приветствие утреннее	adjective	heuristic		standard	приветствие утреннее
privve	приветствие вечернее	adjective	heuristic		standard	приветствие вечернее
prizn	признательность	verb	heuristic		standard	признательность
prizra	призрак	noun	default		standard	призрак
priśtəś	прищуриваться	verb	heuristic	zyjøz	standard	прищуриваться
priźze	прижимать к земле	verb	heuristic		standard	прижимать к земле
prjabu	прятать бутылку	verb	heuristic		standard	прятать бутылку|скрывать бутылку|утаивать бутылку
prjafa	прядильная фабрика	adjective	heuristic		standard	прядильная фабрика|прядильная завод|прядильная предприятие
prjafo	прямоугольная форма	adjective	heuristic		standard	прямоугольная форма
prjalk	прялка	noun	default		standard	прялка
prjam	прямой	adjective	heuristic		standard	прямой
prjama	прям, прямо	noun	default		colloquial	прям|прямо
prjaob	прямота в общении	noun	default		standard	прямота в общении
prjapo	прялка на посиделках	noun	default		standard	прялка на посиделках
prjaro	пряная роща	adjective	heuristic		standard	пряная роща
prjaso	пряный соус	adjective	heuristic		standard	пряный соус
prjavk	пряный вкус	adjective	heuristic		standard	пряный вкус
prjaśe	пряжа шерстяная моток	noun	default		standard	пряжа шерстяная моток
prjaśj	прядильня шёлковая	noun	default		standard	прядильня шелковая
prjaźk	пряжка	noun	default		standard	пряжка
pro	про	noun	default		standard	про
probgo	пробовать горячее	verb	heuristic		standard	пробовать горячее|пробовать жаркее|пробовать раскаленное
probme	проба металла	noun	default		standard	проба металла
probvk	пробовать на вкус	verb	explicit		standard	пробовать на вкус
proda	продавать	verb	heuristic		standard	продавать|реализовывать|сбывать
prodav	продавец	noun	default		standard	продавец
prodka	продуктовая карточка	adjective	heuristic		standard	продуктовая карточка
prodro	продром	noun	default		standard	продром
produh	продух	noun	default		standard	продух
proebat	проебать (мат, потерять или упустить)	verb	heuristic		colloquial	потерять|проебать (мат|упустить
proebi	проездной билет	adjective	heuristic		standard	проездной билет
profes	профессор	noun	default		standard	профессор
profi	профи, профессионал	noun	default		colloquial	профессионал|профи
profil	профиль пользователя	noun	default		colloquial	профиль пользователя
profili	профилирование	adjective	heuristic		standard	профилирование
profso	профсоюз	noun	default		standard	профсоюз
progle	прогонять в лес	verb	heuristic		standard	прогонять в лес|прогонять в лесной массив|прогонять в чаща
progpo	прогноз погоды	noun	default		standard	прогноз погоды
programma	программа	noun	default		standard	программа
prohan	просьба	noun	default	æles	standard	просьба
proino	производственная норма	adjective	heuristic		standard	производственная норма|производственная закон|производственная правило
proitr	производственная травма	adjective	heuristic		standard	производственная травма
prok	просыпаться	verb	heuristic	prosyp	standard	просыпаться
prokat	прокатка	noun	default		standard	прокатка
prokatit	прокатит, сработает	noun	default		colloquial	прокатит|сработает
prokatśat	прокачать, улучшить навык или вещь	verb	heuristic		colloquial	вещь|прокачать|улучшить навык|объект|предмет|штука
prokla	прокладка	noun	default		standard	прокладка
prokob	прокурор обвинения	noun	default		standard	прокурор обвинения
prokst	прокатный стан	adjective	heuristic		standard	прокатный стан
prolju	пролювий	adjective	heuristic		standard	пролювий
prolof	нагорье	noun	default	digźi	standard	нагорье
prolpl	пролом в плетне	noun	default		standard	пролом в плетне
promki	промывать кишки	verb	heuristic		standard	промывать кишки
prompa	промышленный памятник	adjective	heuristic		standard	промышленный памятник
promśp	промышленный шпионаж	adjective	heuristic		standard	промышленный шпионаж
propas	пропасть	verb	heuristic		standard	пропасть
propil	пропиленгликоль	noun	default		standard	пропиленгликоль
propis	прописка	noun	default		standard	прописка
propka	пропагандистская кампания	adjective	heuristic		standard	пропагандистская кампания
proppu	пропускной пункт морской	adjective	heuristic		standard	пропускной пункт морской
propso	прополка сорняков	noun	default		standard	прополка сорняков
propu	пропускной пункт воздушный	adjective	heuristic		standard	пропускной пункт воздушный
propus	пропускной пункт железнодорожный	adjective	heuristic		standard	пропускной пункт железнодорожный
pror	прорость	verb	heuristic		standard	прорость
prorab	прораб	noun	default		standard	прораб
prordr	пророчество древнее исполнившееся	noun	default		standard	пророчество древнее исполнившееся|пророчество ветхее исполнившееся|пророчество старое исполнившееся
prorok	прорыв из окружения	noun	default		standard	прорыв из окружения
prosdo	просёлочная дорога узкая	adjective	heuristic		standard	проселочная дорога узкая|проселочная путь узкая|проселочная трасса узкая
prosmi	проспект мира	noun	default		standard	проспект мира
prosrat	просрать (грубо: потерять или упустить)	verb	heuristic		colloquial	просрать (грубо: потерять|упустить
prost	простодушие	adjective	heuristic		standard	простодушие
prosto	простокваша	noun	default		standard	простокваша
prosty	простыня	noun	default		standard	простыня
prosy	мать	verb	heuristic	rat	standard	мать
prosyp	просыпаться	verb	explicit		standard	просыпаться
protek	протекторат	noun	default		standard	протекторат
protez	протез	noun	default		standard	протез
proti	противопоставление	adjective	heuristic		standard	противопоставление
protiv	противоядие	adjective	heuristic		standard	противоядие
protivn	противник	noun	default	źuź	standard	противник
protivo	противосияние	adjective	heuristic		standard	противосияние
protivop	противопоставлять	verb	heuristic	vəjmø	standard	противопоставлять
protob	противовоздушная оборона	adjective	heuristic		standard	противовоздушная оборона
proton	протон	noun	default		standard	протон
protop	протоптер	noun	default		standard	протоптер
protro	противотанковый ров	adjective	heuristic		standard	противотанковый ров
protse	процент	noun	default		standard	процент
protve	проталина весенняя	noun	default		standard	проталина весенняя
protza	противопехотное заграждение	adjective	heuristic		standard	противопехотное заграждение
prov	пропасть	verb	heuristic	propas	standard	пропасть
provde	провинциальное деление	adjective	heuristic		standard	провинциальное деление
provgo	провожать гостя	verb	heuristic		standard	провожать гостя
provme	провод медный	noun	default		standard	провод медный
provod	проводник	noun	default	remad	standard	проводник
provok	провокатор	noun	default		standard	провокатор
provol	проволоне	noun	default		standard	проволоне
provy	вина	noun	default	vina	standard	вина
proz	проза	noun	default	lyb	standard	проза
prozra	прозрачный (прилагательное)	adjective	heuristic		standard	прозрачный
proś	прощаться	verb	explicit		standard	прощаться
prośiv	прошивка	noun	default		standard	прошивка
prośne	на прошлой неделе	noun	default		standard	на прошлой неделе
prośtəś	прощание	adjective	heuristic	fyr	standard	прощание
prośve	прощение великодушное	adjective	heuristic		standard	прощение великодушное
prulu	бесполезный	adjective	heuristic	bespol	standard	бесполезный
pryfov	вышивка	noun	default	vyśivk	standard	вышивка
pryjat	приятель	noun	default	koreś	standard	кореш|приятель
prykaz	поговорка	noun	default	sysyl	standard	поговорка
pryply	прилив	noun	default	duhət	standard	прилив
prysli	пословица	noun	default	poslov	standard	пословица
pryśav	стоять	verb	heuristic	sto	standard	стоять|находиться стоя|простаивать
pryźtr	прыжки с трамплина	noun	default		standard	прыжки с трамплина
præbob	гайка	noun	default	uźal	standard	гайка
prælit	сурикат	noun	default		standard	сурикат
prøpan	хлебница	noun	default	hlebni	standard	хлебница
prəjade	прядение	adjective	heuristic	æjoś	standard	прядение
prəjamo	прямодушие	adjective	heuristic	gyg	standard	прямодушие
psih	псих, неуравновешенный человек	noun	default		colloquial	неуравновешенный человек|псих|неуравновешенный индивид|неуравновешенный личность|неуравновешенный персона
psihop	психологическая операция	adjective	heuristic		standard	психологическая операция
psihro	психрометр	noun	default		standard	психрометр
ptis	птица	noun	default		standard	птица
ptitse	птицеферма	noun	default		standard	птицеферма
ptśel	пчела	noun	default		standard	пчела
ptśelo	пчеловодство	noun	default		standard	пчеловодство
ptəśelo	пчеломатка	noun	default		standard	пчеломатка
puanba	пуанты балетные	noun	default		standard	пуанты балетные
puanti	пуантилизм	noun	default		standard	пуантилизм
pub	пропуск	noun	default		standard	пропуск
publka	публичная казнь	adjective	heuristic		standard	публичная казнь
publə	трофейная техника	adjective	heuristic		standard	трофейная техника
pucźa	солнечный луч	adjective	heuristic		standard	солнечный луч
pud	пуд	noun	default		standard	пуд
puf	огонь	noun	default		standard	огонь
pufho	пьяный спор	adjective	heuristic		standard	пьяный спор
pufyb	рабочая лошадь тяжеловоз	adjective	heuristic		standard	рабочая лошадь тяжеловоз
pugode	пуговица деревянная	noun	default		standard	пуговица деревянная
puj	паук	noun	default		standard	паук
pukvi	подъёмный мост	adjective	heuristic		standard	подъемный мост
pulcy	стюардесса	noun	default		standard	стюардесса
puls	пульс	noun	default		standard	пульс
pulsar	пульсар	noun	default		standard	пульсар
pulsok	пульсоксиметр	noun	default		standard	пульсоксиметр
pundu	зона отчуждения	noun	default		standard	зона отчуждения
punkəts	пункция	noun	default		standard	пункция
pupa	политбюро	noun	default	ybaf	standard	политбюро
pupjo	кладбище	noun	default		standard	кладбище
pupovi	пуповина	noun	default		standard	пуповина
pupoź	араукария	noun	default		standard	араукария
puraź	кольчуга	noun	default		standard	кольчуга
purove	пуровер	noun	default		standard	пуровер
pusdi	фляжка карманная	noun	default		standard	фляжка карманная
pusi	биссектриса	noun	default		standard	биссектриса
pust	пустой	adjective	heuristic		standard	пустой|незаполненный|порожний
puste	пустыня	noun	default	ækuś	standard	пустыня
pustel	пустельга	noun	default		standard	пустельга
pustka	пустыня каменистая	noun	default		standard	пустыня каменистая
pusśu	вуаль	noun	default		standard	вуаль
put	путь	verb	heuristic		standard	путь
putezn	путевой знак	adjective	heuristic		standard	путевой знак
putjsa	путёвка санаторная	noun	default		standard	путевка санаторная
putæh	батист	noun	default		standard	батист
putəv	рутил	noun	default		standard	рутил
puv	фонтан городской	noun	default		standard	фонтан городской
puvby	порода собаки мелкая	noun	default		standard	порода собаки мелкая
puvcø	опасный (прилагательное)	adjective	heuristic		standard	опасный|рискованный|угрожающий
puvel	спандекс	noun	default		standard	спандекс
puvev	болт	noun	default	bolt	standard	болт
puz	альпинизм	noun	default		standard	альпинизм
puzbe	причина скрытая	noun	default		standard	причина скрытая|основание скрытая|повод скрытая
puzyre	пузыреплодник	noun	default		standard	пузыреплодник
puzyrt	пузырчатка (насекомоядное растение)	noun	default		standard	пузырчатка (насекомоядное растение
puś	подстаканник	noun	default		standard	подстаканник
puśist	пушистый (прилагательное)	adjective	heuristic		standard	пушистый
puśits	пушица	noun	default		standard	пушица
puślə	чертополох	noun	default		standard	чертополох
puź	умолять	verb	explicit		standard	умолять
puźof	пуговица костяная	noun	default		standard	пуговица костяная
puźti	дренаж	noun	default		standard	дренаж
pyb	новелла	noun	default		standard	новелла
pybry	срыв переговоров	noun	default		standard	срыв переговоров
pybuz	мастер	noun	default		standard	мастер
pyc	военный трибунал	adjective	heuristic		standard	военный трибунал
pychø	фланговый удар	adjective	heuristic		standard	фланговый удар
pycny	устье реки широкое	noun	default		standard	устье реки широкое
pydka	скрипторий книжный	adjective	heuristic		standard	скрипторий книжный
pydyk	причина	noun	default		standard	причина|основание|повод
pyhej	клещи кузнечные длинные	noun	default		standard	клещи кузнечные длинные|клещи кузнечные протяженные
pyhgy	моток пряжи домашней	noun	default		standard	моток пряжи домашней
pyhof	виолончель	noun	default		standard	виолончель
pyhus	сумка	noun	default		standard	сумка
pykop	флешбэк	noun	default		standard	флешбэк
pyl	спускаться	verb	explicit		standard	спускаться
pyllet	пыль летняя	noun	default		standard	пыль летняя
pylnik	пыльник	noun	default		standard	пыльник
pyltəs	пыльца	noun	default	ølas	standard	пыльца
pym	таран	noun	default		standard	таран
pymar	непроходимая чаща	adjective	heuristic		standard	непроходимая чаща|непроходимая лес|непроходимая лесной массив
pys	лев	noun	default		standard	лев
pyski	пятница	noun	default		standard	пятница
pyt	спрашивать	verb	heuristic	śysæn	standard	спрашивать
pyty	пить	verb	heuristic	rykla	standard	пить|выпивать|употреблять напиток
pyv	стоматолог	noun	default		standard	стоматолог
pyven	альдегид	noun	default		standard	альдегид
pyvuc	условная фраза приказа	adjective	heuristic		standard	условная фраза приказа
pyś	истребитель	noun	default		standard	истребитель
pyź	полуденный зной	adjective	heuristic		standard	полуденный зной
pæ	полностью (квантор)	noun	default		standard	полностью|абсолютно|совсем
pæbbe	пулемёт	noun	default		standard	пулемет
pædəm	намекать	verb	explicit		standard	намекать
pæf	прибой	adjective	heuristic		standard	прибой
pæfa	шлифок	noun	default		standard	шлифок
pæfos	окно со ставнями	noun	default		standard	окно со ставнями
pæhad	шторм	noun	default		standard	шторм
pæhcə	флюгер	noun	default		standard	флюгер
pæhøk	родовое благословение	adjective	heuristic		standard	родовое благословение
pæjne	переспрашивать	verb	explicit		standard	переспрашивать
pæjoc	фара автомобильная	noun	default		standard	фара автомобильная
pæjuj	придворный лекарь	adjective	heuristic		standard	придворный лекарь
pæl	река	noun	default		standard	река|водоток|речка
pælæv	купец	noun	default		standard	купец
pæmaj	беглый огонь	adjective	heuristic		standard	беглый огонь|беглый пламя|беглый пожар
pæncæ	кайтсёрфинг	noun	default		standard	кайтсерфинг
pænyg	жемчуг	noun	default	źemtśu	standard	жемчуг
pæpun	переправа	noun	default		standard	переправа
pæra	ноябрь	noun	default	nojabr	standard	ноябрь
pærvæ	компостер	noun	default		standard	компостер
pæræh	рассказ	noun	default		standard	рассказ
pætju	костровище	noun	default		standard	костровище
pævyk	золовка	noun	default		standard	золовка
pæźal	материал камень	noun	default		standard	материал камень|материал валун|материал камешек
pæźbe	пестование	adjective	heuristic		standard	пестование
pøb	ионосфера	noun	default		standard	ионосфера
pøctø	объявление войны	adjective	heuristic		standard	объявление войны
pødum	гражданское общество	adjective	heuristic		standard	гражданское общество
pødæś	хмуро смотреть	verb	explicit		standard	хмуро смотреть|хмуро взирать|хмуро видеть|хмуро глядеть|хмуро замечать|хмуро наблюдать|хмуро отслеживать|хмуро посматривать|хмуро следить|хмуро увидеть
pøf	сушёная рыба	adjective	heuristic		standard	сушеная рыба
pøgvy	окраска промышленная	noun	default		standard	окраска промышленная
pøhkæ	копьё турнирное тупое	noun	default		standard	копье турнирное тупое|копье турнирное глупое|копье турнирное дурное|копье турнирное неумное
pøhən	добыча охотничья	noun	default		standard	добыча охотничья
pøly	контргайка	noun	default		standard	контргайка
pømol	рождаться	verb	explicit		standard	рождаться
pøn	нервное потрясение	adjective	heuristic		standard	нервное потрясение
pøno	притопывать ногой	verb	heuristic		standard	притопывать ногой
pønæj	расшифровка кода	noun	default		standard	расшифровка кода
pønøk	льнозавод	noun	default		standard	льнозавод
pøpzæ	городская стена	adjective	heuristic		standard	городская стена
pør	буря	noun	default		standard	буря
pøran	сажа	noun	default		standard	сажа
pøs	предбанник холодный	noun	default		standard	предбанник холодный|предбанник прохладный|предбанник студеный
pøsa	денситометр	noun	default		standard	денситометр
pøtøp	селезёнка	noun	default		standard	селезенка
pøźøk	эмаль	noun	default		standard	эмаль
pśenit	пшеница	noun	default		standard	пшеница
pśenpo	пшеничное поле бескрайнее	adjective	heuristic		standard	пшеничное поле бескрайнее
pəf	перехват	noun	default		standard	перехват
pəhtæ	бассейн спортивный клуб	noun	default		standard	бассейн спортивный клуб
pəhzy	мёд	noun	default		standard	мед
pəhæv	мука	noun	default		standard	мука
pəj	ковш банный	noun	default		standard	ковш банный
pəjæh	верстовой столб	adjective	heuristic		standard	верстовой столб
pəkvy	шампунь	noun	default		standard	шампунь
pəlmi	колесо	noun	default		standard	колесо
pəm	ответ учебный	noun	default		standard	ответ учебный|ответное сообщение учебный|реакция учебный
pəmfæ	автомат боевой	noun	default		standard	автомат боевой
pəmnə	бритва опасная	noun	default		standard	бритва опасная|бритва рискованная|бритва угрожающяя
pənbø	кодовая книга	adjective	heuristic		standard	кодовая книга|кодовая издание|кодовая том
pəp	аскеза	noun	default		standard	аскеза
pərby	советник	noun	default		standard	советник
pəs	ткань	noun	default		standard	ткань
pəsum	механизация сельского хозяйства	noun	default		standard	механизация сельского хозяйства
pəsæm	полкодержатель	noun	default		standard	полкодержатель
pəv	бинт	noun	default		standard	бинт
pəvøh	площадь физическая	noun	default		standard	площадь физическая
pəzla	маринование	adjective	heuristic		standard	маринование
pəznu	дезертирство массовое	noun	default		standard	дезертирство массовое
pəzoś	сторожевое животное	adjective	heuristic		standard	сторожевое животное
pəzət	отпускать	verb	explicit		standard	отпускать
pəś	заговорённый предмет	adjective	heuristic		standard	заговоренный предмет|заговоренный вещь|заговоренный объект|заговоренный штука
pəśas	прялка ручная	noun	default		standard	прялка ручная
pəź	кирпичный завод	adjective	heuristic		standard	кирпичный завод|кирпичный предприятие|кирпичный фабрика
ra	снаружи (предлог)	noun	default		standard	снаружи
rabokl	рабочий класс	adjective	heuristic		standard	рабочий класс
rabol	раболепный	adjective	heuristic		standard	раболепный
rabole	раболепствовать	verb	heuristic		standard	раболепствовать
rabot	работать	verb	explicit		standard	работать
rabotjaga	работяга, рабочий	noun	default		colloquial	работяга|рабочий
rabotn	рабочий, предназначенный для работы	adjective	heuristic		standard	предназначенный для работы|рабочий
rabotnja	рабочее помещение	adjective	heuristic		standard	рабочее помещение
racgæ	сатира	noun	default		standard	сатира
racæ	яблоня садовая	noun	default		standard	яблоня садовая
rad	примерка	noun	default		standard	примерка
radar	радар	noun	default		standard	радар
radi	ради (предлог)	noun	default		standard	ради
radika	радикал (знак корня или выражение с корнем)	noun	default		standard	выражение с корнем|радикал (знак корня|лексема с корнем|слово с корнем
radila	радиоприёмник ламповый	noun	default		standard	радиоприемник ламповый
radio	радиоприёмник	noun	default		standard	радиоприемник
radiok	радиус окружности	noun	default		standard	радиус окружности
radiokr	радиокружок	noun	default	ejæd	standard	радиокружок
radioma	радиомаяк	noun	default	øśyl	standard	радиомаяк
radion	радионуклид	noun	default		standard	радионуклид
radiop	радиопередача	noun	default		standard	радиопередача
radios	радиостанция	noun	default		standard	радиостанция
radiov	радиоволна	noun	default		standard	радиоволна
radivr	радиоперехват вражеский	noun	default		standard	радиоперехват вражеский
rados	радостный (прилагательное)	adjective	heuristic		standard	радостный
radost	радость	verb	heuristic		standard	радость
radovs	радость встречи	verb	heuristic		standard	радость встречи
radu	радула	noun	default		standard	радула
raduź	маннит	noun	default		standard	маннит
raduźk	радужка	noun	default		standard	радужка
raf	железо	noun	default		standard	железо
ragje	династия	noun	default		standard	династия
ragśə	грех	noun	default		standard	грех
rah	бродячий торговец	adjective	heuristic		standard	бродячий торговец
rahis	карусель	noun	default		standard	карусель
raj	добрый	adjective	heuristic		standard	добрый
rajkom	райком	noun	default		standard	райком
rajnæ	фотоаппарат	noun	default		standard	фотоаппарат
rajon	серп	noun	default		standard	серп
rakeko	ракета космическая	noun	default		standard	ракета космическая
raklet	раклет (сыр для расплавления)	noun	default		standard	раклет (сыр для расплавления
rakoum	раковина умывальная	noun	default		standard	раковина умывальная
raku	вискоза	noun	default		standard	вискоза
rakuśk	ракушка	noun	default		standard	ракушка
ralac	карательный отряд	adjective	heuristic		standard	карательный отряд
ram	маркшейдер	noun	default		standard	маркшейдер
ramø	ростры (настил для размещения шлюпок)	noun	default		standard	ростры (настил для размещения шлюпок
ran	паутина	noun	default		standard	паутина
rana	рана	noun	default	idal	standard	рана
rangou	рангоут	noun	default		standard	рангоут
ranok	утро	noun	default	utro	standard	утро
ranot	аппенцеллер	noun	default		standard	аппенцеллер
ranu	омовение	adjective	heuristic	omov	standard	омовение
rapan	рапана	noun	default		standard	рапана
rapol	истина	noun	default		standard	истина
rappa	акция ценная бумага	noun	default		standard	акция ценная бумага|акция дорогая бумага|акция недешевая бумага
rapźe	пошлина	noun	default		standard	пошлина
rarbi	ткань кружевная	noun	default		standard	ткань кружевная
ras	почти (наречие степени)	verb	heuristic		standard	почти (наречие степени|почти|едва не|едва не (наречие степени|практически|практически (наречие степени
rashod	расходимость	verb	heuristic		standard	расходимость
raskar	раскопки археологические	noun	default		standard	раскопки археологические
raskol	расти количественно	verb	explicit		standard	расти количественно
raskos	раскос	noun	default		standard	раскос
raskta	раскладывать по тарелкам	verb	heuristic		standard	раскладывать по тарелкам
raspizdaj	распиздяй (мат, безответственный человек)	noun	default		colloquial	безответственный человек|распиздяй (мат|безответственный индивид|безответственный личность|безответственный персона
rasppo	расписание поездов	adjective	heuristic		standard	расписание поездов
raspre	распределитель	noun	default		standard	распределитель
raspśi	распределительный щит	adjective	heuristic		standard	распределительный щит
raspəlo	расплод	noun	default		standard	расплод
raspəre	распредвал	noun	default		standard	распредвал
rassad	рассада	noun	default		standard	рассада
rassba	рассказывать байку	verb	heuristic		standard	рассказывать байку|говорить байку|произносить байку|сказать байку
rassne	рассветное небо розовое	adjective	heuristic		standard	рассветное небо розовое|рассветное небеса розовое|рассветное небосвод розовое
rasspr	рассыпать припасы	verb	heuristic		standard	рассыпать припасы
rassvr	рассвет как время	noun	default		standard	рассвет как время|рассвет как период|рассвет как срок|рассвет каким образом время|рассвет каким способом время
rassyp	рассыпать	verb	explicit		standard	рассыпать
raster	растеризация	noun	default		standard	растеризация
rastjapa	растяпа	noun	default		colloquial	растяпа
rastot	расточительный	adjective	heuristic		standard	расточительный
rastśj	расчёска	noun	default		standard	расческа
rat	мать	verb	heuristic		standard	мать
ratnik	ратник	noun	default		standard	ратник
ratśit	рачительный	adjective	heuristic		standard	рачительный
rav	следовательно (вводное слово)	noun	default		standard	следовательно (вводное слово|следовательно|следовательно (вводное выражение|следовательно (вводное лексема
ravcy	государственный траур	adjective	heuristic		standard	государственный траур
ravens	равенство	noun	default		standard	равенство
ravepe	равенство перед законом	noun	default		standard	равенство перед законом
ravnin	равнина	noun	default	lobəb	standard	равнина
ravnob	равнина обширная	noun	default		standard	равнина обширная|равнина просторная|равнина широкяя
ravnod	равнодушный	adjective	heuristic	øzyp	standard	равнодушный
ravnve	равноденствие весеннее	adjective	heuristic		standard	равноденствие весеннее
raz	раз	noun	default		standard	раз
razbanit	разбанить, снять запрет	verb	heuristic		colloquial	разбанить|снять запрет|снять бан|снять блокировка
razbbo	разбойник с большой дороги	noun	default		standard	разбойник с большой дороги|разбойник с великий дороги|разбойник с крупный дороги|разбойник с огромный дороги
razbse	разбрасывать сено	verb	heuristic		standard	разбрасывать сено
razdel	разделять	verb	explicit		standard	разделять
razdpo	разделительная полоса	adjective	heuristic		standard	разделительная полоса
razdsb	раздельный сбор мусора	adjective	heuristic		standard	раздельный сбор мусора
razdso	разделительный союз	adjective	heuristic		standard	разделительный союз
razdtu	разделка туши	noun	default		standard	разделка туши
razdze	раздробленность земель	verb	heuristic		standard	раздробленность земель
razgib	разгибать	verb	heuristic	røføl	standard	разгибать
razlst	разливать по стаканам	verb	heuristic		standard	разливать по стаканам
razluk	разлука	noun	default		standard	разлука
razmin	разминирование	adjective	heuristic		standard	разминирование
razmyś	размышлять	verb	explicit		standard	размышлять
razntś	разность чисел	verb	heuristic		standard	разность чисел
razobratsja	разобраться, понять или решить	verb	heuristic		colloquial	понять|разобраться|решить
razogl	разочарование глубокое	adjective	heuristic		standard	разочарование глубокое
razrdi	разрыв дипломатических отношений	noun	default		standard	разрыв дипломатических отношений
razre	разрешать	verb	explicit		standard	разрешать
razreś	разрешается (модальное выражение)	noun	default		standard	разрешается (модальное выражение|разрешается (модальное лексема|разрешается (модальное слово
razrulit	разрулить, решить проблему	verb	heuristic		colloquial	разрулить|решить проблему
razuha	разухабистый	adjective	heuristic		standard	разухабистый
razume	разумеется	noun	default	mi	standard	разумеется (вводное слово|разумеется|разумеется (вводное выражение|разумеется (вводное лексема
razvdo	разведывательный дозор	adjective	heuristic		standard	разведывательный дозор
razved	разведгруппа	noun	default	yped	standard	разведгруппа
razvod	развод	noun	default		standard	развод
razvor	разворачивать	verb	explicit		standard	разворачивать
razvsl	разведывательная служба	adjective	heuristic		standard	разведывательная служба
razvəja	развязывать	verb	heuristic	lag	standard	развязывать
razyv	фундук	noun	default		standard	фундук
razzjava	раззява	noun	default		colloquial	раззява
razźal	разжалование	adjective	heuristic	vodźə	standard	разжалование
razəz	цех	noun	default		standard	цех
raźru	воротник рубашки	noun	default		standard	воротник рубашки
raźæb	мейоз	noun	default		standard	мейоз
reakdv	реактивный двигатель	adjective	heuristic		standard	реактивный двигатель
reakhi	реактив химический	noun	default		standard	реактив химический
reakja	реактор ядерный	noun	default		standard	реактор ядерный
reakto	реактопласт (необратимо отверждаемый полимер)	noun	default		standard	реактопласт (необратимо отверждаемый полимер
reaktor	реактор	noun	default		standard	реактор
real	реально	noun	default		colloquial	реально
realno	реально, правда	noun	default		colloquial	правда|реально
realpr	реальный прорыв	adjective	heuristic		standard	реальный прорыв|настоящий прорыв|подлинный прорыв
reb	ручеёк талый	noun	default		standard	ручеек талый
rebala	ребалансировка	noun	default		standard	ребалансировка
rebob	предел	noun	default		standard	предел
rebrźa	ребрышки жареные	noun	default		standard	ребрышки жареные
rebutnut	ребутнуть, перезагрузить	verb	heuristic		colloquial	перезагрузить|ребутнуть
redakt	редактор	noun	default		standard	редактор
redan	редан	noun	default		standard	редан
redis	редис	noun	default		standard	редис
redk	редька	noun	default		standard	редька
redkpo	редкий подлесок	adjective	heuristic		standard	редкий подлесок
reestr	реестр	noun	default		standard	реестр
refere	реферер	noun	default		standard	реферер
reful	тетраэдр	noun	default		standard	тетраэдр
refyp	магнетрон	noun	default		standard	магнетрон
regi	сошник	noun	default		standard	сошник
regisd	регистрация сделки	noun	default		standard	регистрация сделки
rehab	моргать	verb	explicit		standard	моргать
rejac	карта маршрута туристического	noun	default		standard	карта маршрута туристического
rejvə	пояс	noun	default		standard	пояс
rek	озноб	noun	default		standard	озноб
rekaby	река быстрая	noun	default		standard	река быстрая|водоток быстрая|река скорая|река стремительная|река шустрая|речка быстрая
rekosp	рекорд спортивный	noun	default		standard	рекорд спортивный
rekupe	рекуператор	noun	default		standard	рекуператор
rekviz	реквизит	noun	default		standard	реквизит
relba	заповедник природный	noun	default		standard	заповедник природный
relikv	реликвия	noun	default		standard	реликвия
reling	релинг (жесткое ограждение палубы)	noun	default		standard	релинг (жесткое ограждение палубы
remad	проводник	noun	default		standard	проводник
remark	ремарка	noun	default		standard	ремарка
remesl	ремесленник	noun	default	uzyv	standard	ремесленник
remiss	ремиссия	noun	default		standard	ремиссия
remlo	верительные грамоты вручение	adjective	heuristic		standard	верительные грамоты вручение
remone	ремонетизация	noun	default		standard	ремонетизация
ren	камера узника	noun	default		standard	камера узника
render	рендеринг	noun	default		standard	рендеринг
rep	кабанье рыло	noun	default		standard	кабанье рыло
repeti	репетитор	noun	default		standard	репетитор
repeśo	репешок	noun	default		standard	репешок
repite	репитер	noun	default		standard	репитер
repju	идол	noun	default		standard	идол
report	репортёр	noun	default		standard	репортер
reporta	репорт, жалоба	noun	default		colloquial	жалоба|репорт
repost	репост	noun	default		colloquial	репост
repostnut	репостнуть, поделиться публикацией	verb	heuristic		colloquial	поделиться публикацией|репостнуть
reprod	репродуктор	noun	default		standard	репродуктор
reps	репс	noun	default		standard	репс
reraź	летать	verb	heuristic	letp	standard	летать
rerez	зевота	noun	default		standard	зевота
rersu	невестка	noun	default		standard	невестка
resjy	автобус	noun	default		standard	автобус
respon	респонсорий	adjective	heuristic		standard	респонсорий
ressor	рессора	noun	default		standard	рессора
restmo	реставрация монархии	noun	default		standard	реставрация монархии
restna	реставрация находки	noun	default		standard	реставрация находки
restpr	реставратор произведений искусства	noun	default		standard	реставратор произведений искусства
resyź	калькулятор	noun	default		standard	калькулятор
resək	лизать	verb	heuristic	źəvyr	standard	лизать
retard	ретардер	noun	default		standard	ретардер
reteś	пересыщение	adjective	heuristic		standard	пересыщение
retort	реторта	noun	default		standard	реторта
retraj	ретрай	noun	default		standard	ретрай
retrak	ретрактор	noun	default		standard	ретрактор
retsdi	рецензент диссертации	noun	default		standard	рецензент диссертации
retś	речь, язык как средство общения	verb	heuristic		standard	речь|язык как средство общения|наречие как средство общения|речь как средство общения|язык каким образом средство общения|язык каким способом средство общения
retśanin	житель речного берега	noun	default		standard	житель речного берега
retśev	речевой	adjective	heuristic		standard	речевой
retśit	речитатив	noun	default		standard	речитатив
retśn	речной	adjective	heuristic		standard	речной
retśnik	речной работник	adjective	heuristic		standard	речной работник
retśtś	речное чудовище	adjective	heuristic		standard	речное чудовище
reverb	ревербератор	noun	default		standard	ревербератор
reveź	диссидент	noun	default		standard	диссидент
revnos	ревность	verb	heuristic		standard	ревность
revən	новолуние	adjective	heuristic		standard	новолуние
rez	шрам боевой	noun	default		standard	шрам боевой
rezb	резьба	noun	default		standard	резьба
rezbde	резьба по дереву хобби	noun	default		standard	резьба по дереву хобби
rezc	резать	verb	heuristic		standard	резать|разрезать|рубить
rezegr	резервная группировка	adjective	heuristic		standard	резервная группировка
rezer	резерв	noun	default		standard	резерв
rezerv	резервист	noun	default		standard	резервист
rezeto	резервуар топливный	noun	default		standard	резервуар топливный
rezipe	резиновые перчатки хозяйственные	adjective	heuristic		standard	резиновые перчатки хозяйственные
rezist	резистивность	verb	heuristic		standard	резистивность
reznna	резной наличник	adjective	heuristic		standard	резной наличник
rezona	резонанс	noun	default		standard	резонанс
rezrə	паспортно-визовая служба	adjective	heuristic		standard	паспортно-визовая служба
reztśi	резчик	noun	default		standard	резчик
reśasr	решающее сражение	adjective	heuristic		standard	решающее сражение|решающее битва|решающее бой|решающее схватка
reśenie	решение	adjective	heuristic		standard	решение|выход|развязка
reśetk	решетка	noun	default	reśjot	standard	решетка
reśite	решительный (прилагательное)	adjective	heuristic		standard	решительный
reśiz	антракт	noun	default		standard	антракт
reśjot	решётка	noun	default		standard	решетка
reśvy	матрас	noun	default		standard	матрас
reź	озеро	noun	default		standard	озеро|водоем
reźsæ	прорыв обороны	noun	default		standard	прорыв обороны
rib	анестезия местная	noun	default		standard	анестезия местная
ribfe	короб берестяной	noun	default		standard	короб берестяной
ribgə	моченое яблоко	adjective	heuristic		standard	моченое яблоко
riboz	рибоза	noun	default		standard	рибоза
ricdy	приказ о приёме	noun	default		standard	приказ о приеме
rices	кожа	noun	default		standard	кожа
ridag	транспарант	noun	default		standard	транспарант
rif	дедушкина побасенка	noun	default		standard	дедушкина побасенка
rifaź	копчение	adjective	heuristic	koptś	standard	копчение
rife	генерал	noun	default	gener	standard	генерал
rifel	рифель	noun	default		standard	рифель
rifød	горница	noun	default		standard	горница
rigato	ригатони	noun	default		standard	ригатони
rigodo	ригодон	noun	default		standard	ригодон
rik	год	noun	default	noślø	standard	год|годичный период|лет
rikon	плазмида	noun	default		standard	плазмида
ril	август	noun	default		standard	август
rilæd	кораблекрушение	adjective	heuristic		standard	кораблекрушение
rim	скручивать	verb	explicit		standard	скручивать
rimag	штурм в лоб	noun	default		standard	штурм в лоб
rimdo	трусливый (прилагательное)	adjective	heuristic		standard	трусливый
rimjø	уже частица	noun	default		standard	уже частица
riməm	тоннель горный	noun	default		standard	тоннель горный
rin	брачный договор	adjective	heuristic		standard	брачный договор
rip	пипетка	noun	default		standard	пипетка
ripi	дивергенция	noun	default		standard	дивергенция
ripur	старшина	noun	default	starśi	standard	старшина
ripyb	поздравлять	verb	explicit		standard	поздравлять
rirjo	пророчица	noun	default		standard	пророчица
ritard	ритардандо	noun	default		standard	ритардандо
ritm	ритм	noun	default	inoś	standard	ритм
ritmmu	ритм музыкальный дубль	noun	default		standard	ритм музыкальный дубль
ritual	ритуал	noun	default		standard	ритуал
rituma	ритуальная маска	adjective	heuristic		standard	ритуальная маска
ritśək	река	noun	default	pæl	standard	река|водоток|речка
rivjə	квашеная капуста	adjective	heuristic		standard	квашеная капуста
rivøp	обращать внимание	verb	explicit		standard	обращать внимание
rizali	ризалит	noun	default		standard	ризалит
rizoid	ризоид	noun	default		standard	ризоид
riśi	смесь специй	noun	default		standard	смесь специй
riśuc	экономические санкции	adjective	heuristic		standard	экономические санкции
riśzo	опытный образец	adjective	heuristic		standard	опытный образец
rjabkr	рябина красная	noun	default		standard	рябина красная
rjapuś	ряпушка	noun	default		standard	ряпушка
rjask	ряска	noun	default	gəcsa	standard	ряска
rjaźen	ряженка	noun	default		standard	ряженка
rjukpo	рюкзак походный	noun	default		standard	рюкзак походный
rjukza	рюкзак	noun	default		standard	рюкзак
rjumic	рюмка маленькая	noun	default		standard	рюмка маленькая
rnatə	пучок петрушки	noun	default		standard	пучок петрушки
rob	делать	verb	heuristic	del	standard	делать
roba	инсоляция	noun	default		standard	инсоляция
robitn	рабочий	adjective	heuristic	rabotjaga	standard	работяга|рабочий
robot	работа	noun	default	səf	standard	работа|дело
rocpy	терминал аэропорта	noun	default		standard	терминал аэропорта
rocyc	контролёр транспорта	noun	default		standard	контролер транспорта
rodaki	родаки, родители	noun	default		colloquial	родаки|родители
rodi	родственник	noun	default		standard	родственник
rodink	родинка	noun	default		standard	родинка
rodnik	родник	noun	default		standard	родник
rodopr	родовое проклятие	adjective	heuristic		standard	родовое проклятие
rody	роды	noun	default	øjoc	standard	роды
rodyn	семья	noun	default	vesnø	standard	семья
rodytś	родственник	noun	default	rodi	standard	родственник
rofas	чиновничество	noun	default	nøgru	standard	чиновничество
rofl	рофл, шутка	noun	default		colloquial	рофл|шутка
roflit	рофлить, шутить	verb	heuristic		colloquial	рофлить|шутить
rogoku	роговой кубок	adjective	heuristic		standard	роговой кубок
rohbo	постоялый двор	adjective	heuristic		standard	постоялый двор
roj	экспедиционный дневник	adjective	heuristic		standard	экспедиционный дневник
rojup	лигатура	noun	default		standard	лигатура
rok	главный казначей	adjective	heuristic		standard	главный казначей|ведущий казначей|ключевой казначей|основной казначей
rol	торнадо	noun	default		standard	торнадо
roleg	рибана	noun	default		standard	рибана
rolmi	убежище политическое предоставленное	noun	default		standard	убежище политическое предоставленное
rolno	напильник	noun	default		standard	напильник
rolyk	экспонат музейный	noun	default		standard	экспонат музейный
roləz	рычание	adjective	heuristic		standard	рычание
roman	роман	noun	default		standard	роман
romb	ромб	noun	default	yfæl	standard	ромб
romøś	полистирол	noun	default		standard	полистирол
romə	магнезит	noun	default		standard	магнезит
ronæg	фламинго	noun	default	ryd	standard	фламинго
ronøś	кортеж	noun	default		standard	кортеж
rop	штамповка	noun	default		standard	штамповка
rops	ропс	noun	default		standard	ропс
ropzi	дух предков	noun	default		standard	дух предков
ropøs	уходить	verb	explicit		standard	уходить
roræg	паромщик	noun	default		standard	паромщик
rorśø	вагон	noun	default		standard	вагон
rosapa	роса на паутине	noun	default		standard	роса на паутине
roskod	роскошное одеяние	adjective	heuristic		standard	роскошное одеяние
roskoś	роскошный (прилагательное)	adjective	heuristic		standard	роскошный
rosppa	роспуск парламента	noun	default		standard	роспуск парламента
rospte	роспись тела	noun	default		standard	роспись тела
rostok	росток	noun	default		standard	росток
rostəve	ростверк	noun	default		standard	ростверк
rotats	ротацизм	noun	default		standard	ротацизм
roteź	барбакан	noun	default		standard	барбакан
roton	ротон	noun	default		standard	ротон
rotvy	паспортный контроль пограничный	adjective	heuristic		standard	паспортный контроль пограничный
rov	сантехнический кран	adjective	heuristic		standard	сантехнический кран
rovbe	водоворот	noun	default		standard	водоворот
rovo	адажио	noun	default		standard	адажио
rovt	ров	noun	default		standard	ров
rozda	плетень	noun	default		standard	плетень
rozena	розетка настенная бытовая	noun	default		standard	розетка настенная бытовая
rozmar	розмарин	noun	default		standard	розмарин
rozpat	отчаяние	adjective	heuristic	mol	standard	отчаяние
rozum	понимать	verb	heuristic	ponim	standard	понимать|осознавать|разбираться|уразуметь
rozøc	вымогательство	noun	default		standard	вымогательство
roś	зачёт	noun	default		standard	зачет
rośa	альбит	noun	default		standard	альбит
rośaza	роща заповедная	noun	default		standard	роща заповедная
roź	клуб рабочий	noun	default		standard	клуб рабочий
roźden	рождение	adjective	heuristic	kudpø	standard	рождение|появление на свет
roźm	рожь	noun	default		standard	рожь
roźopa	рожок пастуший	noun	default		standard	рожок пастуший
roźəl	хронометр	noun	default		standard	хронометр
rtut	ртуть	verb	heuristic		standard	ртуть
rubah	рубаха	noun	default		standard	рубаха
rubimj	рубить мясо топором	verb	heuristic		standard	рубить мясо топором|разрезать мясо топором|резать мясо топором|рубить мясная пища топором
rubin	рубин	noun	default	mon	standard	рубин
ruc	дружба	noun	default		standard	дружба
rud	частное чисел	adjective	heuristic		standard	частное чисел
rudbek	рудбекия	noun	default		standard	рудбекия
ruf	следствие уголовное	adjective	heuristic		standard	следствие уголовное
rufat	паровоз	noun	default	parovo	standard	паровоз
ruffæ	паяльник	noun	default		standard	паяльник
ruh	панцирь	noun	default		standard	панцирь
ruhho	плотина	noun	default		standard	плотина
ruhok	тоже	noun	default	toź	standard	тоже
ruindr	руины древние	noun	default		standard	руины древние|руины ветхие|руины старые
ruj	скучать	verb	explicit		standard	скучать
rujn	разрушать	verb	heuristic	lohøf	standard	разрушать
rujyz	бедный	adjective	heuristic		standard	бедный|малоимущий|нищий
rukeh	гореть	verb	explicit		standard	гореть
rukoav	рукопись авторская	noun	default		standard	рукопись авторская
rukopo	рукопожатие	adjective	heuristic		standard	рукопожатие
rukos	прощание навсегда	adjective	heuristic		standard	прощание навсегда
rul	обмен пленными	noun	default		standard	обмен пленными
rulośt	рулонные шторы	adjective	heuristic		standard	рулонные шторы
rulvel	руль велосипедный	noun	default		standard	руль велосипедный
rumdæ	предохранитель электрический	noun	default		standard	предохранитель электрический
rumeś	нигде	noun	default	nigd	standard	нигде
rumpel	румпель	noun	default		standard	румпель
rumud	мако	noun	default		standard	мако
runa	руна	noun	default	zøf	standard	руна
runas	нейрон	noun	default		standard	нейрон
runyh	национальный праздник	adjective	heuristic		standard	национальный праздник
rup	сеять	verb	heuristic		standard	сеять
rupor	рупор	noun	default		standard	рупор
rupva	закалка стали	noun	default		standard	закалка стали
rur	трапеза	noun	default		standard	трапеза
rurom	вечерний костёр	adjective	heuristic		standard	вечерний костер
rus	offside	noun	default		standard	offside
rusalk	русалка	noun	default		standard	русалка
rusog	чинук	noun	default		standard	чинук
rusøz	прививка	noun	default		standard	прививка
rutiv	согласие	adjective	heuristic		standard	согласие
rutśdv	ручка дверная	noun	default		standard	ручка дверная
rutśej	ручейник	noun	default		standard	ручейник
rutśśa	ручка шариковая	noun	default		standard	ручка шариковая
ruśnik	рушник	noun	default	uhut	standard	рушник
ruśnyk	полотенце	noun	default	poltse	standard	полотенце
rvanut	рвануть, резко пойти или поехать	verb	heuristic		colloquial	поехать|рвануть|резко пойти
rybalk	рыбак	noun	default	pej	standard	рыбак
rybatś	рыбачить	verb	heuristic		standard	рыбачить
ryboba	рыболовная база	adjective	heuristic		standard	рыболовная база
rybosn	рыболовная снасть	adjective	heuristic		standard	рыболовная снасть
rybźir	рыбий жир	adjective	heuristic		standard	рыбий жир
ryd	фламинго	noun	default		standard	фламинго
ryf	мгновение	adjective	heuristic		standard	мгновение|миг|секунда
ryfhe	путешественник ближний	noun	default		standard	путешественник ближний
ryfti	газовая плита	adjective	heuristic		standard	газовая плита
ryfæź	опознавательный знак	adjective	heuristic		standard	опознавательный знак
ryføb	колония заморская	noun	default		standard	колония заморская
ryføh	подсветка садовая	noun	default		standard	подсветка садовая
ryg	балалайка	noun	default		standard	балалайка
rygvø	всё	noun	default		standard	все
ryhcy	цирк	noun	default		standard	цирк
ryhlpo	рыхлить почву	verb	heuristic		standard	рыхлить почву
ryhym	соединительный союз	adjective	heuristic		standard	соединительный союз
ryhøp	белила	noun	default		standard	белила
ryjim	высадка морского десанта	noun	default		standard	высадка морского десанта
ryjo	сушить мясо	verb	heuristic		standard	сушить мясо|сушить мясная пища
rykla	пить	verb	heuristic		standard	пить|выпивать|употреблять напиток
rykry	сухой паёк	adjective	heuristic		standard	сухой паек|несырой паек|обезвоженный паек
rylez	болторез	noun	default		standard	болторез
rylgy	бык	noun	default		standard	бык
rym	пир	noun	default		standard	пир
rynok	рынок	noun	default	øzæd	standard	рынок
ryp	соление	adjective	heuristic		standard	соление
ryriv	дворняга	noun	default		standard	дворняга
rys	рысь	noun	default		standard	рысь
rysaz	линогравюра	noun	default		standard	линогравюра
ryskan	рыскание	adjective	heuristic		standard	рыскание
rysær	фронтон	noun	default		standard	фронтон
rytu	вафельница	noun	default		standard	вафельница
rytśan	рычание	adjective	heuristic	roləz	standard	рычание
ryv	лёд	noun	default		standard	лед
ryvuś	угрызения совести	noun	default		standard	угрызения совести
ryvyt	поножи	noun	default		standard	поножи
ryzəp	фуршет	noun	default		standard	фуршет
ryśśi	муссонный климат	adjective	heuristic		standard	муссонный климат
ryź	терапевт	noun	default		standard	терапевт
ryźcu	горячее блюдо	adjective	heuristic		standard	горячее блюдо|жаркее блюдо|раскаленное блюдо
ryźyk	раскол	noun	default		standard	раскол
ræbe	орлан	noun	default		standard	орлан
ræbpy	страховой полис	adjective	heuristic		standard	страховой полис
ræc	понёва	noun	default		standard	понева
ræcyt	дротик	noun	default		standard	дротик
ræfuz	вертолётная площадка	adjective	heuristic		standard	вертолетная площадка
ræg	военный совет	adjective	heuristic		standard	военный совет
rælip	остеоцит	noun	default		standard	остеоцит
ræm	молитва о дожде	noun	default		standard	молитва о дожде
ræma	хмельной запах	adjective	heuristic		standard	хмельной запах
ræmry	пост	noun	default		standard	пост
ræmuz	амнистия	noun	default		standard	амнистия
rænba	гадюка	noun	default		standard	гадюка
rænly	масляная лампада	adjective	heuristic		standard	масляная лампада
ræpro	одуванчик	noun	default		standard	одуванчик
ræpæź	жадность	verb	heuristic	źadnos	standard	жадность
rærpə	ударник труда	noun	default		standard	ударник труда
ræsśu	прямой волосами (прилагательное)	adjective	heuristic		standard	прямой волосами
ræt	первый бой	adjective	heuristic		standard	первый бой|начальный бой|первый битва|первый сражение|первый схватка
rætvy	сталагмит	noun	default		standard	сталагмит
rævfo	весенняя капель	adjective	heuristic		standard	весенняя капель
ræś	глина	noun	default		standard	глина
ræź	ремонт квартиры	noun	default		standard	ремонт квартиры
ræźha	танго	noun	default		standard	танго
ræźi	визг поросенка	noun	default		standard	визг поросенка
røbkæ	осадная башня	adjective	heuristic		standard	осадная башня
rødak	подъёмная решётка	adjective	heuristic		standard	подъемная решетка
rødi	ламель	noun	default		standard	ламель
røføl	разгибать	verb	explicit		standard	разгибать
røg	знать	verb	heuristic		standard	знать|быть в курсе|ведать
røgu	кантата	noun	default		standard	кантата
røhyź	барсук	noun	default		standard	барсук
røp	падать	verb	explicit		standard	падать
rørok	сердце	noun	default		standard	сердце
rørut	благоговение	adjective	heuristic		standard	благоговение
røsiv	сегнетоэлектрик	noun	default		standard	сегнетоэлектрик
røv	расти	verb	explicit		standard	расти
røzæl	городской совет	adjective	heuristic		standard	городской совет
røś	успевать	verb	explicit		standard	успевать
røźi	бакен	noun	default	baken	standard	бакен
røźpu	москитная сетка	adjective	heuristic		standard	москитная сетка
røźæh	акселерандо	noun	default		standard	акселерандо
rźaka	ржака, очень смешно	noun	default		colloquial	очень смешно|ржака
rźan	ржание	adjective	heuristic		standard	ржание
rźat	ржать, громко смеяться	verb	heuristic		colloquial	громко смеяться|ржать|громко усмехаться|громко хохотать
rə	кстати (вводное слово)	verb	heuristic		standard	кстати (вводное слово|кстати|кстати (вводное выражение|кстати (вводное лексема
rəby	повидло	noun	default	tyvbe	standard	повидло
rəfæn	противоречие	adjective	heuristic		standard	противоречие
rəfəź	слово	noun	default		standard	слово|выражение|лексема
rəgəb	зубной порошок	adjective	heuristic		standard	зубной порошок
rəjgy	осенний туман	adjective	heuristic		standard	осенний туман
rəjni	материал кожа	noun	default		standard	материал кожа
rəkil	поднимать стакан	verb	heuristic		standard	поднимать стакан
rəl	верховный суд	adjective	heuristic		standard	верховный суд
rəlul	ведро для мытья пола	noun	default		standard	ведро для мытья пола
rəme	бабка	noun	default	babk	standard	бабка
rənze	поддержка словом	noun	default		standard	поддержка словом
rənør	капитанская каюта	adjective	heuristic		standard	капитанская каюта
rərot	звукоподражание	adjective	heuristic		standard	звукоподражание
rəs	верхняя палата	adjective	heuristic		standard	верхняя палата|высшяя палата
rəsif	извержение	adjective	heuristic		standard	извержение
rəsik	ранить	verb	explicit		standard	ранить
rəsuz	кланяться	verb	explicit		standard	кланяться
rəvny	звон наковальни	noun	default		standard	звон наковальни
rəvśi	бусы стеклянные	noun	default		standard	бусы стеклянные
rəś	алфавит настенный	noun	default		standard	алфавит настенный
rəśha	суверенитет государства	noun	default		standard	суверенитет государства
rəśnø	благодарность глубокая	verb	heuristic		standard	благодарность глубокая
rəśop	гидроаккумулятор	noun	default		standard	гидроаккумулятор
rəśor	печь дровяная	verb	heuristic		standard	печь дровяная
rəśu	раскадровка	noun	default		standard	раскадровка
rəśə	чакона	noun	default		standard	чакона
rəźje	беглец	noun	default		standard	беглец
sa	во-вторых (вводное слово)	noun	default		standard	во-вторых (вводное слово|во-вторых (вводное выражение|во-вторых (вводное лексема
sabota	саботаж	noun	default		standard	саботаж
sabtaj	сабтайтл	noun	default		standard	сабтайтл
saczy	победа	noun	default		standard	победа
sacəd	судебная система	adjective	heuristic		standard	судебная система|судебная структура|судебная устройство
saddo	сад за домом	noun	default		standard	сад за домом
sadih	соковыжималка	noun	default		standard	соковыжималка
sadokr	садок рыболовный	noun	default		standard	садок рыболовный
sadono	садовые ножницы	adjective	heuristic		standard	садовые ножницы
sadory	садок для рыбы	noun	default		standard	садок для рыбы
sadovo	садоводство	noun	default	zagca	standard	садоводство
sadri	зал прилёта	noun	default		standard	зал прилета
sadu	гипотеза	noun	default	gipote	standard	гипотеза
saf	считать	verb	heuristic		standard	считать|подсчитывать|полагать
saharo	сахароза	noun	default		standard	сахароза
sahog	мультиварка	noun	default		standard	мультиварка
sahy	резчик	noun	default	reztśi	standard	резчик
sajlen	сайлентблок	noun	default		standard	сайлентблок
sajpu	бахча	noun	default		standard	бахча
sajtəma	сайтмап	noun	default		standard	сайтмап
saju	молотьба	noun	default	tybjy	standard	молотьба
sakes	переохлаждение	adjective	heuristic		standard	переохлаждение
saksof	саксофон	noun	default		standard	саксофон
salfet	салфетка	noun	default		standard	салфетка
saliś	вокзал	noun	default	vokzal	standard	вокзал
salnik	сальник	noun	default		standard	сальник
salog	перхлорат	noun	default		standard	перхлорат
salotś	сало с чесноком	noun	default		standard	сало с чесноком
salri	каша рассыпчатая	noun	default		standard	каша рассыпчатая
samis	кокетка (отрезная часть одежды)	noun	default		standard	кокетка (отрезная часть одежды|кокетка (отрезная доля одежды|кокетка (отрезная кусок одежды|кокетка (отрезная фрагмент одежды
samoan	самоанализ	noun	default		standard	самоанализ
samodo	самодовольный	adjective	heuristic		standard	самодовольный
samog	самогон	noun	default		standard	самогон
samona	самонадеянный	adjective	heuristic		standard	самонадеянный
samoob	самообман	noun	default	ynaz	standard	самообман
samoot	самовольная отлучка	adjective	heuristic		standard	самовольная отлучка
samots	самоцвет	noun	default		standard	самоцвет
samova	самовар	noun	default		standard	самовар
samoza	самозабвенный	adjective	heuristic		standard	самозабвенный
samum	самум	noun	default		standard	самум
samśit	самшит	noun	default		standard	самшит
saməź	нейроглия	noun	default		standard	нейроглия
sandal	сандалии	noun	default		standard	сандалии
sandle	сандалии летние	noun	default		standard	сандалии летние
sandəhi	сандхи	noun	default		standard	сандхи
sandəri	сандрик	noun	default		standard	сандрик
sanisl	санитарная служба	adjective	heuristic		standard	санитарная служба
sank	санки	noun	default		standard	санки
sanksp	санкционный список	adjective	heuristic		standard	санкционный список
sanspo	санный спорт	adjective	heuristic		standard	санный спорт
santle	сантиметровая лента	adjective	heuristic		standard	сантиметровая лента
sanud	робкий	adjective	heuristic	egaj	standard	робкий
sap	вставать	verb	explicit		standard	вставать
sapi	граве	noun	default		standard	граве
sapodi	саподилла	noun	default		standard	саподилла
sapoma	сапожная мастерская	adjective	heuristic		standard	сапожная мастерская
sapopo	сапоги походные	noun	default		standard	сапоги походные
sapøz	химчистка	noun	default		standard	химчистка
sarain	сарай для инструмента	noun	default		standard	сарай для инструмента
saraj	сарай	noun	default		standard	сарай
sarkaz	сарказм	noun	default		standard	сарказм
sarkol	сарколемма	noun	default		standard	сарколемма
sarkre	саркофаг реакторный	noun	default		standard	саркофаг реакторный
saros	сарос	noun	default		standard	сарос
sarź	саржа	noun	default		standard	саржа
sasto	ремень передаточный	noun	default		standard	ремень передаточный
saten	проклитика	noun	default		standard	проклитика
satæ	малат	noun	default		standard	малат
savig	ненависть	verb	heuristic	ośøf	standard	ненависть
saś	тряпка для пыли	noun	default		standard	тряпка для пыли
saź	удивляться	verb	explicit		standard	удивляться
saźaot	сажа очага	noun	default		standard	сажа очага
saźene	саженец	noun	default		standard	саженец
saźenj	сажень	noun	default		standard	сажень
saźtə	старый город	adjective	heuristic		standard	старый город|ветхий город|древний город|старый городской населенный пункт|старый град
saźźe	абзац заключительный	noun	default		standard	абзац заключительный
sbitsa	сбитый самолёт	adjective	heuristic		standard	сбитый самолет|сбитый аэроплан
sborme	сбор металлолома	noun	default		standard	сбор металлолома
sborpo	сборщик податей	noun	default		standard	сборщик податей
sdatde	сдача денег	noun	default		standard	сдача денег
sdav	сдаваться	verb	explicit		standard	сдаваться
sebja	себя	noun	default		standard	себя
sed	орбитальная станция	adjective	heuristic		standard	орбитальная станция
sedca	мусоропровод	noun	default		standard	мусоропровод
sedfə	прокурор	noun	default		standard	прокурор
sedlgo	седловина горная	noun	default		standard	седловина горная
sedne	солнечное затмение частичное	adjective	heuristic		standard	солнечное затмение частичное
sedæ	грудинка соленая	noun	default		standard	грудинка соленая
seføn	конец	noun	default		standard	конец
segla	колючий (прилагательное)	adjective	heuristic		standard	колючий
segodn	сегодня	noun	default		standard	сегодня
sehil	ступа деревянная	noun	default		standard	ступа деревянная
sehøg	плавильня	noun	default		standard	плавильня
sejsst	сейсмическая станция	adjective	heuristic		standard	сейсмическая станция
sejtś	сейчас	noun	default		standard	сейчас
sek	сек, секунду	noun	default		colloquial	сек|секунду
sekez	антитело	noun	default		standard	антитело
sekme	холодный	adjective	heuristic		standard	холодный|прохладный|студеный
sekrpo	секретное послание	adjective	heuristic		standard	секретное послание
sekuvr	секунда времени	noun	default		standard	секунда времени|мгновение времени|миг времени
sekven	секвенсор	noun	default		standard	секвенсор
selfi	селфи	noun	default		colloquial	селфи
seljanin	житель села	noun	default		standard	житель села
selo	деревня	noun	default	dek	standard	деревня|поселок|селение|село
selsk	сельский	adjective	heuristic		standard	сельский
selyb	путеводитель	noun	default		standard	путеводитель
sem	семь	numeral	heuristic	odyk	standard	семь
semafo	семафор	noun	default		standard	семафор
semjan	семянка	noun	default		standard	семянка
senat	сенат	noun	default	imus	standard	сенат
sendəvi	сэндвичница	noun	default		standard	сэндвичница
senido	сени дома	noun	default		standard	сени дома
senora	сеньораж	noun	default		standard	сеньораж
senoz	вулканизация	noun	default		standard	вулканизация
sepaf	конвенция международная	noun	default		standard	конвенция международная
sepep	покидать	verb	explicit		standard	покидать
sepi	сепия	noun	default		standard	сепия
sepop	троттлинг	noun	default		standard	троттлинг
ser	серый	adjective	heuristic		standard	серый
serak	серак	noun	default		standard	серак
serdol	сердолик	noun	default		standard	сердолик
serebr	серебро	noun	default		standard	серебро
seredi	середина	noun	default		standard	середина|сердцевина|центр
sereku	серебряный кубок	adjective	heuristic		standard	серебряный кубок
sereźk	серьга	noun	default	gorcə	standard	серьга
serjoz	серьёзно?	noun	default		colloquial	серьезно
serjtś	серьёзно что ли (недоверие)	noun	default		colloquial	серьезно что ли (недоверие|серьезно какая вещь ли (недоверие|серьезно какой предмет ли (недоверие
seroto	серотонин	noun	default		standard	серотонин
serpar	серные пары	adjective	heuristic		standard	серные пары
sertəs	сердце	noun	default	rørok	standard	сердце
servet	салфетка	noun	default	salfet	standard	салфетка
servop	сервопривод	noun	default		standard	сервопривод
servst	сервировка стола	noun	default		standard	сервировка стола
servtś	сервиз чайный	noun	default		standard	сервиз чайный
sesva	стол пиршественный длинный	noun	default		standard	стол пиршественный длинный|стол пиршественный протяженный
sesæb	тянуть за хвост	verb	heuristic		standard	тянуть за хвост
setper	сеть передачи данных	verb	heuristic		standard	сеть передачи данных
severs	северное сияние	adjective	heuristic		standard	северное сияние|северное освещение|северное свет
sevesi	северное сияние цветное	adjective	heuristic		standard	северное сияние цветное|северное освещение цветное|северное свет цветное
sezfa	слесарь	noun	default		standard	слесарь
seśog	флорист	noun	default		standard	флорист
seźok	разведчик	noun	default		standard	разведчик
sfoje	разливать мимо стакана	verb	heuristic		standard	разливать мимо стакана
sfortəs	сфорцандо	noun	default		standard	сфорцандо
sfumat	сфумато	noun	default		standard	сфумато
sgib	сгибать	verb	explicit		standard	сгибать
sglaz	сглаз	noun	default		standard	сглаз
sgəraff	сграффито	noun	default		standard	сграффито
shodim	сходимость	verb	heuristic		standard	сходимость
shody	лестница	noun	default	lestni	standard	лестница
sibod	маркизет	noun	default		standard	маркизет
sid	технический паспорт изделия	adjective	heuristic		standard	технический паспорт изделия
sifono	сифонофора	noun	default		standard	сифонофора
sifæ	свекор	noun	default	eźir	standard	свекор
sigag	клизма	noun	default	beg	standard	клизма
sigje	поливать грядки	verb	heuristic		standard	поливать грядки
signal	сигнал	noun	default		standard	сигнал
signat	сигнал к атаке	noun	default		standard	сигнал к атаке
sihap	дунит	noun	default		standard	дунит
sihuj	пастбище	noun	default		standard	пастбище
sihəd	трещина в земле	noun	default		standard	трещина в земле
sijni	метафора	noun	default		standard	метафора
sijæk	шёлк	noun	default		standard	шелк
sikep	ханжество	noun	default		standard	ханжество
sil	сила	noun	default		standard	сила|могущество|мощь
silap	мочить	verb	explicit		standard	мочить
silkpt	силки на птицу	noun	default		standard	силки на птицу
sill	силл	noun	default		standard	силл
sillog	силлогизм	noun	default		standard	силлогизм
sillə	референдум	noun	default		standard	референдум
siloja	силосная яма	adjective	heuristic		standard	силосная яма
silvin	сильвин	noun	default		standard	сильвин
sim	обряд изгнания духа	noun	default		standard	обряд изгнания духа
simpbo	симптом болезни	noun	default		standard	симптом болезни
sin	синий	adjective	heuristic		standard	синий
sinaps	синапс	noun	default		standard	синапс
sinhəro	синхронизатор (узел коробки передач)	noun	default		standard	синхронизатор (узел коробки передач
sinkop	синкопа	noun	default		standard	синкопа
sinops	синопсис	noun	default		standard	синопсис
sinopt	синоптик	noun	default		standard	синоптик
sinpi	стенобитное орудие	adjective	heuristic		standard	стенобитное орудие
sinsa	самообладание	adjective	heuristic		standard	самообладание
sintez	синтезатор	noun	default		standard	синтезатор
sip	северные земли	adjective	heuristic		standard	северные земли
sipeg	гарантийный талон	adjective	heuristic		standard	гарантийный талон
sipu	аконит	noun	default		standard	аконит
sirih	горная руда серебряная	adjective	heuristic		standard	горная руда серебряная
sirokk	сирокко	noun	default		standard	сирокко
sirot	сирота	noun	default		standard	сирота
siroś	легато	noun	default		standard	легато
siryj	серый	adjective	heuristic	ser	standard	серый
sisky	печатка	noun	default		standard	печатка
sistema	система	noun	default		standard	система|структура|устройство
sisøn	берег желанный	noun	default		standard	берег желанный
sit	тайнопись	noun	default		standard	тайнопись
sito	сито	noun	default		standard	сито
sitsil	сицилиана	noun	default		standard	сицилиана
sityś	личное письмо	adjective	heuristic		standard	личное письмо|личное запись|личное текст
sive	пилильщик	noun	default		standard	пилильщик
sivys	аптека	noun	default		standard	аптека
sizovo	сизоворонка	noun	default		standard	сизоворонка
sizuź	род	noun	default		standard	род
siśiz	волшебное зелье	adjective	heuristic		standard	волшебное зелье
siśəś	осёл вьючный	noun	default		standard	осел вьючный
siźir	смех	noun	default	əcoj	standard	смех
sjorfi	сёрфинг	noun	default		standard	серфинг
sjuda	сюда	noun	default	kakøf	standard	сюда
sjuzer	сюзеренитет	noun	default		standard	сюзеренитет
skakal	скакалка	noun	default		standard	скакалка
skakde	скакалка детская	noun	default		standard	скакалка детская
skaklo	скаковая лошадь	adjective	heuristic		standard	скаковая лошадь
skaksp	скакалка спортивная	noun	default		standard	скакалка спортивная
skalk	скалка	noun	default		standard	скалка
skalol	скалолазание	adjective	heuristic	lejen	standard	скалолазание
skalpe	скальпель	noun	default		standard	скальпель
skamor	скаморца	noun	default		standard	скаморца
skamsa	скамейка садовая	noun	default		standard	скамейка садовая
skatpr	скатерть праздничная	verb	heuristic		standard	скатерть праздничная
skatśat	скачать файл	verb	heuristic		colloquial	скачать файл
skaz	сказать	verb	heuristic		standard	сказать|высказать|произнести|сообщить
skazby	сказитель былин	noun	default		standard	сказитель былин
skelet	скелетон	noun	default		standard	скелетон
skinut	скинуть, отправить файл или сообщение	verb	heuristic		colloquial	отправить файл|скинуть|сообщение
skird	скирда	noun	default		standard	скирда
skirso	скирда соломы	noun	default		standard	скирда соломы
skoli	сколия	noun	default		standard	сколия
skolzək	скользкий	adjective	heuristic	fəśdo	standard	скользкий
skomor	скоморох	noun	default		standard	скоморох
skop	скопа	noun	default		standard	скопа
skorfi	скорость физическая	verb	heuristic		standard	скорость физическая|быстрота физическая|темп физическая
skorma	скорняжная мастерская	adjective	heuristic		standard	скорняжная мастерская
skorov	скороварка	noun	default		standard	скороварка
skorpi	скорпион	noun	default		standard	скорпион
skorpo	скорая помощь машина	adjective	heuristic		standard	скорая помощь машина|быстрая помощь машина|скорая помощь авто|скорая помощь автомобиль|скорая помощь тачка|стремительная помощь машина|шустрая помощь машина
skotdv	скотный двор	adjective	heuristic		standard	скотный двор
skr	скрывать	verb	explicit		standard	скрывать
skrepk	скрепка	noun	default		standard	скрепка
skrin	скрин, снимок экрана	noun	default		colloquial	скрин|снимок экрана
skrina	скрипка народная	noun	default		standard	скрипка народная
skrinśot	скриншот	noun	default		colloquial	скриншот
skrois	скромность истинная	verb	heuristic		standard	скромность истинная
skrollit	скроллить, листать экран	verb	heuristic		colloquial	листать экран|скроллить
skrouź	скромный ужин семейный	adjective	heuristic		standard	скромный ужин семейный
skryko	скрытая комната	adjective	heuristic		standard	скрытая комната
skulbr	скульптура бронзовая	noun	default		standard	скульптура бронзовая
skumpi	скумпия	noun	default		standard	скумпия
skupkr	скупщик краденого	noun	default		standard	скупщик краденого
skvoś	сквош	noun	default		standard	сквош
skəlero	склеротерапия	noun	default		standard	склеротерапия
skəljan	стакан	noun	default	stakan	standard	стакан
skərink	скринкаст	noun	default		standard	скринкаст
skərinr	скринридер	noun	default		standard	скринридер
slab	слабость	verb	heuristic		standard	слабость
slabina	слабое место	adjective	heuristic		standard	слабое место|некрепкее место|немощное место|слабое локация|слабое точка
slabk	слабый	adjective	heuristic	kunry	standard	слабый|некрепкий|немощный
sladi	укрепрайон	noun	default	ukrepr	standard	укрепрайон
slajəs	искать	verb	heuristic	gæsəm	standard	искать|подыскивать|разыскивать
slavoś	тетива	noun	default	tetiv	standard	тетива
slaśi	возможно	noun	default	bet	standard	возможно (модальное выражение вводное|возможно|возможно (модальное лексема вводное|возможно (модальное слово вводное
sledko	следы копыт в доме	noun	default		standard	следы копыт в доме
sledne	на следующей неделе	noun	default		standard	на следующей неделе
sledov	следовательно	noun	default	rav	standard	следовательно (вводное слово|следовательно|следовательно (вводное выражение|следовательно (вводное лексема
sledzv	след зверя на снегу	noun	default		standard	след зверя на снегу
sleho	офиура	noun	default		standard	офиура
slekop	щелкун	noun	default		standard	щелкун
slenus	обезьяна	noun	default	gibdi	standard	обезьяна
slepen	слепень	noun	default		standard	слепень
slesæs	противопоставление	adjective	heuristic	proti	standard	противопоставление
sleve	платить	verb	heuristic	plat	standard	платить
slez	слеза	noun	default	cennæ	standard	слеза
sligaz	полуклюз	noun	default		standard	полуклюз
slilub	плодородие	adjective	heuristic	plodor	standard	плодородие
slisa	электричество	noun	default	elektr	standard	электричество
slitsja	слиться, уйти или отказаться	verb	heuristic		colloquial	отказаться|слиться|уйти
sliv	слива	noun	default		standard	слива
slivde	сливовое дерево	adjective	heuristic		standard	сливовое дерево
slivko	сливовая косточка	adjective	heuristic		standard	сливовая косточка
slivna	сливовая наливка	adjective	heuristic		standard	сливовая наливка
slobod	слобода	noun	default		standard	слобода
slogre	слоган рекламный	noun	default		standard	слоган рекламный
slomat	сломать, испортить	verb	heuristic		colloquial	испортить|сломать
slonko	слоновая кость	adjective	heuristic		standard	слоновая кость
slovmo	словообразовательная модель	adjective	heuristic		standard	словообразовательная модель
slovor	словарь орфографический	noun	default		standard	словарь орфографический
slovos	словосложение	adjective	heuristic		standard	словосложение
slovto	словарь толковый	noun	default		standard	словарь толковый
sluh	слух	noun	default		standard	слух
sluhap	слуховой аппарат	adjective	heuristic		standard	слуховой аппарат
sluhok	слуховое окно	adjective	heuristic		standard	слуховое окно
sluś	слуш, слушай	noun	default		colloquial	слуш|слушай
sluśaj	слушай (обращение-паразит)	noun	default		colloquial	слушай (обращение-паразит
sluźmt	служба МЧС	noun	default		standard	служба мчс
slyfun	грязелечебница	noun	default	grjaze	standard	грязелечебница
slypyh	дотация	noun	default		standard	дотация
slyś	слышь, обращение	noun	default		colloquial	обращение|слышь
slæbo	странник	noun	default	strann	standard	странник
slæliz	синклиналь	noun	default		standard	синклиналь
slæmi	умелый	adjective	heuristic	vøs	standard	умелый
sløśuź	шлица	noun	default		standard	шлица
sləgaś	полевик	noun	default	polevi	standard	полевик
smajæ	кулик	noun	default		standard	кулик
smake	защелка	noun	default		standard	защелка
smaki	алевролит	noun	default		standard	алевролит
smame	галенит	noun	default		standard	галенит
smanil	афелий	adjective	heuristic		standard	афелий
smatəb	карканье	noun	default	karkan	standard	карканье
smaźud	половник	noun	default	polovn	standard	половник
smedøv	наставление	adjective	heuristic	nastav	standard	наставление
smejgr	смеяться громко	verb	heuristic		standard	смеяться громко|усмехаться громко|хохотать громко
smelos	смелость	verb	heuristic	otøl	standard	смелость
smerd	смерд	noun	default		standard	смерд
smetan	сметана	noun	default		standard	сметана
smetli	сметливый	adjective	heuristic		standard	сметливый
smetst	смета строительная	noun	default		standard	смета строительная
smeś	смешивать	verb	explicit		standard	смешивать
smi	смеяться	verb	heuristic	mym	standard	смеяться|хохотать
smifah	правдоподобие	adjective	heuristic		standard	правдоподобие
smilyv	смелый	adjective	heuristic	føvøv	standard	смелый
smiren	смирение	adjective	heuristic	bot	standard	смирение
smisub	операционная	adjective	heuristic	źøź	standard	операционная
smoløt	зять	verb	heuristic	zjat	standard	зять
smortś	смородина чёрная	noun	default		standard	смородина черная
smotza	смотритель заповедника	noun	default		standard	смотритель заповедника
smulez	созревание	adjective	heuristic	sozr	standard	созревание
smutnznin	житель Смутнозоря	noun	default		standard	житель смутнозоря
smytpo	смытый позор	adjective	heuristic		standard	смытый позор
smytsja	смыться, быстро уйти	verb	heuristic		colloquial	быстро уйти|смыться|скорее уйти|стремительно уйти
smytsk	смычок скрипичный	noun	default		standard	смычок скрипичный
sməjate	смятение	adjective	heuristic		standard	смятение
snadæn	вздыхать	verb	heuristic	vzdyh	standard	вздыхать
snaje	аплит	noun	default		standard	аплит
snasaś	симплекс	noun	default		standard	симплекс
snava	наем	noun	default	najom	standard	наем
sneg	снег	noun	default		standard	снег
snegir	снегирь	noun	default		standard	снегирь
snegob	снегопад обильный	noun	default		standard	снегопад обильный
snegsi	снегопад сильный	noun	default		standard	снегопад сильный|снегопад крепкий|снегопад мощный
snegur	снегурочка	noun	default		standard	снегурочка
sneha	ошейник	noun	default	ośejni	standard	ошейник
snelit	спать	verb	heuristic	spat	standard	спать|дремать|почивать
snerup	нелепый	adjective	heuristic		standard	нелепый
sneźba	снежный барс	adjective	heuristic		standard	снежный барс
sneźno	снежноягодник	noun	default		standard	снежноягодник
snihiś	куки	noun	default		standard	куки
snippe	сниппет	noun	default		standard	сниппет
snofor	асцидия	noun	default		standard	асцидия
snosk	сноска	noun	default		standard	сноска
snoti	ненавязчивость	verb	heuristic	nenavj	standard	ненавязчивость
snoubo	сноубординг	noun	default		standard	сноубординг
snyfug	договоренность	verb	heuristic	dipmi	standard	договоренность
snykih	стрингер	noun	default		standard	стрингер
snæfør	транскрипция	noun	default	transk	standard	транскрипция
sobak	собака	noun	default		standard	собака
sobaoh	собака охотничья гончая	noun	default		standard	собака охотничья гончая
sobira	собирать рассыпанное	verb	heuristic		standard	собирать рассыпанное
sobol	соболь	noun	default		standard	соболь
sobole	соболезнование	adjective	heuristic		standard	соболезнование
soc	опровергать	verb	explicit		standard	опровергать
socaz	продолжать бороться	verb	explicit		standard	продолжать бороться
sofræ	компас	noun	default		standard	компас
soglas	согласованность	verb	heuristic	əsit	standard	согласованность
soglaś	соглашаться	verb	explicit		standard	соглашаться
sogæ	указатель (адрес объекта в памяти)	noun	default		standard	указатель (адрес объекта в памяти
sohi	пять	verb	heuristic	pjat	standard	пять
sohode	настоящее	adjective	heuristic	nasto	standard	настоящее
sojam	скрепка	noun	default	skrepk	standard	скрепка
sojem	бригадир	noun	default	brigad	standard	бригадир
sojusl	союзное слово	adjective	heuristic		standard	союзное слово|союзное выражение|союзное лексема
sojuz	или союз	noun	default		standard	или союз
sok	телетрансляция	noun	default		standard	телетрансляция
soke	сокет	noun	default		standard	сокет
sokoln	сокольничий	adjective	heuristic	zøpæn	standard	сокольничий
sokrov	сокровищница	noun	default		standard	сокровищница
sokrpo	сокровищница подземная	noun	default		standard	сокровищница подземная
soldst	солдатская столовая	adjective	heuristic		standard	солдатская столовая
solen	соленость	verb	heuristic	evys	standard	соленость
soleni	соление	adjective	heuristic	ryp	standard	соление
soleno	соленоид (цилиндрическая электромагнитная катушка)	noun	default		standard	соленоид (цилиндрическая электромагнитная катушка
solero	солерос	noun	default		standard	солерос
solfat	сольфатара	noun	default		standard	сольфатара
solifl	солифлюкция	noun	default		standard	солифлюкция
solist	солист	noun	default		standard	солист
soljan	солянка (растение)	noun	default		standard	солянка (растение
solnle	солнцестояние летнее	adjective	heuristic		standard	солнцестояние летнее
solnpa	солнечная панель	adjective	heuristic		standard	солнечная панель
solnsv	солнечный свет	adjective	heuristic		standard	солнечный свет|солнечный освещение|солнечный сияние
solnza	солнечный закат	adjective	heuristic		standard	солнечный закат
solod	солод	noun	default	yśeb	standard	солод
solone	солонец	noun	default		standard	солонец
solonk	солонка	noun	default	æmoj	standard	солонка
solopo	соловей поющий	noun	default		standard	соловей поющий
solræ	здание правительства	adjective	heuristic		standard	здание правительства|постройка правительства|строение правительства
soma	дипломник	noun	default	diplom	standard	дипломник
somel	сомелье	noun	default	inuc	standard	сомелье
somnvy	сомнение выражение	adjective	heuristic		standard	сомнение выражение|сомнение лексема|сомнение слово
sonant	сонант	noun	default		standard	сонант
sonja	соня, любящий поспать	noun	default		colloquial	любящий поспать|соня
sonn	сонный	adjective	heuristic	dum	standard	сонный
sonngo	сонный гость	adjective	heuristic		standard	сонный гость
sontəs	солнце	noun	default	føjha	standard	солнце
soobś	сообщать	verb	explicit		standard	сообщать
soposo	сопоставительный союз	adjective	heuristic		standard	сопоставительный союз
soprfi	сопротивление физическое	adjective	heuristic		standard	сопротивление физическое
soprpi	сопроводительное письмо	adjective	heuristic		standard	сопроводительное письмо|сопроводительное запись|сопроводительное текст
sorak	офсет	noun	default		standard	офсет
soredi	соредия	noun	default		standard	соредия
sorevn	соревнование	adjective	heuristic		standard	соревнование
sorih	линеаризация	noun	default		standard	линеаризация
sorom	стыд	noun	default	høgdi	standard	стыд
sorotś	рубаха	noun	default	rubah	standard	рубаха
sortoi	сортоиспытание	adjective	heuristic		standard	сортоиспытание
sortst	сортировочная станция	adjective	heuristic		standard	сортировочная станция
sorusy	сорусы	noun	default		standard	сорусы
sorə	парапет	noun	default		standard	парапет
sos	угольный разрез	adjective	heuristic		standard	угольный разрез
sose	берет	noun	default	zæs	standard	берет
sosk	соска	noun	default	myc	standard	соска
sosktr	соска из тряпицы	noun	default		standard	соска из тряпицы
sotsio	социолект	noun	default		standard	социолект
sotsob	социалистическое обязательство	adjective	heuristic		standard	социалистическое обязательство
sotsəso	соцсоревнование	adjective	heuristic	kælzo	standard	соцсоревнование
sotypt	соты пчелиные	noun	default		standard	соты пчелиные
sotśuv	сочувствие	adjective	heuristic	nof	standard	сочувствие
sotət	гантели	noun	default		standard	гантели
sov	паломничество	noun	default		standard	паломничество
soveku	совет купцов	noun	default		standard	совет купцов
soveml	совет младших родов	noun	default		standard	совет младших родов
sovest	совет старших родов	noun	default		standard	совет старших родов
sovet	советоваться	verb	explicit		standard	советоваться
sovetv	совет воинов	noun	default		standard	совет воинов
sovevo	совет вождей	noun	default		standard	совет вождей
soveźr	совет жрецов	noun	default		standard	совет жрецов
sovhoz	совхоз	noun	default		standard	совхоз
sovk	совка (бабочка)	noun	default		standard	совка (бабочка
sovəź	племя охотников	noun	default		standard	племя охотников
sozr	созревание	adjective	heuristic		standard	созревание
sozuv	триумф	noun	default		standard	триумф
sozvez	созвездие	adjective	heuristic		standard	созвездие
sozvsk	созвездие скорпиона	adjective	heuristic		standard	созвездие скорпиона
sośas	крещендо	noun	default		standard	крещендо
soźale	к сожалению (вводное слово)	noun	default		standard	к сожалению (вводное слово|к сожалению (вводное выражение|к сожалению (вводное лексема
soźu	заживать	verb	heuristic	pifyś	standard	заживать
spaget	спагетти	verb	heuristic		standard	спагетти
spalit	спалить, заметить или раскрыть	verb	heuristic		colloquial	заметить|раскрыть|спалить
spalitsja	спалиться, выдать себя	verb	heuristic		colloquial	выдать себя|спалиться
spalme	спальный мешок	adjective	heuristic		standard	спальный мешок
spam	спам	noun	default		colloquial	спам
spaspl	спасшиеся на плоту	noun	default		standard	спасшиеся на плоту
spassl	спасательная служба	adjective	heuristic		standard	спасательная служба
spat	спать	verb	heuristic		standard	спать|дремать|почивать
spatif	спатифиллум	noun	default		standard	спатифиллум
spek	жара	noun	default	sys	standard	жара
speleo	спелеолог	noun	default		standard	спелеолог
sperma	сперматоцит	noun	default		standard	сперматоцит
spetko	специальный корреспондент	adjective	heuristic		standard	специальный корреспондент
spetme	специи в мешках	noun	default		standard	специи в мешках
spetmo	специи молотые	noun	default		standard	специи молотые
spetsi	специя	noun	default		standard	специя
spetsm	специи смешанные	noun	default		standard	специи смешанные
spidny	юбка	noun	default	jubka	standard	юбка
spidom	спидометр	noun	default		standard	спидометр
spikka	спиккато	noun	default		standard	спиккато
spikul	спикула	noun	default		standard	спикула
spispr	список пропавших без вести	noun	default		standard	список пропавших без вести
spitvj	спицы вязальные	noun	default		standard	спицы вязальные
spivak	певец	noun	default	nimuj	standard	певец
spoko	спокойный (прилагательное)	adjective	heuristic		standard	спокойный
spokoj	спокойствие	adjective	heuristic		standard	спокойствие
sporo	спорить о добыче	verb	heuristic		standard	спорить о добыче
sporob	спортивный обзор	adjective	heuristic		standard	спортивный обзор
sporof	спорофит	noun	default		standard	спорофит
sporte	спорная территория международная	adjective	heuristic		standard	спорная территория международная|спорная край международная|спорная область международная|спорная регион международная
sporze	спорная земля	adjective	heuristic		standard	спорная земля|спорная грунт|спорная почва
spraof	справка официальная	noun	default		standard	справка официальная
sprjza	спрятанный запас алкоголя	adjective	heuristic		standard	спрятанный запас алкоголя
sputis	спутник искусственный	noun	default		standard	спутник искусственный|луна искусственный|месяц искусственный
spyn	спина	noun	default	śiś	standard	спина
spys	копье	noun	default	piske	standard	копье
spəlav	сплав	noun	default	nirga	standard	сплав
spəletn	сплетня	noun	default	śac	standard	сплетня
spəlitt	сплиттер	noun	default		standard	сплиттер
spərajt	спрайт	noun	default		standard	спрайт
spərave	справедливость	verb	heuristic	cemyh	standard	справедливость
srat	срать (грубое слово)	verb	heuristic		colloquial	срать (грубое слово|срать (грубое выражение|срать (грубое лексема
sravn	сравнение	adjective	heuristic		standard	сравнение
sravni	сравнивать	verb	heuristic	omuv	standard	сравнивать
sravob	сравнительный оборот	adjective	heuristic		standard	сравнительный оборот
sred	среди (предлог)	noun	default		standard	среди
srub	сруб	noun	default		standard	сруб
srubko	сруб колодца	noun	default		standard	сруб колодца
sryvem	срыв эмоциональный	noun	default		standard	срыв эмоциональный
ssorde	ссора детская	noun	default		standard	ссора детская
ssylk	ссылка	noun	default	øtih	standard	ссылка
stadio	стадион	noun	default	ziplə	standard	стадион
staja	стая	adjective	heuristic		standard	стая
stakan	стакан	noun	default		standard	стакан
stalag	сталагмит	noun	default	rætvy	standard	сталагмит
stalak	сталактит	noun	default	yjov	standard	сталактит
stames	стамеска	noun	default		standard	стамеска
star	стареть	verb	explicit		standard	стареть
starin	старинный (прилагательное)	adjective	heuristic		standard	старинный
starit	старица	noun	default		standard	старица
starkn	старинная книга редкая	adjective	heuristic		standard	старинная книга редкая|старинная издание редкая|старинная том редкая
starkr	старая крепость	adjective	heuristic		standard	старая крепость|ветхяя крепость|древняя крепость
staros	староста	noun	default		standard	староста
starpo	старпом	noun	default		standard	старпом
starse	староста сельский	noun	default		standard	староста сельский
starza	старинное заклятие снятое	adjective	heuristic		standard	старинное заклятие снятое
starśi	старшина	noun	default		standard	старшина
statbe	статус беженца	noun	default		standard	статус беженца
statsa	статуя садовая	noun	default		standard	статуя садовая
stavde	ставня деревянная	noun	default		standard	ставня деревянная
staven	ставень	noun	default		standard	ставень
stebel	стебель	noun	default		standard	стебель
stehn	бедро	noun	default	gøśho	standard	бедро
stek	стек	noun	default		standard	стек
stekl	стеклопластик	noun	default		standard	стеклопластик
steklo	стеклоочиститель	noun	default		standard	стеклоочиститель
stel	потолок	noun	default	potol	standard	потолок
stelor	стелька ортопедическая	noun	default		standard	стелька ортопедическая
stenga	стенгазета	noun	default		standard	стенгазета
stent	стент	noun	default		standard	стент
step	степь	noun	default	epøj	standard	степь
stepku	степной курган	adjective	heuristic		standard	степной курган
steptś	степень числа	noun	default		standard	степень числа
stepze	степные земли	adjective	heuristic		standard	степные земли
stern	стерня	noun	default		standard	стерня
sterv	стерва (оскорбление женщины)	noun	default		colloquial	стерва (оскорбление женщины
steźk	тропа	noun	default	təc	standard	тропа
stilet	стул	noun	default	jən	standard	стул
stilre	стилистический регистр	adjective	heuristic		standard	стилистический регистр
stilto	стилтон	noun	default		standard	стилтон
stin	стена	noun	default	əpəl	standard	стена
sto	стоять	verb	heuristic		standard	стоять|находиться стоя|простаивать
stog	стог	noun	default		standard	стог
stohas	стохастичность	verb	heuristic		standard	стохастичность
stojdu	стойкость духа	verb	heuristic		standard	стойкость духа
stol	стол	noun	default		standard	стол
stolit	век	noun	default	vek	standard	век
stolits	столица	noun	default	nək	standard	столица
stolpi	стол письменный	noun	default		standard	стол письменный
stope	стопэ, остановись	noun	default		colloquial	остановись|стопэ
stopor	стопор	noun	default		standard	стопор
storba	сторожевая башня	adjective	heuristic		standard	сторожевая башня
storvo	сторожевой волкодав	adjective	heuristic		standard	сторожевой волкодав
strado	странноприимный дом	adjective	heuristic		standard	странноприимный дом|странноприимный жилище|странноприимный жилье|странноприимный обиталище
strafo	страховой фонд	adjective	heuristic		standard	страховой фонд
strale	странствующий лекарь	adjective	heuristic		standard	странствующий лекарь
strann	странник	noun	default		standard	странник
strast	страстный (прилагательное)	adjective	heuristic		standard	страстный
strato	стратосфера	noun	default		standard	стратосфера
stratu	страховка туристическая	noun	default		standard	страховка туристическая
straus	страус домашний	noun	default		standard	страус домашний
stravo	страж у ворот бдительный	noun	default		standard	страж у ворот бдительный
streko	стрекоза	noun	default		standard	стрекоза
stremn	стремнина	noun	default		standard	стремнина
streor	стрелковое оружие	adjective	heuristic		standard	стрелковое оружие|стрелковое вооружение|стрелковое ствол
strepe	стрелочный перевод	adjective	heuristic		standard	стрелочный перевод
streti	стрелковый тир	adjective	heuristic		standard	стрелковый тир
strim	стрим, прямая трансляция	noun	default		colloquial	прямая трансляция|стрим
strimer	стример	noun	default		colloquial	стример
strimit	стримить, вести трансляцию	verb	heuristic		colloquial	вести трансляцию|стримить
stroenie	постройка, строительство	noun	default		standard	постройка|строительство|здание|строение
strojka	стройка	noun	default		standard	стройка
strole	строительные леса	adjective	heuristic		standard	строительные леса
stropl	строительная площадка	adjective	heuristic		standard	строительная площадка
strora	строительный раствор	adjective	heuristic		standard	строительный раствор
struźk	стружка	noun	default		standard	стружка
studen	студень	noun	default		standard	студень
studpe	студент первокурсник	noun	default		standard	студент первокурсник|обучающийся первокурсник|учащийся в вузе первокурсник
studte	студия телевизионная	noun	default		standard	студия телевизионная
stukatś	стукач, доносчик	noun	default		colloquial	доносчик|стукач
stukko	стук копыт	noun	default		standard	стук копыт
stup	ступа	noun	default	nøś	standard	ступа
stupk	ступка	noun	default		standard	ступка
styd	стыдиться	verb	heuristic	jycih	standard	стыдиться
stśasl	счастливый случай	adjective	heuristic		standard	счастливый случай
stśjta	счётчик таксометр	noun	default		standard	счетчик таксометр
stəjuar	стюардесса	noun	default	pulcy	standard	стюардесса
stərah	страх	noun	default	dibbu	standard	страх
stərann	странный	adjective	heuristic	azøk	standard	странный
stəreli	стрелиция	noun	default		standard	стрелиция
stərept	стрептокарпус	noun	default		standard	стрептокарпус
stəreźe	стрежень	noun	default		standard	стрежень
stərobi	стробил	noun	default		standard	стробил
stərop	строп	noun	default		standard	строп
stərumo	ручей	noun	default	efit	standard	ручей
stəryb	прыгать	verb	heuristic	kisək	standard	прыгать
stəsiad	сциадопитис	noun	default		standard	сциадопитис
stəsint	сцинтилляция	noun	default		standard	сцинтилляция
stəśet	счет	noun	default	cøj	standard	счет
subbot	суббота	noun	default		standard	суббота
subdom	субдоминанта	noun	default		standard	субдоминанта
subsid	субсидия	noun	default		standard	субсидия
subtśik	субчик, подозрительный тип	noun	default		colloquial	подозрительный тип|субчик
suc	провожать	verb	explicit		standard	провожать
sudb	судьба	noun	default		standard	судьба
sudbvo	судьба воина	noun	default		standard	судьба воина
sudeis	судебный исполнитель	adjective	heuristic		standard	судебный исполнитель
sudepr	судебный пристав	adjective	heuristic		standard	судебный пристав
sudeza	судебное заседание	adjective	heuristic		standard	судебное заседание
sudokr	судомодельный кружок	adjective	heuristic		standard	судомодельный кружок
sudoźu	судовой журнал	adjective	heuristic		standard	судовой журнал
sudspo	судья спортивный	noun	default		standard	судья спортивный
sudəś	престо	noun	default		standard	престо
suever	суеверие	adjective	heuristic		standard	суеверие
suf	розетка тройная	noun	default		standard	розетка тройная
suffoz	суффозия	noun	default		standard	суффозия
suglin	суглинок	noun	default		standard	суглинок
sugrgl	сугроб глубокий	noun	default		standard	сугроб глубокий
suhaź	убивать	verb	heuristic		standard	убивать|лишать жизни|умертвлять
suhe	голубь	noun	default	epøg	standard	голубь
suhlob	сустав	noun	default	sustav	standard	сустав
suhmo	государственный реестр	adjective	heuristic		standard	государственный реестр
suhove	суховей	noun	default		standard	суховей
suhoźi	сухожилие	adjective	heuristic		standard	сухожилие
suhyj	сухой	adjective	heuristic	śənkə	standard	сухой|несырой|обезвоженный
suj	созвездие льва	adjective	heuristic		standard	созвездие льва
sujæt	льнянка	noun	default		standard	льнянка
suka	сука (грубое ругательство)	noun	default		colloquial	сука (грубое ругательство
sukek	глубиномер	noun	default	glubin	standard	глубиномер
sukgu	костюм деловой	noun	default		standard	костюм деловой
sukn	сукно	noun	default		standard	сукно
sulit	композитинг	noun	default		standard	композитинг
suloh	шкура	noun	default		standard	шкура
sulugu	сулугуни	noun	default		standard	сулугуни
suluv	нащельник	noun	default		standard	нащельник
suləg	телеграмма	noun	default		standard	телеграмма
sum	печаль	noun	default	jøkpi	standard	печаль
suma	фибриноген	noun	default		standard	фибриноген
sumato	суматоха	noun	default		standard	суматоха
sumerk	сумерки	noun	default		standard	сумерки
sumevr	сумерки как время	noun	default		standard	сумерки как время|сумерки как период|сумерки как срок|сумерки каким образом время|сумерки каким способом время
sumo	сумо	noun	default		standard	сумо
sumøm	этиленгликоль	noun	default		standard	этиленгликоль
sumək	купель	noun	default	kupel	standard	купель
sun	опытный (прилагательное)	adjective	heuristic		standard	опытный
sunaź	сусек	noun	default		standard	сусек
sundod	сундук с одеждой	noun	default		standard	сундук с одеждой
sunduk	сундук	noun	default		standard	сундук
sundzo	сундук с золотом	noun	default		standard	сундук с золотом
sunu	мираж	noun	default	mira	standard	мираж
sunum	дрофа	noun	default		standard	дрофа
sunyf	навязчивость в общении	verb	heuristic		standard	навязчивость в общении
sup	суп	noun	default		standard	суп
superf	суперфиниш	noun	default		standard	суперфиниш
supol	компаундинг	noun	default		standard	компаундинг
suppəle	супплетивизм	noun	default		standard	супплетивизм
suprem	супремум	noun	default		standard	супремум
supud	черепица	noun	default	tśere	standard	черепица
surod	вещий сон	adjective	heuristic		standard	вещий сон
sus	свобода слова	noun	default		standard	свобода слова|вольность слова|независимость слова
susid	сосед	noun	default	orol	standard	сосед
sustav	сустав	noun	default		standard	сустав
sutco	балласт	noun	default		standard	балласт
sutjaź	сутяжный	adjective	heuristic		standard	сутяжный
sutk	сутки	noun	default		standard	сутки
sutśok	сучок	noun	default		standard	сучок
suvald	сувальда	noun	default		standard	сувальда
suveni	сувенир	noun	default		standard	сувенир
suvis	злословить	verb	heuristic		standard	злословить
suvod	суводь	noun	default		standard	суводь
suvvu	закрытый наглухо (прилагательное)	adjective	heuristic		standard	закрытый наглухо|запертый наглухо|недоступный наглухо
suśiba	суши-бар	noun	default		standard	суши-бар
suśnos	сущность	verb	heuristic		standard	сущность
suźym	сифон	noun	default		standard	сифон
svabaz	верстак	noun	default	verst	standard	верстак
svadb	свадьба	noun	default	zemtə	standard	свадьба
svadob	свадебный обряд	adjective	heuristic		standard	свадебный обряд
svadpl	свадебное платье	adjective	heuristic		standard	свадебное платье
svaeb	сваебой	adjective	heuristic		standard	сваебой
svago	дюна	noun	default		standard	дюна
svah	сваха	noun	default		standard	сваха
svahem	дерзкий	adjective	heuristic	derzk	standard	дерзкий
svahəp	песчанка	noun	default		standard	песчанка
svaja	свая	adjective	heuristic		standard	свая
svalit	свалить, уйти	verb	heuristic		colloquial	свалить|уйти
svanaź	коуш	noun	default		standard	коуш
sved	сведа	noun	default		standard	сведа
svekro	свекровь	noun	default		standard	свекровь
sverhəg	сверхгигант	noun	default		standard	сверхгигант
sveru	трагедия	noun	default	traged	standard	трагедия
svet	светить	verb	explicit		standard	светить
svetil	светильня	noun	default		standard	светильня
svetja	свет как явление физическое	noun	default		standard	свет как явление физическое|освещение как явление физическое|свет каким образом явление физическое|свет каким способом явление физическое|сияние как явление физическое
svetlitsa	светлая общая комната	adjective	heuristic		standard	светлая общая комната
svetlznin	житель Светлозоря	noun	default		standard	житель светлозоря
svetma	световая маскировка	adjective	heuristic		standard	световая маскировка
svetovik	специалист по освещению	noun	default		standard	специалист по освещению
svetovnja	электроподстанция освещения	noun	default		standard	электроподстанция освещения
svetsi	светло-синий оттенок	adjective	heuristic		standard	светло-синий оттенок
svetsl	светящийся след в небе	noun	default		standard	светящийся след в небе
svetźe	светофор железнодорожный	noun	default		standard	светофор железнодорожный
svidug	рокфор (сыр с голубой плесенью)	noun	default		standard	рокфор (сыр с голубой плесенью
svikov	кроссфейдер	noun	default		standard	кроссфейдер
svin	свинья	noun	default		standard	свинья
svinmt	свиноматка	noun	default		standard	свиноматка
svinot	свиная отбивная	adjective	heuristic		standard	свиная отбивная
svinpj	свиной пятачок	adjective	heuristic		standard	свиной пятачок
svinps	свинопас	noun	default		standard	свинопас
svinre	свиные ребрышки	adjective	heuristic		standard	свиные ребрышки
svintu	свиная туша	adjective	heuristic		standard	свиная туша
svinźa	свинина жареная	noun	default		standard	свинина жареная
svisto	свистопляска	noun	default		standard	свистопляска
svitan	рассвет	noun	default	cəclæ	standard	рассвет
svitl	свет	noun	default	jopeb	standard	свет|освещение|сияние
svitly	фотография	noun	default	vifvi	standard	фотография
svitok	свиток	noun	default		standard	свиток
svitśək	свеча	noun	default	pafźu	standard	свеча
sviź	свежий	adjective	heuristic	cyroh	standard	свежий
sviźə	плести	verb	heuristic	gər	standard	плести
svjabe	связь беспроводная	noun	default		standard	связь беспроводная
svjale	святилище лесное	noun	default		standard	святилище лесное
svjapr	связь проводная	noun	default		standard	связь проводная
svjave	связывать веревкой	verb	heuristic		standard	связывать веревкой
svjokl	свёкла	noun	default		standard	свекла
svobod	свобода	noun	default		standard	свобода|вольность|независимость
svobpe	свобода печати	noun	default		standard	свобода печати|вольность печати|независимость печати
svobso	свобода собраний	noun	default		standard	свобода собраний|вольность собраний|независимость собраний
svodse	сводная сестра	adjective	heuristic		standard	сводная сестра
svolo	сволочь (оскорбление)	verb	heuristic		colloquial	сволочь (оскорбление
svoni	эмменталь	noun	default		standard	эмменталь
svopø	кастер	noun	default		standard	кастер
svotu	раздвоенное копыто	adjective	heuristic		standard	раздвоенное копыто
svunoz	альгинат	noun	default		standard	альгинат
svutit	бурдон	noun	default		standard	бурдон
svyha	флок	noun	default		standard	флок
svyśed	кильватер	noun	default		standard	кильватер
svædæ	автокорреляция	noun	default		standard	автокорреляция
svæhoh	форпик	noun	default		standard	форпик
svæpə	детерминант	noun	default		standard	детерминант
svævaź	опилки	noun	default	opilk	standard	опилки
svø	свой	adjective	heuristic		standard	свой
svøźid	противень	noun	default	źøl	standard	противень
svøźih	ростер	noun	default		standard	ростер
svəjat	праздник	noun	default	zez	standard	праздник
svəjati	святилище	noun	default	vuzor	standard	святилище
svəjaty	святыня	noun	default	źæl	standard	святыня
svəjazy	связывать	verb	heuristic	his	standard	связывать
svənəp	инфикс	noun	default		standard	инфикс
svəśib	овинник	noun	default	ovinni	standard	овинник
syb	поле недавней битвы	noun	default		standard	поле недавней битвы
sybø	горе	noun	default	migke	standard	горе
syc	уж	noun	default		standard	уж
syd	дух огня	noun	default		standard	дух огня
sydaf	штраф	noun	default		standard	штраф
syden	шрам	noun	default	śram	standard	шрам
sydəź	здание монетного двора	adjective	heuristic		standard	здание монетного двора|постройка монетного двора|строение монетного двора
syfis	загадка	noun	default	zagadk	standard	загадка
sygag	баобаб	noun	default	baobab	standard	баобаб
sygip	стужа лютая	noun	default		standard	стужа лютая
syh	нейтральная полоса пограничная	adjective	heuristic		standard	нейтральная полоса пограничная
syklu	апатия	noun	default		standard	апатия
syku	программист	noun	default	tærib	standard	программист
syl	горноспасательная служба	adjective	heuristic		standard	горноспасательная служба
sym	поцелуй	noun	default		standard	поцелуй
synij	синий	adjective	heuristic	sin	standard	синий
synød	пакт о ненападении	noun	default		standard	пакт о ненападении
syp	добровольная дружина	adjective	heuristic		standard	добровольная дружина
sypup	уровень строительный	noun	default		standard	уровень строительный
syr	сыр	noun	default		standard	сыр
sys	жара	noun	default		standard	жара
sysyl	поговорка	noun	default		standard	поговорка
sysæg	оно	pronoun	rule		standard	оно
syt	слон	noun	default		standard	слон
sytyj	сытый	adjective	heuristic	opeb	standard	сытый
syvag	морская свинка	adjective	heuristic		standard	морская свинка
syz	звено овощеводческое	noun	default		standard	звено овощеводческое
syzny	ведьмак	noun	default		standard	ведьмак
syzuc	критика разрушительная	noun	default		standard	критика разрушительная
syśek	цепкий	adjective	heuristic		standard	цепкий
syśor	па танцевальное	noun	default		standard	па танцевальное
syśu	ракушка	noun	default	rakuśk	standard	ракушка
sæ	по (предлог распределения)	noun	default		standard	по (предлог распределения
sæb	кузнечный молот	adjective	heuristic		standard	кузнечный молот
sædeh	похвала	noun	default	beź	standard	похвала
sædpø	аквариум домашний	noun	default		standard	аквариум домашний
sædøv	определение грамматическое	adjective	heuristic		standard	определение грамматическое
sæfjæ	идиома	noun	default		standard	идиома
sægur	шея	noun	default		standard	шея
sæhed	доменная печь	adjective	heuristic		standard	доменная печь
sæhon	пойма	noun	default		standard	пойма
sæjaj	кровь	noun	default		standard	кровь
sæjtø	журнальный столик	adjective	heuristic		standard	журнальный столик
sæjur	акцент	noun	default	aktsen	standard	акцент
sæk	материал стекло	noun	default		standard	материал стекло
sæn	майорат	noun	default		standard	майорат
særfa	филармония	noun	default		standard	филармония
sæs	репортаж с места	noun	default		standard	репортаж с места
sæt	проклятый предмет	adjective	heuristic		standard	проклятый предмет|проклятый вещь|проклятый объект|проклятый штука
sætzy	покушение на убийство	adjective	heuristic		standard	покушение на убийство
sætźa	воинская доля	adjective	heuristic		standard	воинская доля|воинская кусок|воинская фрагмент|воинская часть
sæv	обстановка оперативная	noun	default		standard	обстановка оперативная
sæś	плаха	noun	default		standard	плаха
sæśki	посылка	noun	default		standard	посылка
sæźśa	возмущение	adjective	heuristic		standard	возмущение
søbep	директива штаба	noun	default		standard	директива штаба
søbyk	порода собаки крупная	noun	default		standard	порода собаки крупная|порода собаки большая|порода собаки великяя|порода собаки огромная
sødar	хлев	noun	default	hlev	standard	хлев
sødźi	бойница	noun	default		standard	бойница
søfuv	таблица умножения	noun	default		standard	таблица умножения
søgik	вибрато	noun	default		standard	вибрато
søgød	чемодан	noun	default		standard	чемодан
søhsy	трюмная вода	adjective	heuristic		standard	трюмная вода|трюмная влага|трюмная жидкость
søhəź	морфинг	noun	default		standard	морфинг
søm	автограф автора	noun	default		standard	автограф автора
sømi	аффриката	noun	default		standard	аффриката
sønuk	провокация пограничная	noun	default		standard	провокация пограничная
sønzo	врезаться в дверь	verb	heuristic		standard	врезаться в дверь
søpas	круизный лайнер	adjective	heuristic		standard	круизный лайнер
søraś	ольха	noun	default		standard	ольха
søs	поручительство	noun	default		standard	поручительство
søsil	рыхлая земля	adjective	heuristic		standard	рыхлая земля|рыхлая грунт|рыхлая почва
søsob	кинематограф	noun	default	kinema	standard	кинематограф
søsup	апелляционная жалоба	adjective	heuristic		standard	апелляционная жалоба
søti	шататься от выпивки	verb	heuristic		standard	шататься от выпивки
søtu	пенница	noun	default		standard	пенница
søtuk	скрытый союзник	adjective	heuristic		standard	скрытый союзник|скрытый партнер
søv	потопленный корабль	adjective	heuristic		standard	потопленный корабль|потопленный кораблик|потопленный судно
søvba	нефтяная вышка	adjective	heuristic		standard	нефтяная вышка
søvkø	качели ярмарочные	noun	default		standard	качели ярмарочные
søźiś	эпикриз	noun	default		standard	эпикриз
sə	всякий (квантор)	adjective	heuristic		standard	всякий
səbźə	сдержанное слово	adjective	heuristic		standard	сдержанное слово|сдержанное выражение|сдержанное лексема
sədeb	бредень	noun	default		standard	бредень
səf	работа	noun	default		standard	работа|дело
səg	пресность	verb	heuristic		standard	пресность
səgge	сводный брат дубль	adjective	heuristic		standard	сводный брат дубль
səgźe	поставщик	noun	default		standard	поставщик
sək	травяной сбор	adjective	heuristic		standard	травяной сбор
səmźə	жидкость химическая	verb	heuristic		standard	жидкость химическая|влага химическая|вода химическая
səntu	неблагоприятный знак	adjective	heuristic		standard	неблагоприятный знак
sər	фонтан	noun	default		standard	фонтан
səsaź	стражник сельский	noun	default		standard	стражник сельский
səsir	диэлектрик	noun	default		standard	диэлектрик
sətøc	турбинный зал	adjective	heuristic		standard	турбинный зал
səv	менять	verb	explicit		standard	менять|заменять|изменять
səvan	защищать	verb	heuristic		standard	защищать|оборонять|охранять
səzhi	гимн светилу	noun	default		standard	гимн светилу
səzkæ	закрывать	verb	heuristic		standard	закрывать|запирать|перекрывать
səzli	первенец	noun	default		standard	первенец
səś	попутный ветер	adjective	heuristic		standard	попутный ветер
səźek	удавшийся переворот	noun	default		standard	удавшийся переворот
səźyv	начальник штаба фронта	noun	default		standard	начальник штаба фронта
səźæz	фуфайка	noun	default		standard	фуфайка
tabafa	табачная фабрика	adjective	heuristic		standard	табачная фабрика|табачная завод|табачная предприятие
tabala	табачная лавка	adjective	heuristic		standard	табачная лавка|табачная магазин|табачная торговая точка
tablit	табличка	noun	default		standard	табличка
tablst	табло счёта	noun	default		standard	табло счета
tabpa	белая пропаганда	adjective	heuristic		standard	белая пропаганда
tabu	табу	noun	default		standard	табу
tabun	табун	noun	default	næk	standard	табун
tabuni	табурет низкий	noun	default		standard	табурет низкий|табурет невысокий|табурет приземистый
taf	надёжный (прилагательное)	adjective	heuristic		standard	надежный
tafak	кюфта	noun	default		standard	кюфта
tafuź	корзинщик плетущий	noun	default		standard	корзинщик плетущий
taføl	учить кого-то	verb	explicit		standard	учить кого-то
tag	сушить	verb	explicit		standard	сушить
tagmu	отставка правительства	noun	default		standard	отставка правительства
tahika	тахикардия	noun	default		standard	тахикардия
tahini	тахини	noun	default		standard	тахини
tahome	тахометр	noun	default		standard	тахометр
taja	изобата	noun	default		standard	изобата
tajfun	тайфун	noun	default		standard	тайфун
tajmau	таймаут	noun	default		standard	таймаут
tajmen	таймень	noun	default		standard	таймень
tajməko	таймкод	noun	default		standard	таймкод
tajn	тайна	noun	default		standard	тайна
tajsov	тайный совет	adjective	heuristic		standard	тайный совет
tajube	тайное убежище	adjective	heuristic		standard	тайное убежище
tajzna	тайный знак руки	adjective	heuristic		standard	тайный знак руки
tajśif	тайный шифр	adjective	heuristic		standard	тайный шифр
tak	так	noun	default		standard	так
taksis	таксист	noun	default	vøp	standard	таксист
takska	так сказать (слово-паразит)	noun	default		colloquial	так сказать (слово-паразит|так высказать (слово-паразит|так говорить (слово-паразит|так произнести (слово-паразит|так произносить (слово-паразит|так рассказывать (слово-паразит|так сообщить (слово-паразит
taky	такыр	noun	default		standard	такыр
takśo	рак	noun	default		standard	рак
talamu	таламус	noun	default		standard	таламус
taledź	таледжо	noun	default		standard	таледжо
talili	талисман личный	noun	default		standard	талисман личный
taliź	тифия	noun	default		standard	тифия
taljat	тальятелле	noun	default		standard	тальятелле
tallom	таллом (нерасчлененное тело гриба или водоросли)	noun	default		standard	водоросли|таллом (нерасчлененное тело гриба
talveg	тальвег	noun	default		standard	тальвег
taləd	рождество	noun	default	æcub	standard	рождество
tamad	тамада	noun	default		standard	тамада
tamez	тьма	noun	default		standard	тьма|мрак|темнота
tamodo	таможенный досмотр аэропорта	adjective	heuristic		standard	таможенный досмотр аэропорта
tamotś	таможенный чиновник	adjective	heuristic		standard	таможенный чиновник
tamoźe	таможенный досмотр	adjective	heuristic		standard	таможенный досмотр
tamoźn	таможня	noun	default	əśug	standard	таможня
tampop	тампопечать	verb	heuristic		standard	тампопечать
tamy	кварк	noun	default		standard	кварк
tanec	реакция химическая	noun	default		standard	реакция химическая|ответ химическая|ответное сообщение химическая
tanes	высмеивать	verb	explicit		standard	высмеивать
tank	танк	noun	default		standard	танк
tankkl	танковый клин	adjective	heuristic		standard	танковый клин
tankko	танковая колонна	adjective	heuristic		standard	танковая колонна
tankpr	танковый прорыв	adjective	heuristic		standard	танковый прорыв
tankza	танковая засада	adjective	heuristic		standard	танковая засада
tanok	танец	noun	default	yfyg	standard	танец
tapodo	тапочки домашние	noun	default		standard	тапочки домашние
tarant	тарантул	noun	default		standard	тарантул
tareme	тарелка мелкая	noun	default		standard	тарелка мелкая
tareud	тарелки ударные	noun	default		standard	тарелки ударные
tata	папа	noun	default		standard	папа
tatsa	шпион иностранный	noun	default		standard	шпион иностранный
tatu	люминесценция	noun	default		standard	люминесценция
tatuir	татуировка	noun	default		standard	татуировка
tavuf	прыткий	adjective	heuristic		standard	прыткий
taz	шут придворный кривляющийся	noun	default		standard	шут придворный кривляющийся
tazal	жалюзи горизонтальные	noun	default		standard	жалюзи горизонтальные
tazju	похвала неискренняя	noun	default		standard	похвала неискренняя
tazse	столовая рабочая	adjective	heuristic		standard	столовая рабочая
taśam	снапшот	noun	default		standard	снапшот
taźav	складское помещение	adjective	heuristic		standard	складское помещение
tebæś	лапчатка	noun	default		standard	лапчатка
tecək	деспотия	noun	default		standard	деспотия
tedid	качели садовые	noun	default		standard	качели садовые
tedky	импичмент	noun	default		standard	импичмент
tedos	зараза	noun	default	asəl	standard	зараза
tefźa	денонсация договора	noun	default		standard	денонсация договора
teg	хобби настольные игры	noun	default		standard	хобби настольные игры
tegar	губка морская	noun	default		standard	губка морская
tegnut	тегнуть, упомянуть	verb	heuristic		colloquial	тегнуть|упомянуть
teh	подкоп	noun	default		standard	подкоп
tehngo	технократия государственная	noun	default		standard	технократия государственная
tehnol	технолог производства	noun	default		standard	технолог производства
tehnpr	технический премьер	adjective	heuristic		standard	технический премьер
tehu	лист лавровый	noun	default		standard	лист лавровый
tek	идти	verb	heuristic		standard	идти
teksep	текст эпистолярный	noun	default		standard	текст эпистолярный|запись эпистолярный|письмо эпистолярный
tekshu	текст художественный	noun	default		standard	текст художественный|запись художественный|письмо художественный
teksju	текст юридический	noun	default		standard	текст юридический|запись юридический|письмо юридический
teksna	текст научный	noun	default		standard	текст научный|запись научный|письмо научный
teksof	текст официальный	noun	default		standard	текст официальный|запись официальный|письмо официальный
tekspu	текст публицистический	noun	default		standard	текст публицистический|запись публицистический|письмо публицистический
teksətu	текстура	noun	default		standard	текстура
tekutś	текучесть	verb	heuristic		standard	текучесть
telebu	телефонная будка	adjective	heuristic		standard	телефонная будка
telegr	телеграф	noun	default		standard	телеграф
teleli	телефонная линия	adjective	heuristic		standard	телефонная линия
telemo	телефон мобильный	noun	default		standard	телефон мобильный
telepe	телепередача	noun	default		standard	телепередача
telese	телега с сеном	noun	default		standard	телега с сеном
telesk	телескоп	noun	default		standard	телескоп
televizor	телевизор	noun	default		standard	телевизор
teleze	телескоп зеркальный	noun	default		standard	телескоп зеркальный
teli	глутамат	noun	default		standard	глутамат
telo	тело	noun	default		standard	тело
telome	теломера	noun	default		standard	теломера
telre	гиря	noun	default		standard	гиря
temnit	темница	noun	default		standard	темница
temrəja	тьма	noun	default	tamez	standard	тьма|мрак|темнота
temur	глобулин	noun	default		standard	глобулин
tenah	звонок велосипедный	noun	default		standard	звонок велосипедный
tenib	колокольня	noun	default	koloko	standard	колокольня
tenrek	тенрек	noun	default		standard	тенрек
tenzor	тензорезистор	noun	default		standard	тензорезистор
teonim	теоним	noun	default		standard	теоним
teorna	теория научная	noun	default		standard	теория научная
tepl	тёплый	adjective	heuristic		standard	теплый|согретый
teplit	теплица	noun	default		standard	теплица
teploe	теплоемкость	verb	heuristic		standard	теплоемкость
teplot	теплотрасса	noun	default		standard	теплотрасса
tered	тередо	noun	default		standard	тередо
terjśa	терять шапку	verb	heuristic		standard	терять шапку|лишаться шапку|утрачивать шапку
termin	терминатор (граница освещенной и темной сторон небесного тела)	noun	default		standard	терминатор (граница освещенной и темной сторон небесного тела
termo	термопауза	noun	default		standard	термопауза
termob	термическая обработка	adjective	heuristic		standard	термическая обработка
termog	термоголовка	noun	default		standard	термоголовка
termom	термометр	noun	default		standard	термометр
termop	термопласт	noun	default		standard	термопласт
termopo	термопот	noun	default		standard	термопот
termos	термостат	noun	default		standard	термостат
termpo	термос походный	noun	default		standard	термос походный
terpen	терпение	adjective	heuristic	kynpy	standard	терпение
terpvk	терпкий вкус	adjective	heuristic		standard	терпкий вкус
terrar	террариум	noun	default	bəbæk	standard	террариум
terrts	территориальная целостность	adjective	heuristic		standard	территориальная целостность
tesac	полировка металла	noun	default		standard	полировка металла
tesaka	тесаный камень	adjective	heuristic		standard	тесаный камень|тесаный валун|тесаный камешек
tesl	плотник	noun	default	vytom	standard	плотник
teso	хост	noun	default		standard	хост
test	тесть	verb	heuristic		standard	тесть
tetiv	тетива	noun	default		standard	тетива
tetrad	тетрадь	noun	default		standard	тетрадь
tetrod	тетрод	noun	default		standard	тетрод
tetś	течение	adjective	heuristic		standard	течение
tevdu	сарафан	noun	default		standard	сарафан
tevźa	один	numeral	heuristic		standard	один
tezdu	заповедная зона горная	adjective	heuristic		standard	заповедная зона горная
tezis	тезис	noun	default	źər	standard	тезис
teź	морское чудовище	adjective	heuristic		standard	морское чудовище
teźuś	слайдер	noun	default		standard	слайдер
tfu	тьфу	noun	default		colloquial	тьфу
tib	мочь (модальный глагол)	verb	heuristic		standard	мочь (модальный глагол|мочь
tid	рыба	noun	default		standard	рыба
tidve	полевой госпиталь передовой	adjective	heuristic		standard	полевой госпиталь передовой
tif	разжалование в рядовые	adjective	heuristic		standard	разжалование в рядовые|разжалование в нормальные|разжалование в обычные|разжалование в стандартные
tifva	камера телевизионная	noun	default		standard	камера телевизионная
tifśa	солнечный календарь	adjective	heuristic		standard	солнечный календарь
tihij	тихий	adjective	heuristic	vəśøl	standard	тихий
tihoh	тихоходка	noun	default		standard	тихоходка
tihonja	тихоня	noun	default		colloquial	тихоня
tij	чертёж технический	noun	default		standard	чертеж технический
tikəd	манта	noun	default		standard	манта
til	священный огонь	adjective	heuristic		standard	священный огонь|священный пламя|священный пожар
tilas	гравюра	noun	default		standard	гравюра
tilit	дельтаплан	noun	default		standard	дельтаплан
tiløs	плавильная печь древняя	adjective	heuristic		standard	плавильная печь древняя|плавильная печь ветхяя|плавильная печь старая
tim	добродетель мужества	noun	default		standard	добродетель мужества
tima	простокваша	noun	default	prosto	standard	простокваша
timi	песня	noun	default	pesn	standard	песня|композиция|трек
timofe	тимофеевка	noun	default		standard	тимофеевка
timu	тимус	noun	default		standard	тимус
tin	тень	noun	default	høcək	standard	тень
tindal	тиндализация	noun	default		standard	тиндализация
tip	тип, какой-то человек	noun	default		colloquial	какой-то человек|тип|какой-то индивид|какой-то личность|какой-то персона
tipa	типа (слово-паразит)	noun	default		colloquial	типа (слово-паразит
tipok	типок, человек	noun	default		colloquial	типок|человек
tipopr	типовой проект застройки	adjective	heuristic		standard	типовой проект застройки
tipost	типографский станок	adjective	heuristic		standard	типографский станок
tipər	вытачка	noun	default		standard	вытачка
tir	тирания	noun	default		standard	тирания
tirakn	тираж книги	noun	default		standard	тираж книги
tiratr	тиратрон	noun	default		standard	тиратрон
tirist	тиристор	noun	default		standard	тиристор
tiroks	тироксин	noun	default		standard	тироксин
tisaś	стамеска	noun	default	stames	standard	стамеска
tiser	странствующий торговец с товаром	adjective	heuristic		standard	странствующий торговец с товаром
tisif	перепелятник	noun	default		standard	перепелятник
tisk	тиски	noun	default		standard	тиски
tisæl	палатка туристическая	noun	default		standard	палатка туристическая
tiun	тиун	noun	default		standard	тиун
tiv	дорожное покрытие асфальтовое	adjective	heuristic		standard	дорожное покрытие асфальтовое
tizah	капкан на зверя	noun	default		standard	капкан на зверя
tiś	пасека	noun	default		standard	пасека
tiśina	тишина	noun	default		standard	тишина
tiśte	обком	noun	default		standard	обком
tjan	тянуть	verb	explicit		standard	тянуть
tjapk	тяпка	noun	default	jotiź	standard	тяпка
tjapnut	тяпнуть, немного выпить	verb	heuristic		colloquial	немного выпить|тяпнуть|мало выпить|малое количество выпить|малость выпить|слегка выпить|чуть выпить
tjaźat	тяжёлая атлетика	adjective	heuristic		standard	тяжелая атлетика|увесистая атлетика
tjaźod	тяжесть одиночества	verb	heuristic		standard	тяжесть одиночества|вес одиночества|масса одиночества
tjomvr	тёмное время суток	adjective	heuristic		standard	темное время суток|темное период суток|темное срок суток
tjotka	тётка, женщина	noun	default		colloquial	женщина|тетка|дама|женщина женского пола
tjośa	тёща	noun	default		standard	теща
tjul	тюль	noun	default		standard	тюль
tjulpr	тюлений промысел	adjective	heuristic		standard	тюлений промысел
tjulźi	тюлений жир	adjective	heuristic		standard	тюлений жир
tjurm	тюрьма	noun	default		standard	тюрьма
tkanba	ткань бархатная	noun	default		standard	ткань бархатная
tkandź	ткань джинсовая	noun	default		standard	ткань джинсовая
tkanfl	ткань фланелевая	noun	default		standard	ткань фланелевая
tkanln	ткань льняная	noun	default		standard	ткань льняная
tkansi	ткань синтетическая	noun	default		standard	ткань синтетическая
tkansu	ткань суконная	noun	default		standard	ткань суконная
tkanve	ткань вельветовая	noun	default		standard	ткань вельветовая
tkatst	ткацкий станок домашний	adjective	heuristic		standard	ткацкий станок домашний
tkatś	ткач	noun	default	mysød	standard	ткач
tkemal	ткемали	noun	default		standard	ткемали
tmin	тмин	noun	default		standard	тмин
to	никакой (квантор)	adjective	heuristic		standard	никакой
tob	полигон испытательный	noun	default		standard	полигон испытательный
tobif	суброгация	noun	default		standard	суброгация
tobød	спред	noun	default		standard	спред
toc	былинный герой	adjective	heuristic		standard	былинный герой
tocyc	навес хозяйственный	noun	default		standard	навес хозяйственный
todud	племянник	noun	default		standard	племянник
todśe	войско	noun	default		standard	войско
todəf	фрахт	noun	default		standard	фрахт
tof	абонентский номер	adjective	heuristic		standard	абонентский номер
tofuc	киноплёнка	noun	default		standard	кинопленка
tofum	манник	noun	default		standard	манник
toføv	звёздная россыпь	adjective	heuristic		standard	звездная россыпь
tog	волна	noun	default		standard	волна
toj	анархия	noun	default		standard	анархия
tojef	прятать лучший кусок	verb	heuristic		standard	прятать лучший кусок|прятать лучший доля|прятать лучший фрагмент|прятать лучший часть|скрывать лучший кусок|утаивать лучший кусок
tojhu	сладость	verb	heuristic		standard	сладость
tojje	гниль	noun	default		standard	гниль
tokeni	токенизатор	noun	default		standard	токенизатор
tokmol	ток для молотьбы деревенский	noun	default		standard	ток для молотьбы деревенский
tokopr	токоприемник	noun	default		standard	токоприемник
tol	переломный момент боя	adjective	heuristic		standard	переломный момент боя
tolkat	толкатель	noun	default		standard	толкатель
tolktś	только частица	noun	default		standard	только частица
tolkun	толкунчик	noun	default		standard	толкунчик
toləl	каменка банная	noun	default		standard	каменка банная
tombuj	томбуй	noun	default		standard	томбуй
tomih	бифлекс	noun	default		standard	бифлекс
tomur	розовый цвет	adjective	heuristic		standard	розовый цвет
tonamu	тональность музыкальная	verb	heuristic		standard	тональность музыкальная
tond	тондо	noun	default		standard	тондо
tonik	тоника	noun	default		standard	тоника
tonk	тонкий	adjective	heuristic	løcek	standard	тонкий
top	топ, очень хороший	noun	default		colloquial	очень хороший|топ
topaz	топаз	noun	default		standard	топаз
topeź	факел	noun	default	fakel	standard	факел
toplra	топливо ракетное	noun	default		standard	топливо ракетное
topogr	топограф	noun	default	afac	standard	топограф
topol	тополь	noun	default		standard	тополь
topor	топор	noun	default		standard	топор
topotu	топорик туристический	noun	default		standard	топорик туристический
toptgr	топтать грядки	verb	heuristic		standard	топтать грядки
toptkl	топтать клумбу	verb	heuristic		standard	топтать клумбу
topəh	чердак пыльный	noun	default		standard	чердак пыльный
tor	нить	verb	heuristic		standard	нить
torevt	торевтика	noun	default		standard	торевтика
torg	торг	noun	default		standard	торг
torgem	торговое эмбарго	adjective	heuristic		standard	торговое эмбарго
torgka	торговый караван длинный	adjective	heuristic		standard	торговый караван длинный|торговый караван протяженный
torgl	торговаться	verb	explicit		standard	торговаться
torgpu	торговый путь	adjective	heuristic		standard	торговый путь|торговый дорога|торговый трасса
torgus	торговый устав	adjective	heuristic		standard	торговый устав
torgæ	щепа ольховая	noun	default		standard	щепа ольховая
tormoz	тормоз, медленно соображающий человек	noun	default		colloquial	медленно соображающий человек|тормоз|медленно соображающий индивид|медленно соображающий личность|медленно соображающий персона|неспешно соображающий человек|неторопливо соображающий человек
tormoznut	тормознуть, остановиться	verb	heuristic		colloquial	остановиться|тормознуть
toropyga	торопыга	noun	default		colloquial	торопыга
torped	торпеда	noun	default		standard	торпеда
torsio	торсион	noun	default		standard	торсион
torśna	торшер напольный	noun	default		standard	торшер напольный
torźiśte	крупный рынок	adjective	heuristic		standard	крупный рынок|большой рынок|великий рынок|огромный рынок
tos	изба крестьянская	noun	default		standard	изба крестьянская
tosju	линия обороны укреплённая	noun	default		standard	линия обороны укрепленная
toskro	тоска по родине	noun	default		standard	тоска по родине
tosrə	кнут возницы	noun	default		standard	кнут возницы
toster	тостер	noun	default		standard	тостер
tostza	тост застольный	noun	default		standard	тост застольный
tosøc	меню ресторанное	noun	default		standard	меню ресторанное
totali	тоталитаризм	noun	default		standard	тоталитаризм
totem	тотем	noun	default		standard	тотем
totśka	точильный камень	adjective	heuristic		standard	точильный камень|точильный валун|точильный камешек
totśkr	точильный круг мастера	adjective	heuristic		standard	точильный круг мастера
totśmj	точить мясной нож	verb	heuristic		standard	точить мясной нож
totśnjak	точно, несомненно	noun	default		colloquial	несомненно|точно
tov	авантюрист	noun	default		standard	авантюрист
tovaśj	товар шёлковый в тюках	noun	default		standard	товар шелковый в тюках|изделие шелковый в тюках|продукт шелковый в тюках
tovsæ	окружение	adjective	heuristic		standard	окружение
tovsət	толстый	adjective	heuristic	źehhø	standard	толстый
toz	знамя части воинской	noun	default		standard	знамя части воинской
tozæl	возвращать долг	verb	explicit		standard	возвращать долг
toś	указ	noun	default		standard	указ
tośaź	спирометр	noun	default		standard	спирометр
toź	тоже	noun	default		standard	тоже
trades	традесканция	noun	default		standard	традесканция
tradez	пылесос	noun	default	lænəc	standard	пылесос
tradit	традиционный (прилагательное)	adjective	heuristic		standard	традиционный
traepo	траектория полёта	noun	default		standard	траектория полета
traged	трагедия	noun	default		standard	трагедия
trakpr	трактир придорожный	noun	default		standard	трактир придорожный
trakto	трактор	noun	default		standard	трактор
transe	трансепт	noun	default		standard	трансепт
transk	транскрипция	noun	default		standard	транскрипция
transl	транслитерация	noun	default		standard	транслитерация
transəf	трансформатор	noun	default		standard	трансформатор
transəp	транспилятор	noun	default		standard	транспилятор
trapet	трапеция	noun	default	zam	standard	трапеция
trasah	родохрозит	noun	default		standard	родохрозит
trasiv	чир	noun	default		standard	чир
trassi	трассировка	noun	default		standard	трассировка
trav	трава	noun	default	źogør	standard	трава
traver	травертин	noun	default		standard	травертин
travni	травник	noun	default		standard	травник
trebre	требование резкое	adjective	heuristic		standard	требование резкое
trekin	трекинг	noun	default		standard	трекинг
trenfi	трение физическое	adjective	heuristic		standard	трение физическое
treti	сальса	noun	default		standard	сальса
tretsu	третейский суд	adjective	heuristic		standard	третейский суд
treufo	треугольная форма	adjective	heuristic		standard	треугольная форма
treuge	треугольник геометрический	noun	default		standard	треугольник геометрический
trevo	тревожный	adjective	heuristic	ujav	standard	тревожный
trevoź	тревожность	verb	heuristic		standard	тревожность
trevut	тревога учебная	noun	default		standard	тревога учебная
treztś	трезвый человек	adjective	heuristic		standard	трезвый человек|трезвый индивид|трезвый личность|трезвый персона
treś	треш, крайне странная ситуация	noun	default		colloquial	крайне странная ситуация|треш|крайне необычная ситуация|крайне непонятная ситуация|крайне чудная ситуация|очень странная ситуация|сильно странная ситуация|чрезвычайно странная ситуация
treśak	трешак, полный беспорядок	noun	default		colloquial	полный беспорядок|трешак
treśot	трещотка	noun	default		standard	трещотка
triatl	триатлон	noun	default		standard	триатлон
tridak	тридакна	noun	default		standard	тридакна
trifto	трифтонг	noun	default		standard	трифтонг
trigge	триггер	noun	default		standard	триггер
trihom	трихома	noun	default		standard	трихома
trijod	трийодтиронин	noun	default		standard	трийодтиронин
triton	тритон	noun	default		standard	тритон
triumf	триумф	noun	default	sozuv	standard	триумф
triźel	три желания дарованные	noun	default		standard	три желания дарованные
trobæv	белозубка	noun	default		standard	белозубка
trofoh	трофей охотника	noun	default		standard	трофей охотника
trofor	трофейное оружие захваченное	adjective	heuristic		standard	трофейное оружие захваченное|трофейное вооружение захваченное|трофейное ствол захваченное
trolle	троллейбус	noun	default		standard	троллейбус
trolu	пэд (ударная панель музыкального контроллера)	noun	default		standard	пэд (ударная панель музыкального контроллера
tromb	тромбоцит	noun	default		standard	тромбоцит
trombo	тромбоз	noun	default		standard	тромбоз
tronoś	малка (инструмент для переноса угла)	noun	default		standard	малка (инструмент для переноса угла
tronza	тронный зал	adjective	heuristic		standard	тронный зал
tropkl	тропический климат	adjective	heuristic		standard	тропический климат
tropli	тропический ливень	adjective	heuristic		standard	тропический ливень
tropo	тропопауза	noun	default		standard	тропопауза
tropæ	пересказ	noun	default	peresk	standard	пересказ
trostn	тростник	noun	default		standard	тростник
trosza	тростниковая заводь	adjective	heuristic		standard	тростниковая заводь
trotua	тротуар	noun	default		standard	тротуар
trośør	субботник	noun	default	zigyś	standard	субботник
trub	труба	noun	default		standard	труба
trubko	трубкозуб	noun	default		standard	трубкозуб
trubop	трубопровод	noun	default	egəm	standard	трубопровод
trudeź	типчак	noun	default		standard	типчак
trudkn	трудовая книжка	adjective	heuristic		standard	трудовая книжка
trudod	трудодень	noun	default		standard	трудодень
trugar	пост	noun	default	ræmry	standard	пост
trus	трус	noun	default		standard	трус
trut	трут	noun	default		standard	трут
truźi	строгание	adjective	heuristic		standard	строгание
trym	держать	verb	heuristic	hyf	standard	держать|удерживать|хранить в руках
træhuv	мыло	noun	default	myla	standard	мыло
træpyh	сериализация	noun	default		standard	сериализация
trøbi	анод	noun	default		standard	анод
trøfop	инвертор	noun	default		standard	инвертор
trøvov	плимсолл (диск грузовой марки судна)	noun	default		standard	плимсолл (диск грузовой марки судна
trəbyr	вертлявый	adjective	heuristic		standard	вертлявый
trəheb	резцедержатель	noun	default		standard	резцедержатель
trəjasu	трясунка	noun	default		standard	трясунка
trəvos	реприза	noun	default		standard	реприза
tsarsət	царство	noun	default	gøtad	standard	царство
tse	цель	noun	default		standard	цель|задача|намерение
tsehza	цех заводской	noun	default		standard	цех заводской
tsel	целый	adjective	heuristic		standard	целый
tseliko	целиком	noun	default	if	standard	целиком
tselit	целитель	noun	default		standard	целитель
tsellu	целлулоид	noun	default		standard	целлулоид
tseltr	целебная трава	adjective	heuristic		standard	целебная трава
tselvy	цель выражение грамматическое	noun	default		standard	цель выражение грамматическое|задача выражение грамматическое|намерение выражение грамматическое|цель лексема грамматическое|цель слово грамматическое
tsemen	цементит	noun	default		standard	цементит
tsengo	цензура государственная	noun	default		standard	цензура государственная
tsenla	центрифуга лабораторная	noun	default		standard	центрифуга лабораторная
tsent	центриоль	noun	default		standard	центриоль
tsentər	центроискатель	noun	default		standard	центроискатель
tsenup	центр управления полётами	noun	default		standard	центр управления полетами|сердцевина управления полетами|середина управления полетами
tsepve	цепь велосипедная	noun	default		standard	цепь велосипедная
tsesar	цесарка	noun	default		standard	цесарка
tsikl	циклоида	noun	default		standard	циклоида
tsikla	цикламен	noun	default		standard	цикламен
tsiklo	циклоалкан	noun	default		standard	циклоалкан
tsikor	цикорий	adjective	heuristic		standard	цикорий
tsil	целовать	verb	heuristic	lorok	standard	целовать
tsina	цена	noun	default	fæmśæ	standard	цена|стоимость|ценник
tsirko	циркон	noun	default		standard	циркон
tsist	циста	noun	default		standard	циста
tsitat	цитата	noun	default		standard	цитата
tsitde	цитрусовое дерево	adjective	heuristic		standard	цитрусовое дерево
tsitok	цитокинез	noun	default		standard	цитокинез
tsivet	циветта	noun	default		standard	циветта
tsokol	цоколь	noun	default		standard	цоколь
tsokor	цокор	noun	default		standard	цокор
tsug	тсуга	noun	default		standard	тсуга
tsun	цунами	noun	default		standard	цунами
tsveko	цвет коричневый	noun	default		standard	цвет коричневый
tsvema	цветочный магазин	adjective	heuristic		standard	цветочный магазин|цветочный лавка|цветочный торговая точка
tsvese	цвет серый	noun	default		standard	цвет серый
tsvet	цветение	adjective	heuristic		standard	цветение
tsveto	цветок	noun	default		standard	цветок
tsvetś	цвет чёрный	noun	default		standard	цвет черный
tsveźj	цвет жёлтый	noun	default		standard	цвет желтый
tsəfə	хлопать в ладоши	verb	heuristic		standard	хлопать в ладоши
tuba	княженика	noun	default		standard	княженика
tubiv	черпак	noun	default	tśerpa	standard	черпак
tuc	паника	noun	default		standard	паника
tuda	туда	noun	default		standard	туда
tudəź	час	noun	default		standard	час|час времени
tuesok	туесок	noun	default		standard	туесок
tuf	риелтор	noun	default		standard	риелтор
tufhy	нога	noun	default		standard	нога|конечность|лапа
tugun	тугун	noun	default		standard	тугун
tuh	траурная одежда	adjective	heuristic		standard	траурная одежда
tuha	тоска	noun	default	øzim	standard	тоска
tuhen	утёс	noun	default		standard	утес
tuja	туя	noun	default		standard	туя
tujjy	воинский билет	adjective	heuristic		standard	воинский билет
tula	отделять жир	verb	heuristic		standard	отделять жир
tuliś	АТС автоматическая станция	noun	default		standard	атс автоматическая станция
tulup	тулуп	noun	default		standard	тулуп
tuman	туман	noun	default	øpen	standard	туман
tumazv	туманность звёздная	verb	heuristic		standard	туманность звездная
tumæd	сводка с фронта	noun	default		standard	сводка с фронта
tundr	тундра	noun	default		standard	тундра
tunoc	точилка	noun	default		standard	точилка
tupit	тупить, медленно соображать	verb	heuristic		colloquial	медленно соображать|тупить|неспешно соображать|неторопливо соображать
tupitsistema	тупить, медленно работать о технике	verb	heuristic		colloquial	медленно работать о технике|тупить|медленно заниматься работой о технике|медленно трудиться о технике|неспешно работать о технике|неторопливо работать о технике
tupyj	тупой	adjective	heuristic	øźit	standard	тупой
turbanets	житель Турбании	noun	default		standard	житель турбании
turbanka	жительница Турбании	noun	default		standard	жительница турбании
turbansk	турбанский	adjective	heuristic		standard	турбанский
turbgo	турбаза горная	noun	default		standard	турбаза горная
turbi	гарантия договора	noun	default		standard	гарантия договора
turbin	турбина	noun	default		standard	турбина
turbts	турбинный цех электростанции	adjective	heuristic		standard	турбинный цех электростанции
turmal	турмалин	noun	default		standard	турмалин
turndv	турник дверной	noun	default		standard	турник дверной
turni	турникет	noun	default	tæpfa	standard	турникет
turnik	турник	noun	default	kumsø	standard	турник
turnta	турнирная таблица	adjective	heuristic		standard	турнирная таблица
turnśa	турнир шахматный	noun	default		standard	турнир шахматный
turug	гулянье масленичное	noun	default		standard	гулянье масленичное
tusanut	тусануть, сходить на тусовку	verb	heuristic		colloquial	сходить на тусовку|тусануть
tusit	тусить, проводить время в компании	verb	heuristic		colloquial	проводить время в компании|тусить|проводить период в компании|проводить срок в компании
tusovśtśik	тусовщик	noun	default		colloquial	тусовщик
tut	стойка регистрации	noun	default		standard	стойка регистрации
tutza	кристаллизация вещества	noun	default		standard	кристаллизация вещества
tuvib	мшанка	noun	default		standard	мшанка
tuvæf	коммюнике совместное	noun	default		standard	коммюнике совместное
tuś	память	verb	heuristic		standard	память
tuśhø	олений мох	adjective	heuristic		standard	олений мох
tuśoś	предок	noun	default		standard	предок
tuśul	штатив фотографический	noun	default		standard	штатив фотографический
tuź	огородник	noun	default		standard	огородник
tverd	твердый	adjective	heuristic	hard	standard	твердый|жесткий
tvid	твид	noun	default		standard	твид
tviter	твитер	noun	default		standard	твитер
tvjove	твёрдое вещество	adjective	heuristic		standard	твердое вещество|жесткее вещество|крепкее вещество
tvojma	твою мать (грубое восклицание)	noun	default		colloquial	твою мать (грубое восклицание
tvorog	творог	noun	default	śær	standard	творог
tvorsm	творог со сметаной	noun	default		standard	творог со сметаной
tvø	твой	adjective	heuristic		standard	твой
tybjy	молотьба	noun	default		standard	молотьба
tybəj	редакционная коллегия	adjective	heuristic		standard	редакционная коллегия
tyc	бухгалтерия предприятия	noun	default		standard	бухгалтерия предприятия
tycic	ремень солдатский	noun	default		standard	ремень солдатский
tyda	огородная грядка	adjective	heuristic		standard	огородная грядка
tyfej	лиана	noun	default		standard	лиана
tyfnu	редкий ингредиент	adjective	heuristic		standard	редкий ингредиент
tyfəf	середина	noun	default	seredi	standard	середина|сердцевина|центр
tyg	душевая кабина	adjective	heuristic		standard	душевая кабина
tygæg	карта настенная	noun	default		standard	карта настенная
tygət	самоопределение народа	adjective	heuristic		standard	самоопределение народа
tyh	падежное значение предложное	adjective	heuristic		standard	падежное значение предложное
tyjəh	эозинофил	noun	default		standard	эозинофил
tyk	модем	noun	default		standard	модем
tykas	переулок	noun	default		standard	переулок
tyknut	тыкнуть, нажать	verb	heuristic		colloquial	нажать|тыкнуть
tykv	тыква	noun	default		standard	тыква
tyliz	карате	noun	default		standard	карате
tymæn	онучи льняные	noun	default		standard	онучи льняные
tyny	ибис	noun	default		standard	ибис
typan	готовиться	verb	heuristic	gotov	standard	готовиться
typuź	укромная бухта пиратская	adjective	heuristic		standard	укромная бухта пиратская
tyrer	удивляться	verb	heuristic	saź	standard	удивляться
tysyt	опцион	noun	default		standard	опцион
tyt	иди	noun	default		standard	иди
tytśin	тычинка	noun	default		standard	тычинка
tyvbe	повидло	noun	default		standard	повидло
tyzpa	равноденствие осеннее	adjective	heuristic		standard	равноденствие осеннее
tyśa	тишина	noun	default	tiśina	standard	тишина
tyśiv	пака (грызун)	noun	default		standard	пака (грызун
tyźden	неделя	noun	default	mir	standard	неделя|семидневка
tæcyź	характер мягкий	noun	default		standard	характер мягкий|характер нежесткий|характер податливый
tæd	бедность	verb	heuristic		standard	бедность
tædhə	кумовство	noun	default		standard	кумовство
tædki	кинологическая служба поисковая	adjective	heuristic		standard	кинологическая служба поисковая
tæf	сигнальный огонь	adjective	heuristic		standard	сигнальный огонь|сигнальный пламя|сигнальный пожар
tæfdæ	оазис	noun	default		standard	оазис
tæføj	осада	noun	default		standard	осада
tæg	курятник	noun	default		standard	курятник
tæh	дознание	adjective	heuristic		standard	дознание
tæl	муки совести	noun	default		standard	муки совести
tælam	осадкомер	noun	default		standard	осадкомер
tæly	квадратура (угловое удаление светила от Солнца на 90 градусов)	noun	default		standard	квадратура (угловое удаление светила от солнца на 90 градусов
tæmul	сохранять	verb	explicit		standard	сохранять
tæn	струны гитарные	noun	default		standard	струны гитарные
tæpfa	турникет	noun	default		standard	турникет
tæpəs	кукушка кукующая	noun	default		standard	кукушка кукующая
tærib	программист	noun	default		standard	программист
tæsoz	птенец	noun	default		standard	птенец
tæsyv	потеть	verb	explicit		standard	потеть
tæt	сострадание	adjective	heuristic		standard	сострадание
tætog	выходить	verb	explicit		standard	выходить
tævzø	цокольный этаж	adjective	heuristic		standard	цокольный этаж
tæś	рубанок столярный	noun	default		standard	рубанок столярный
tøbo	аутплейсмент	noun	default		standard	аутплейсмент
tøcfo	нейтральная полоса	adjective	heuristic		standard	нейтральная полоса
tød	затишье	noun	default		standard	затишье
tødyv	колыбель на очепе подвешенная	noun	default		standard	колыбель на очепе подвешенная
tødzi	вопрос	noun	default		standard	вопрос|вопросительное обращение|запрос
tøgov	макула (центральная область сетчатки)	noun	default		standard	макула (центральная область сетчатки|макула (центральная край сетчатки|макула (центральная регион сетчатки|макула (центральная территория сетчатки
tøhho	красный угол	adjective	heuristic		standard	красный угол
tøhom	тайный	adjective	heuristic	deflo	standard	тайный
tøjo	тамале	noun	default		standard	тамале
tøki	песочник	noun	default		standard	песочник
tøkub	играть	verb	heuristic	kotəp	standard	играть|забавляться|участвовать в игре
tøm	аист на крыше	noun	default		standard	аист на крыше
tømyn	сварной шов	adjective	heuristic		standard	сварной шов
tønus	разведка	noun	default		standard	разведка
tøp	простое одеяние	adjective	heuristic		standard	простое одеяние|несложное одеяние|элементарное одеяние
tøpnæ	кочевой шатёр	adjective	heuristic		standard	кочевой шатер
tøpæ	наконец	noun	default	un	standard	наконец (вводное слово|наконец|наконец (вводное выражение|наконец (вводное лексема
tøpəl	забивать гвоздь	verb	heuristic		standard	забивать гвоздь
tøsev	шведский стол	adjective	heuristic		standard	шведский стол
tøsky	лягушка	noun	default		standard	лягушка
tøt	заря	noun	default		standard	заря
tøv	звонарь	noun	default		standard	звонарь
tøvys	подмигивать дубль-уточнение	verb	heuristic		standard	подмигивать дубль-уточнение
tøzpu	дневная птица	adjective	heuristic		standard	дневная птица
tøś	налог	noun	default		standard	налог
tøśśe	рубашка мужская	noun	default		standard	рубашка мужская
tøźys	краткая ссора	adjective	heuristic		standard	краткая ссора
tśaban	чабан	noun	default		standard	чабан
tśaber	чабер	noun	default		standard	чабер
tśaev	чаевые	adjective	heuristic		standard	чаевые
tśahn	чахнуть	verb	heuristic		standard	чахнуть
tśaj	чай	noun	default		standard	чай
tśajni	чайник	noun	default		standard	чайник
tśan	чан	noun	default		standard	чан
tśarsu	чартер судна	noun	default		standard	чартер судна
tśary	чары	noun	default	əvæc	standard	чары
tśasfi	частица физическая	noun	default		standard	частица физическая
tśasma	часовая мастерская	adjective	heuristic		standard	часовая мастерская
tśasna	часы настенные	noun	default		standard	часы настенные
tśasnyk	чеснок	noun	default	tśesn	standard	чеснок
tśasog	частица ограничительная	noun	default		standard	частица ограничительная
tśasop	журнал	noun	default	śyc	standard	журнал
tśasov	часовой	adjective	heuristic	hec	standard	часовой
tśassl	частный случай	adjective	heuristic		standard	частный случай
tśast	частушка	noun	default	nəhfo	standard	частушка
tśasto	частокол	noun	default		standard	частокол
tśastu	частуха	noun	default		standard	частуха
tśasvo	частица вопросительная	noun	default		standard	частица вопросительная
tśasyn	часы наручные	noun	default		standard	часы наручные
tśat	чат	noun	default		colloquial	чат
tśatik	чатик	noun	default		colloquial	чатик
tśaśa	чаша	noun	default		standard	чаша
tśe	честный (прилагательное)	adjective	heuristic		standard	честный
tśedde	чеддер	noun	default		standard	чеддер
tśekel	чек электронный	noun	default		standard	чек электронный
tśekka	чек кассовый	noun	default		standard	чек кассовый
tśeknut	чекнуть, проверить	verb	heuristic		colloquial	проверить|чекнуть
tśekpo	чекпойнт	noun	default		standard	чекпойнт
tśeksu	чексумма	noun	default		standard	чексумма
tśel	человек	noun	default		standard	человек
tśela	чел, человек	noun	default		colloquial	чел|человек
tśer	чернила	noun	default		standard	чернила
tśerda	чердак	noun	default		standard	чердак
tśerde	черешневое дерево	adjective	heuristic		standard	черешневое дерево
tśere	черепица	noun	default		standard	черепица
tśeremh	черемуха	noun	default	tśerjo	standard	черемуха
tśerep	череп	noun	default		standard	череп
tśerez	через (предлог)	noun	default		standard	через
tśerjo	черёмуха	noun	default		standard	черемуха
tśerko	чертополох колючий	noun	default		standard	чертополох колючий
tśern	черника	noun	default		standard	черника
tśerni	чернильница	noun	default		standard	чернильница
tśerno	чернозём	noun	default		standard	чернозем
tśerpa	черпак	noun	default		standard	черпак
tśerpr	черновик произведения	noun	default		standard	черновик произведения
tśersu	черепаха сухопутная домашняя	noun	default		standard	черепаха сухопутная домашняя
tśerti	чертилка	noun	default		standard	чертилка
tśertj	чертёжник	noun	default		standard	чертежник
tśerto	чертополох	noun	default	puślə	standard	чертополох
tśerv	красный	adjective	heuristic	kras	standard	красный
tśervo	червоточина	noun	default		standard	червоточина
tśes	чесаться	verb	explicit		standard	чесаться
tśesn	чеснок	noun	default		standard	чеснок
tśest	честь	verb	heuristic		standard	честь
tśesut	чесуча	noun	default		standard	чесуча
tśetve	четверг	noun	default		standard	четверг
tśetśe	чечевичка	noun	default		standard	чечевичка
tśetśi	чечил	noun	default		standard	чечил
tśeśdo	чешуйчатый доспех	adjective	heuristic		standard	чешуйчатый доспех
tśibis	чибис	noun	default		standard	чибис
tśinov	чиновник	noun	default		standard	чиновник
tśitatel	читатель	noun	default		standard	читатель
tśitbi	читательский билет	adjective	heuristic		standard	читательский билет
tśjo	чё, что	noun	default		colloquial	че|что|какая вещь|какой предмет
tśjopo	чёрт побери (восклицание)	noun	default		colloquial	черт побери (восклицание
tśjort	чёрт (ругательство лёгкое)	noun	default		colloquial	черт (ругательство легкое
tśjot	чёт, что-то	noun	default		colloquial	чет|что-то
tśjotka	чётко, хорошо	noun	default		colloquial	хорошо|четко
tśjotkij	чёткий, хороший	adjective	heuristic		colloquial	хороший|четкий|добротный|качественный|отличный
tśjovo	чёрт возьми (восклицание)	noun	default		colloquial	черт возьми (восклицание
tśobit	сапог	noun	default	abæz	standard	сапог
tśolov	мужчина	noun	default	muźik	standard	мужик|мужчина|человек мужского пола
tśomg	чомга	noun	default		standard	чомга
tśorny	чернила	noun	default	tśer	standard	чернила
tśoven	лодка	noun	default	lodk	standard	лодка
tśrepo	чрезвычайное положение	adjective	heuristic		standard	чрезвычайное положение
tśtezv	чтение звёзд	adjective	heuristic		standard	чтение звезд
tśubuś	чубушник	noun	default		standard	чубушник
tśudik	чудик, странный человек	noun	default		colloquial	странный человек|чудик
tśugtj	чугунок тяжелый	noun	default		standard	чугунок тяжелый|чугунок увесистый
tśugun	чугунок	noun	default		standard	чугунок
tśulk	чулки	noun	default		standard	чулки
tśumse	чум северный	noun	default		standard	чум северный
tśutko	чуткость	verb	heuristic		standard	чуткость
tśuty	слышать	verb	heuristic	dipźi	standard	слышать
tśuvak	чувак	noun	default		colloquial	чувак
tśuźoj	чужой	adjective	heuristic	vøśat	standard	чужой
tśyst	чистый	adjective	heuristic	gøs	standard	чистый|незагрязненный|опрятный
təc	тропа	noun	default		standard	тропа
təcla	напиток	noun	default		standard	напиток|питье
tədæs	прямое значение	adjective	heuristic		standard	прямое значение
təf	колыбель	noun	default		standard	колыбель
təgep	цезура	noun	default		standard	цезура
təguś	профилакторий	adjective	heuristic		standard	профилакторий
təhfu	материал дерево	noun	default		standard	материал дерево
təhøb	товарищеский суд	adjective	heuristic		standard	товарищеский суд
təj	уличный фонарь	adjective	heuristic		standard	уличный фонарь
təla	мяуканье	noun	default	mjauka	standard	мяуканье
təlhy	дымовая труба крыши	adjective	heuristic		standard	дымовая труба крыши
tələj	объектив фотографический	noun	default		standard	объектив фотографический
təmøj	архивариус	noun	default		standard	архивариус
tən	заградотряд	noun	default		standard	заградотряд
tənaj	мираж в пустыне	noun	default		standard	мираж в пустыне
təroh	протопланета	noun	default		standard	протопланета
təstə	советовать	verb	explicit		standard	советовать
tətyź	слайд	noun	default		standard	слайд
tətźə	горная руда железная	adjective	heuristic		standard	горная руда железная
təv	испытательная лаборатория	adjective	heuristic		standard	испытательная лаборатория
təvəś	гонец с донесением	noun	default		standard	гонец с донесением
təś	под (предлог места)	noun	default		standard	под (предлог места
təźæś	поверье народное	noun	default		standard	поверье народное
ubeg	убегать	verb	heuristic	niz	standard	убегать
ubib	кричать соседу	verb	heuristic		standard	кричать соседу|вопить соседу|орать соседу
ubijne	убийство по неосторожности	noun	default		standard	убийство по неосторожности
ubijum	убийство умышленное	noun	default		standard	убийство умышленное
uboj	убой	adjective	heuristic		standard	убой
uborka	уборочная кампания	adjective	heuristic		standard	уборочная кампания
ubos	задержание с поличным	adjective	heuristic		standard	задержание с поличным
ubuk	родовое имя	adjective	heuristic		standard	родовое имя|родовое название|родовое наименование
ubyr	гитара акустическая	noun	default		standard	гитара акустическая
ubyvlu	убывающая луна	adjective	heuristic		standard	убывающая луна|убывающая месяц|убывающая спутник
ubæl	улика вещественная	noun	default		standard	улика вещественная
ubøź	безумец	noun	default		standard	безумец
ucap	внутренний двор крепости	adjective	heuristic		standard	внутренний двор крепости|внутри двор крепости|внутригосударственный двор крепости
uceh	излишек	noun	default		standard	излишек
ucig	жатва	noun	default		standard	жатва
uciz	рецензия критика	noun	default		standard	рецензия критика
ucoź	водоросль бурая	noun	default		standard	водоросль бурая
ucyf	болото	noun	default		standard	болото
ucym	нумизмат	noun	default		standard	нумизмат
ucød	проспект	noun	default		standard	проспект
udalzu	удаление зуба	adjective	heuristic		standard	удаление зуба
udan	овёс	noun	default		standard	овес
udar	удар	noun	default		standard	удар
udargr	ударная группировка	adjective	heuristic		standard	ударная группировка
udarty	удар с тыла	noun	default		standard	удар с тыла
udav	удав	noun	default		standard	удав
uderzv	удерживать зверя вдвоем	verb	heuristic		standard	удерживать зверя вдвоем|держать зверя вдвоем|хранить в руках зверя вдвоем
udin	афишная тумба	adjective	heuristic		standard	афишная тумба
udivvy	удивление выражение	adjective	heuristic		standard	удивление выражение|удивление лексема|удивление слово
udobmi	удобрение минеральное	adjective	heuristic		standard	удобрение минеральное
udobr	удобрение	adjective	heuristic		standard	удобрение
udosli	удостоверение личности	adjective	heuristic		standard	удостоверение личности
udotsp	удочка спиннинговая	noun	default		standard	удочка спиннинговая
udotśk	удочка	noun	default		standard	удочка
uduśza	удушливый запах	adjective	heuristic		standard	удушливый запах
udyp	радиограмма	noun	default		standard	радиограмма
udəh	солить мясо	verb	heuristic		standard	солить мясо|солить мясная пища
udəs	дупло	noun	default		standard	дупло
udəv	кальмар	noun	default		standard	кальмар
uezź	уезжать	verb	heuristic	nəp	standard	уезжать
ufec	слуга	noun	default		standard	слуга
ufel	троюродная сестра	adjective	heuristic		standard	троюродная сестра
ufid	эклиптика	noun	default		standard	эклиптика
ufoc	заложник	noun	default		standard	заложник
ufok	вечность	verb	heuristic		standard	вечность
ufop	золотая жатва	adjective	heuristic		standard	золотая жатва
ufoz	спорная территория	adjective	heuristic		standard	спорная территория|спорная край|спорная область|спорная регион
ufoś	цвет синий	noun	default		standard	цвет синий
ufuh	оливковое дерево	adjective	heuristic		standard	оливковое дерево
ufyk	искатель приключений	noun	default		standard	искатель приключений
ufæs	мать-и-мачеха	noun	default		standard	мать-и-мачеха
ugar	угар, очень смешная ситуация	noun	default		colloquial	очень смешная ситуация|угар|крайне смешная ситуация|сильно смешная ситуация|чрезвычайно смешная ситуация
ugarno	угарно, очень смешно	noun	default		colloquial	очень смешно|угарно
ugasro	угасший род	adjective	heuristic		standard	угасший род
ugaź	шишка сосновая	noun	default		standard	шишка сосновая
ugin	лёгкий	adjective	heuristic		standard	легкий|нетяжелый
uglepl	углепластик	noun	default		standard	углепластик
uglesl	углеродный след	adjective	heuristic		standard	углеродный след
ugli	угли	noun	default		standard	угли
ugloba	угловая башня	adjective	heuristic		standard	угловая башня
ugolni	угольник	noun	default	jyv	standard	угольник
ugolos	угол острый	noun	default		standard	угол острый
ugolpr	угол прямой	noun	default		standard	угол прямой
ugolri	уголь рисовальный	noun	default		standard	уголь рисовальный
ugoltu	угол тупой	noun	default		standard	угол тупой|угол глупый|угол дурной|угол неумный
ugor	угорь	noun	default		standard	угорь
ugov	поражение спортивное	adjective	heuristic		standard	поражение спортивное|проигрыш спортивное|разгром спортивное
ugovar	уговаривать	verb	explicit		standard	уговаривать
ugośgo	угощение гостей	adjective	heuristic		standard	угощение гостей
ugrjum	угрюмый (прилагательное)	adjective	heuristic		standard	угрюмый
ugroź	угрожать	verb	explicit		standard	угрожать
ugu	угу	noun	default		colloquial	угу
ugyn	законный наследник	adjective	heuristic		standard	законный наследник|легальный наследник|легитимный наследник|правомерный наследник
ugyś	городская свалка	adjective	heuristic		standard	городская свалка
ugæh	спальник зимний	noun	default		standard	спальник зимний
ugær	нос судна	noun	default		standard	нос судна
ugøź	мост	noun	default		standard	мост
ugəs	обработка ядохимикатами	noun	default		standard	обработка ядохимикатами
uh	ух	noun	default		colloquial	ух
uhal	вассальная зависимость	adjective	heuristic		standard	вассальная зависимость
uharsək	ухарский	adjective	heuristic		standard	ухарский
uhev	конкурент рыночный	noun	default		standard	конкурент рыночный
uhih	кашель	noun	default		standard	кашель
uhis	плотницкий топор	adjective	heuristic		standard	плотницкий топор
uhod	уходить	verb	heuristic	ropøs	standard	уходить
uhog	дезинформация	noun	default		standard	дезинформация
uhos	кит	noun	default		standard	кит
uhov	колесо велосипедное	noun	default		standard	колесо велосипедное
uhover	уховертка	noun	default		standard	уховертка
uhut	рушник	noun	default		standard	рушник
uhvat	ухват	noun	default		standard	ухват
uhøv	непрозрачный (прилагательное)	adjective	heuristic		standard	непрозрачный
ujav	тревожный (прилагательное)	adjective	heuristic		standard	тревожный
ujazsa	уязвлённое самолюбие	adjective	heuristic		standard	уязвленное самолюбие
ujop	склад	noun	default		standard	склад
ujydo	свекольная ботва	adjective	heuristic		standard	свекольная ботва
ujæg	гекон	noun	default		standard	гекон
ujøk	троица праздник	noun	default		standard	троица праздник
ukan	восстановление отношений	adjective	heuristic		standard	восстановление отношений
ukaz	указ	noun	default	toś	standard	указ
ukit	паспорт	noun	default		standard	паспорт
uklont	уклончивость	verb	heuristic		standard	уклончивость
ukrepr	укрепрайон	noun	default		standard	укрепрайон
ukrybo	укрытие бомбоубежище	adjective	heuristic		standard	укрытие бомбоубежище
ukrypr	укрывательство преступника	noun	default		standard	укрывательство преступника
ukyh	командир отделения	noun	default		standard	командир отделения|военный начальник отделения|офицер отделения
ukyś	жаргон	noun	default		standard	жаргон
ukør	весенний паводок сильный	adjective	heuristic		standard	весенний паводок сильный|весенний паводок крепкий|весенний паводок мощный
ukət	губернатор провинции	noun	default		standard	губернатор провинции
ulaś	солнцестояние зимнее	adjective	heuristic		standard	солнцестояние зимнее
ulej	улей	noun	default		standard	улей
ulitts	улица центральная главная	noun	default		standard	улица центральная главная|проезд центральная главная|улица города центральная главная|улица центральная ведущяя|улица центральная ключевая|улица центральная основная
uliz	музейный экскурсовод	adjective	heuristic		standard	музейный экскурсовод
ulof	жаловаться	verb	explicit		standard	жаловаться
ulovut	улов утренний	noun	default		standard	улов утренний
ultəraf	ультрафильтрация	noun	default		standard	ультрафильтрация
ulyd	пиршественный зал	adjective	heuristic		standard	пиршественный зал
ulyl	карабин альпинистский	noun	default		standard	карабин альпинистский
ulyś	сигнальный огонь тревоги	adjective	heuristic		standard	сигнальный огонь тревоги|сигнальный пламя тревоги|сигнальный пожар тревоги
ulæź	бочка засолочная	noun	default		standard	бочка засолочная
uløs	стаж трудовой	noun	default		standard	стаж трудовой
umenfo	уменьшительная форма	adjective	heuristic		standard	уменьшительная форма
umenś	уменьшаться	verb	heuristic	zøcøg	standard	уменьшаться
umet	уметь (модальный глагол)	verb	heuristic		standard	уметь (модальный глагол
umeśə	остудить еду	verb	heuristic		standard	остудить еду
umilen	умиление	adjective	heuristic		standard	умиление
umir	умирать	verb	explicit		standard	умирать|погибать|скончаться
umndom	умный дом система	adjective	heuristic		standard	умный дом система|разумный дом система|сообразительный дом система|умный дом структура|умный дом устройство|умный жилище система|умный жилье система|умный обиталище система
umnik	умник, ироничное обращение	noun	default		colloquial	ироничное обращение|умник
umnkol	умная колонка	adjective	heuristic		standard	умная колонка|разумная колонка|сообразительная колонка
umol	колонна	noun	default		standard	колонна
un	наконец (вводное слово)	noun	default		standard	наконец (вводное слово|наконец|наконец (вводное выражение|наконец (вводное лексема
unabi	унаби	noun	default		standard	унаби
unav	магниторазведка	noun	default		standard	магниторазведка
unefø	тост за здоровье	noun	default		standard	тост за здоровье
uneź	вы	pronoun	rule		standard	вы
unin	ступа с пестом	noun	default		standard	ступа с пестом
unive	университет	noun	default		standard	университет|вуз|высшее учебное заведение
univer	универмаг	noun	default		standard	универмаг
unog	преступление уголовное	adjective	heuristic		standard	преступление уголовное
unot	бубен	noun	default		standard	бубен
unub	похлёбка грибная	noun	default		standard	похлебка грибная
unøs	старик	noun	default		standard	старик
unəh	такт музыкальный	noun	default		standard	такт музыкальный
upakpr	упаковка продукции	noun	default		standard	упаковка продукции
upaź	благодарственная молитва	adjective	heuristic		standard	благодарственная молитва
upec	страж каравана вооружённый	noun	default		standard	страж каравана вооруженный
upet	дынная кожура	adjective	heuristic		standard	дынная кожура
upof	тайная полиция	adjective	heuristic		standard	тайная полиция
uprjam	упрямство	noun	default		standard	упрямство
uprjok	упрёк	noun	default		standard	упрек
uprjol	упряжка оленья	noun	default		standard	упряжка оленья
uprjso	упряжка собак	noun	default		standard	упряжка собак
uprug	упругий (прилагательное)	adjective	heuristic		standard	упругий
uprugo	упругость	verb	heuristic		standard	упругость
upyrj	упырь	noun	default		standard	упырь
upyv	пастбище горное	noun	default		standard	пастбище горное
upæh	барабан	noun	default		standard	барабан
upæl	отправитель	noun	default		standard	отправитель
upøb	бомбовый удар	adjective	heuristic		standard	бомбовый удар
upəc	божество лунное	noun	default		standard	божество лунное
uragan	ураган	noun	default		standard	ураган
uras	ветряная электростанция	adjective	heuristic		standard	ветряная электростанция
uraval	уравнение алгебраическое	adjective	heuristic		standard	уравнение алгебраическое
uravn	уравнение	adjective	heuristic		standard	уравнение
urik	жест	noun	default		standard	жест
urit	кофейня	noun	default		standard	кофейня
urjadn	урядник	noun	default		standard	урядник
urod	урод (оскорбление)	noun	default		colloquial	урод (оскорбление
urodli	уродливый	adjective	heuristic		standard	уродливый
urok	урок	noun	default		standard	урок
uru	уруть	verb	heuristic		standard	уруть
urum	железнодорожный узел	adjective	heuristic		standard	железнодорожный узел
uruz	хляби небесные	noun	default		standard	хляби небесные
urvyśt	обрыв	noun	default	obryv	standard	обрыв
uryg	периметр фигуры	noun	default		standard	периметр фигуры
uræz	цистерна химическая	noun	default		standard	цистерна химическая
urət	суп с клёцками	noun	default		standard	суп с клецками
urəz	патефон	noun	default		standard	патефон
usaźgo	усаживать гостя	verb	heuristic		standard	усаживать гостя
userd	усердие	adjective	heuristic		standard	усердие
usik	лень	noun	default		standard	лень
usira	выдергивать сорняк	verb	heuristic		standard	выдергивать сорняк
uslofr	условная фраза	adjective	heuristic		standard	условная фраза
uslogr	условие грамматическое	adjective	heuristic		standard	условие грамматическое
usloob	условные обозначения карты	adjective	heuristic		standard	условные обозначения карты
usloos	условное освобождение	adjective	heuristic		standard	условное освобождение
uslosi	условный сигнал дымом	adjective	heuristic		standard	условный сигнал дымом
uslosr	условный срок	adjective	heuristic		standard	условный срок|условный время|условный период
uslozn	условный знак	adjective	heuristic		standard	условный знак
usmih	улыбаться	verb	heuristic	lyl	standard	улыбаться|улыбнуться
usog	паспортный стол	adjective	heuristic		standard	паспортный стол
ustal	усталый (прилагательное)	adjective	heuristic		standard	усталый
ustalo	усталость	verb	heuristic		standard	усталость
ustovy	устойчивое выражение	adjective	heuristic		standard	устойчивое выражение|устойчивое лексема|устойчивое слово
ustugr	уступка грамматическая	noun	default		standard	уступка грамматическая
usyg	глупец	noun	default		standard	глупец
usynov	усыновление	adjective	heuristic		standard	усыновление
usød	молитва домашняя перед иконой	noun	default		standard	молитва домашняя перед иконой
usəd	лесничий	adjective	heuristic		standard	лесничий
usəz	здание ботанического сада	adjective	heuristic		standard	здание ботанического сада|постройка ботанического сада|строение ботанического сада
utej	ледник	noun	default		standard	ледник
utetse	утечка секретной информации	noun	default		standard	утечка секретной информации
uteś	утешение	adjective	heuristic		standard	утешение
utiź	стамеска столярная	noun	default		standard	стамеска столярная
utkono	утконос	noun	default		standard	утконос
utotśn	уточнять	verb	explicit		standard	уточнять
utro	утро	noun	default		standard	утро
utud	мотоцикл	noun	default		standard	мотоцикл
utśebn	учебник	noun	default		standard	учебник
utśebp	учебный полигон	adjective	heuristic		standard	учебный полигон
utśema	ученик мастера	noun	default		standard	ученик мастера|учащийся мастера|школьник мастера
utśen	ученик	noun	default	øbil	standard	ученик|учащийся|школьник
utśenie	обучение, учение	adjective	heuristic		standard	обучение|учение
utśepo	учебное пособие	adjective	heuristic		standard	учебное пособие
utśibi	учитель биологии	noun	default		standard	учитель биологии|педагог биологии|преподаватель биологии
utśifi	учитель физики	noun	default		standard	учитель физики|педагог физики|преподаватель физики
utśihi	учитель химии	noun	default		standard	учитель химии|педагог химии|преподаватель химии
utśiis	учитель истории	noun	default		standard	учитель истории|педагог истории|преподаватель истории
utśilka	училка, учительница	noun	default		colloquial	училка|учительница
utśiri	учитель рисования	noun	default		standard	учитель рисования|педагог рисования|преподаватель рисования
utśite	учительница	noun	default	utśitltsa	standard	учительница
utśitltsa	учительница	noun	default		standard	учительница
utśjso	учёный совет	adjective	heuristic		standard	ученый совет
utəc	солнечное тепло	adjective	heuristic		standard	солнечное тепло
uveren	уверенность	verb	heuristic		standard	уверенность
uvjad	увядание	adjective	heuristic		standard	увядание
uvog	печать государственная	verb	heuristic		standard	печать государственная
uvos	дорога изгнанника	noun	default		standard	дорога изгнанника|путь изгнанника|трасса изгнанника
uvuś	крем для лица	noun	default		standard	крем для лица
uvyź	звёздный атлас	adjective	heuristic		standard	звездный атлас
uvæg	поросенок молочный	noun	default		standard	поросенок молочный
uvævi	засыпать на лавке	verb	heuristic		standard	засыпать на лавке
uzelsv	узел связи	noun	default		standard	узел связи
uzes	рукавица	noun	default		standard	рукавица
uzic	струна	noun	default		standard	струна
uzig	небесная сфера	adjective	heuristic		standard	небесная сфера
uzin	понедельник	noun	default		standard	понедельник
uzov	изгородь жердяная	noun	default		standard	изгородь жердяная
uzum	вывод	noun	default		standard	вывод
uzurpa	узурпатор	noun	default		standard	узурпатор
uzut	письменный договор	adjective	heuristic		standard	письменный договор
uzyv	ремесленник	noun	default		standard	ремесленник
uzæf	компасная стрелка	adjective	heuristic		standard	компасная стрелка
uśaf	заговор от болезни	noun	default		standard	заговор от болезни
uśanśa	ушанка шапка	noun	default		standard	ушанка шапка
uśat	ушат	noun	default		standard	ушат
uśatni	ушатник	noun	default		standard	ушатник
uśeś	предатель	noun	default		standard	предатель
uśib	ушиб	noun	default	yneź	standard	ушиб
uśif	раскладной диван	adjective	heuristic		standard	раскладной диван
uśiz	душевное равновесие восстановленное	adjective	heuristic		standard	душевное равновесие восстановленное
uśof	нить шёлковая	verb	heuristic		standard	нить шелковая
uśop	ремень поясной	noun	default		standard	ремень поясной
uśyc	поезд метро	noun	default		standard	поезд метро|железнодорожный состав метро|состав метро
uśyv	линейка школьная	noun	default		standard	линейка школьная
uśæg	часть	verb	heuristic		standard	часть|доля|кусок|фрагмент
uśøh	линия перемены даты	noun	default		standard	линия перемены даты
uźal	гайка	noun	default		standard	гайка
uźod	вращение планеты	adjective	heuristic		standard	вращение планеты
vaben	азимут	noun	default		standard	азимут
vabez	оксид	noun	default		standard	оксид
vaceh	частушка задорная	noun	default		standard	частушка задорная
vacit	кираса	noun	default		standard	кираса
vadym	банкомат	noun	default		standard	банкомат
vagøz	коньковая балка	adjective	heuristic		standard	коньковая балка
vahdə	базилик	noun	default		standard	базилик
vahih	секьюритизация	noun	default		standard	секьюритизация
vahta	сменное дежурство	adjective	heuristic		standard	сменное дежурство
vajb	вайб, настроение или атмосфера	noun	default		colloquial	атмосфера|вайб|настроение
vajja	вайя	noun	default		standard	вайя
vajm	вайма	noun	default		standard	вайма
vajob	подслушивать	verb	explicit		standard	подслушивать
vak	земледелец	noun	default		standard	земледелец
vaktsi	вакцинация	noun	default		standard	вакцинация
vakyh	вольфрамит	noun	default		standard	вольфрамит
vakæ	чеглок	noun	default		standard	чеглок
vakø	кодон	noun	default		standard	кодон
valeźn	валежник	noun	default		standard	валежник
valiz	чемодан	noun	default	søgød	standard	чемодан
valjso	валютный союз	adjective	heuristic		standard	валютный союз
vals	вальс	noun	default		standard	вальс
vamaź	подсвечник	noun	default		standard	подсвечник
van	институт научный	noun	default		standard	институт научный
vandø	папоротник	noun	default		standard	папоротник
vanlæ	мышца	noun	default		standard	мышца
vapo	резервист	noun	default	rezerv	standard	резервист
var	варить	verb	heuristic		standard	варить
varen	варенье	noun	default		standard	варенье
variat	вариатор	noun	default		standard	вариатор
varika	варикап	noun	default		standard	варикап
varimj	варить мясной бульон	verb	heuristic		standard	варить мясной бульон
varəd	кислый соус	adjective	heuristic		standard	кислый соус
vasæd	куб геометрический	noun	default		standard	куб геометрический
vatki	вязание крючком	adjective	heuristic		standard	вязание крючком
vatty	ватты	noun	default		standard	ватты
vatźø	контейнер для мусора	noun	default		standard	контейнер для мусора
vav	шпинат	noun	default		standard	шпинат
vavke	поводок собачий	noun	default		standard	поводок собачий
vavæś	корсак	noun	default		standard	корсак
vaś	ваш	noun	default		standard	ваш
vaśpi	застава речная	noun	default		standard	застава речная
vaśtśe	ваще, вообще	noun	default		colloquial	ваще|вообще
vaśəg	змея	noun	default	øduz	standard	змея
vaź	взвешивать	verb	heuristic	bæśoź	standard	взвешивать
vaźe	заходить слева	verb	heuristic		standard	заходить слева|заходить левосторонний|заходить левый
vaźk	тяжелый	adjective	heuristic	myt	standard	тяжелый|увесистый
vaźøh	лампада перед образом	noun	default		standard	лампада перед образом
vbyv	убивать	verb	heuristic	suhaź	standard	убивать|лишать жизни|умертвлять
vdohtv	вдохновение творческое	adjective	heuristic		standard	вдохновение творческое
vdol	вдоль (предлог)	noun	default		standard	вдоль
vdovet	вдовец	noun	default		standard	вдовец
vebi	вазопрессин	noun	default		standard	вазопрессин
vebro	темп речи	noun	default		standard	темп речи|быстрота речи|скорость речи
ved	чеканка	noun	default		standard	чеканка
vedr	ведро	noun	default		standard	ведро
vefeh	телега	noun	default	məz	standard	телега
veh	мангровое дерево	adjective	heuristic		standard	мангровое дерево
vehat	въехать, понять	verb	heuristic		colloquial	въехать|понять
vehbø	рукоять меча	verb	heuristic		standard	рукоять меча
vejaze	веяние зерна	adjective	heuristic		standard	веяние зерна
vejed	стеклянница	noun	default		standard	стеклянница
vejgel	вейгела	noun	default		standard	вейгела
vejnik	вейник	noun	default		standard	вейник
vejər	пограничный пост горный	adjective	heuristic		standard	пограничный пост горный
vejət	карты игральные	noun	default		standard	карты игральные
vek	век	noun	default		standard	век
veksel	вексель	noun	default		standard	вексель
veku	квадруполь	noun	default		standard	квадруполь
vekuh	мошенничество	noun	default		standard	мошенничество
vel	видеть	verb	heuristic		standard	видеть
veljar	веляризация	noun	default		standard	веляризация
veljur	велюр	noun	default		standard	велюр
velogo	велогонка	noun	default		standard	велогонка
velosi	велосипед	noun	default		standard	велосипед
velosype	велосипед	noun	default	velosi	standard	велосипед
velotr	велотренажёр	noun	default		standard	велотренажер
velyk	большой	adjective	heuristic	nøbnæ	standard	большой|великий|крупный|огромный
veləs	благословение батюшки	adjective	heuristic		standard	благословение батюшки
vem	полив	noun	default		standard	полив
vemdi	садовник профессиональный	noun	default		standard	садовник профессиональный
vena	вена	noun	default		standard	вена
venesr	венец сруба	noun	default		standard	венец сруба
veniba	веник банный	noun	default		standard	веник банный
ventts	венчание церковное	adjective	heuristic		standard	венчание церковное
vepuv	принцесса	noun	default		standard	принцесса
ver	верить	verb	heuristic		standard	верить
verand	веранда	noun	default		standard	веранда
verane	вера несокрушимая	noun	default		standard	вера несокрушимая
verbka	верблюжий караван пустынный	adjective	heuristic		standard	верблюжий караван пустынный
verbvo	вербное воскресенье	adjective	heuristic		standard	вербное воскресенье
vereko	веретено костяное	noun	default		standard	веретено костяное
verepr	веретено с пряжей	noun	default		standard	веретено с пряжей
veresk	вереск	noun	default		standard	вереск
verete	веретено	noun	default		standard	веретено
verf	верфь	noun	default		standard	верфь
verfko	верфь корабельная	noun	default		standard	верфь корабельная
verfsu	верфь судостроительная	noun	default		standard	верфь судостроительная
verhol	верховой олень	adjective	heuristic		standard	верховой олень
verhov	верховка	noun	default		standard	верховка
verhza	верховенство закона	noun	default		standard	верховенство закона
verhźi	верховое животное	adjective	heuristic		standard	верховое животное
verk	заводской производственный комплекс	adjective	heuristic		standard	заводской производственный комплекс
veroja	вероятно (вводное слово)	noun	default		standard	вероятно (вводное слово|вероятно|вероятно (вводное выражение|вероятно (вводное лексема
verslo	не верить словам	verb	explicit		standard	не верить словам
verspo	верстка полосы	noun	default		standard	верстка полосы
verst	верстак	noun	default		standard	верстак
versta	верста	noun	default		standard	верста
vertel	вертел	noun	default		standard	вертел
vertol	вертолёт	noun	default		standard	вертолет
vertəja	вертячка (водный жук)	noun	default		standard	вертячка (водный жук
vertəlj	вертлюг	noun	default		standard	вертлюг
vesele	весенний ледоход	adjective	heuristic		standard	весенний ледоход
veselk	радуга	noun	default	əhom	standard	радуга
vesera	весенний разлив	adjective	heuristic		standard	весенний разлив
vesese	весенний сев	adjective	heuristic		standard	весенний сев
vesetu	весенний туман	adjective	heuristic		standard	весенний туман
vesjol	весёлый (прилагательное)	adjective	heuristic		standard	веселый
vesl	весло	noun	default		standard	весло
veslba	весло байдарочное	noun	default		standard	весло байдарочное
vesn	весна	noun	default	dæc	standard	весна
vesnø	семья	noun	default		standard	семья
vestəge	вестгейт	noun	default		standard	вестгейт
vesyma	весы магазинные	noun	default		standard	весы магазинные
vesyto	весы торговца	noun	default		standard	весы торговца
vetera	ветеран	noun	default		standard	ветеран
veteri	ветеринар	noun	default		standard	ветеринар
veteź	мост	noun	default	ugøź	standard	мост
vethod	ветхая одежда	adjective	heuristic		standard	ветхая одежда
vetki	деловое письмо	adjective	heuristic		standard	деловое письмо|деловое запись|деловое текст
vetren	ветреница	noun	default		standard	ветреница
vettśi	ветчина	noun	default		standard	ветчина
vetur	линия разграничения	noun	default		standard	линия разграничения
vetś	вечер	noun	default		standard	вечер
vetśog	вечный огонь	adjective	heuristic		standard	вечный огонь|вечный пламя|вечный пожар
vetśpo	вечерние посиделки	adjective	heuristic		standard	вечерние посиделки
vezd	везде	noun	default		standard	везде
vezyr	салют новогодний	noun	default		standard	салют новогодний
veśaod	вешалка для одежды	noun	default		standard	вешалка для одежды
veśe	вече	noun	default		standard	вече
veśesk	вещевой склад	adjective	heuristic		standard	вещевой склад
veśok	месса	noun	default		standard	месса
veśuź	гримаса	noun	default	grimas	standard	гримаса
veźa	башня	noun	default	źih	standard	башня
veźlfo	вежливая форма	adjective	heuristic		standard	вежливая форма
veźyh	здравица	noun	default	zdravi	standard	здравица
vgəsa	пробка бутылочная	noun	default		standard	пробка бутылочная
vhod	входить	verb	explicit		standard	входить
viaduk	виадук	noun	default	løhsi	standard	виадук
vib	обыск с ордером	noun	default		standard	обыск с ордером
vibøm	мгла	noun	default		standard	мгла
vid	мята	noun	default		standard	мята
vidbe	стадо	noun	default		standard	стадо
vidlyh	оттепель	noun	default	æsoz	standard	оттепель
vidos	видос, видео	noun	default		colloquial	видео|видос
vidosik	видосик, короткое видео	noun	default		colloquial	видосик|короткое видео
vidpot	отдых	noun	default	hidśi	standard	отдых
vidpov	ответ	noun	default	otvet	standard	ответ|ответное сообщение|реакция
vidpovi	отвечать	verb	heuristic	otvetś	standard	отвечать
vidpəly	отлив	noun	default	hyryh	standard	отлив
vidsətu	отступление	adjective	heuristic	otstup	standard	отступление
vidu	протекторат	noun	default	protek	standard	протекторат
vidyp	плинтус	noun	default		standard	плинтус
vidyr	широта географическая	noun	default		standard	широта географическая
vidźi	колодец пустынный	noun	default		standard	колодец пустынный
vifdi	объём физический	noun	default		standard	объем физический|количество физический|число физический
vifno	время затишья	noun	default		standard	время затишья|период затишья|срок затишья
vifvi	фотография	noun	default		standard	фотография
vigəp	лысуха	noun	default		standard	лысуха
vih	роса утренняя обильная	noun	default		standard	роса утренняя обильная
vihæ	пленник	noun	default	plenni	standard	пленник
vija	ресница	noun	default	køræm	standard	ресница
vijeg	яблоко	noun	default	jabl	standard	яблоко
vijn	война	noun	default	hag	standard	война|вооруженный конфликт|конфликт
vijsək	войско	noun	default	todśe	standard	войско
vijæj	теплица стеклянная	noun	default		standard	теплица стеклянная
vik	загрязнять	verb	explicit		standard	загрязнять
vikn	окно	noun	default	okno	standard	окно
viktte	викторина телевизионная	noun	default		standard	викторина телевизионная
vikub	гипохлорит	noun	default		standard	гипохлорит
viljhv	вилять хвостом	verb	heuristic		standard	вилять хвостом
vilte	почтовый ящик домовой	adjective	heuristic		standard	почтовый ящик домовой
vilyna	вилы навозные	noun	default		standard	вилы навозные
vilysa	вилы садовые	noun	default		standard	вилы садовые
vina	вина	noun	default		standard	вина
vines	аметист	noun	default		standard	аметист
vinodo	винокурня домашняя	noun	default		standard	винокурня домашняя
vinogr	виноградник	noun	default		standard	виноградник
vinotś	виночерпий	adjective	heuristic		standard	виночерпий
vinoź	сарма	noun	default		standard	сарма
vinpog	винный погреб магазин	adjective	heuristic		standard	винный погреб магазин|винный погреб лавка|винный погреб торговая точка
vinup	квантиль	noun	default		standard	квантиль
violon	виолончель	noun	default	pyhof	standard	виолончель
vip	заточенный топор	adjective	heuristic		standard	заточенный топор
vipiz	миокард	noun	default		standard	миокард
vipug	арьергард	noun	default		standard	арьергард
virnis	верность	verb	heuristic	śyh	standard	верность
virtua	виртуализация	noun	default		standard	виртуализация
viruso	вирусолог	noun	default		standard	вирусолог
viseli	виселица	noun	default	vytøz	standard	виселица
visul	аниматик	noun	default		standard	аниматик
visus	болеть	verb	explicit		standard	болеть
vit	обойма	noun	default		standard	обойма
viter	ветер	noun	default	śahəg	standard	ветер
vitfo	эхолот	noun	default		standard	эхолот
vitjaz	витязь	noun	default		standard	витязь
vitob	заморозка активов	noun	default		standard	заморозка активов
vitrma	витрина магазина	noun	default		standard	витрина магазина
vitrmu	витрина музейная	noun	default		standard	витрина музейная
vitryl	парус	noun	default	eźil	standard	парус
vitspr	вице-президент	noun	default		standard	вице-президент
viz	блесна	noun	default		standard	блесна
vizave	виза въездная	noun	default		standard	виза въездная
vizøs	если союз	particle	rule		standard	если союз
viśi	сервал	noun	default		standard	сервал
viśn	вишня	noun	default	darpe	standard	вишня
viśol	позволено	noun	default	pozvol	standard	позволено (модальное выражение|позволено|позволено (модальное лексема|позволено (модальное слово
viźin	гниль	noun	default	tojje	standard	гниль
viźuf	сомнение	adjective	heuristic		standard	сомнение
viźśæ	звукооператор	noun	default		standard	звукооператор
vjal	вяление	adjective	heuristic		standard	вяление
vjalso	вяленое на солнце	adjective	heuristic		standard	вяленое на солнце|вяленое на светило
vjazko	вязкость	verb	heuristic		standard	вязкость
vjazpl	вязаный платок	adjective	heuristic		standard	вязаный платок
vjun	вьюн	noun	default		standard	вьюн
vjutmu	вьючный мул	adjective	heuristic		standard	вьючный мул
vkatśat	вкачать, сильно развить	verb	heuristic		colloquial	вкачать|сильно развить|крайне развить|очень развить|чрезвычайно развить
vlasdu	власть духовная	verb	heuristic		standard	власть духовная|правление духовная|управление духовная
vmest	вместо	noun	default	bo	standard	вместо
vneovy	внеочередные выборы	adjective	heuristic		standard	внеочередные выборы
vnuk	внук	noun	default	kok	standard	внук
vnutko	внутренний конфликт	adjective	heuristic		standard	внутренний конфликт|внутренний война|внутренний вооруженный конфликт|внутри конфликт|внутригосударственный конфликт
vnutr	внутри (предлог)	noun	default		standard	внутри
vnutre	внутренний	adjective	heuristic	ovyv	standard	внутренний
vo	быть должным сделать (модальное выражение)	verb	heuristic		standard	быть должным сделать (модальное выражение|быть должным сделать (модальное лексема|быть должным сделать (модальное слово
vobæ	эмпатия	noun	default	empati	standard	эмпатия
vobør	пеперомия	noun	default		standard	пеперомия
voda	вода	noun	default	lum	standard	вода|влага|жидкость
vode	пчельник	noun	default		standard	пчельник
vodjan	водяной	adjective	heuristic		standard	водяной
vodjko	водяное колесо мельницы	adjective	heuristic		standard	водяное колесо мельницы
vodjst	водяной счётчик	adjective	heuristic		standard	водяной счетчик
vodka	водка	noun	default		standard	водка
vodnik	работник водного хозяйства	noun	default		standard	работник водного хозяйства
vodob	водобой	adjective	heuristic		standard	водобой
vodolj	водолюб	noun	default		standard	водолюб
vodop	водопой	adjective	heuristic		standard	водопой
vodopr	водопровод	noun	default		standard	водопровод
vodora	водораздел	noun	default	vujəc	standard	водораздел
vodoro	водоросль	noun	default		standard	водоросль
vodosl	водослив	noun	default		standard	водослив
vodovnja	водонапорная или распределительная станция	adjective	heuristic		standard	водонапорная|распределительная станция
vodovy	водовыпуск	noun	default		standard	водовыпуск
vodźə	разжалование	adjective	heuristic		standard	разжалование
voenat	военный атташе	adjective	heuristic		standard	военный атташе
voenpo	военное положение	adjective	heuristic		standard	военное положение
voenpu	военный путч	adjective	heuristic		standard	военный путч
voenso	военный союз наступательный	adjective	heuristic		standard	военный союз наступательный
voevod	воевода	noun	default		standard	воевода
vof	походка	noun	default		standard	походка
vofəź	мелодия	noun	default	hyjej	standard	мелодия
vohon	огонь	noun	default	puf	standard	огонь
voineś	воинский эшелон	adjective	heuristic		standard	воинский эшелон
voinkl	воинственный клич	adjective	heuristic		standard	воинственный клич
voinpo	воинская повинность	adjective	heuristic		standard	воинская повинность
voinpr	воинское преступление	adjective	heuristic		standard	воинское преступление
vointś	воинская честь	adjective	heuristic		standard	воинская честь
voj	пограничный столб основной	adjective	heuristic		standard	пограничный столб основной|пограничный столб ведущий|пограничный столб главный|пограничный столб ключевой
voja	солдат	noun	default	ælad	standard	солдат
vojak	воин	noun	default	fərśø	standard	воин
vojlok	войлок	noun	default		standard	войлок
vojon	люмакей	noun	default		standard	люмакей
vojt	вой	adjective	heuristic		standard	вой
vokode	вокодер	noun	default		standard	вокодер
vokzal	вокзал	noun	default		standard	вокзал
volejb	волейбол	noun	default		standard	волейбол
volo	волос	noun	default	ævar	standard	волос
volost	волостной старшина	adjective	heuristic		standard	волостной старшина
volotś	волочение	adjective	heuristic		standard	волочение
voltst	волчья стая	noun	default		standard	волчья стая
volynk	волынка	noun	default		standard	волынка
vombat	вомбат	noun	default		standard	вомбат
von	виноград	noun	default		standard	виноград
vooduś	воодушевление	adjective	heuristic	øhiz	standard	воодушевление
voprut	вопрос учебный	noun	default		standard	вопрос учебный|вопросительное обращение учебный|запрос учебный
voraź	лавина	noun	default		standard	лавина
voroba	воротная башня массивная	adjective	heuristic		standard	воротная башня массивная
voroh	враг	noun	default	vrag	standard	враг
voropr	воровской притон	adjective	heuristic		standard	воровской притон
vorost	воробьиная стая	adjective	heuristic		standard	воробьиная стая
vorot	ворота	noun	default	kud	standard	ворота
voroto	вороток	noun	default		standard	вороток
voruź	синица	noun	default		standard	синица
vosem	восемь	numeral	heuristic	nəm	standard	восемь
vosk	воск	noun	default		standard	воск
voskob	восклицательный оборот	adjective	heuristic		standard	восклицательный оборот
voskpt	воск пчелиный чистый	noun	default		standard	воск пчелиный чистый|воск пчелиный незагрязненный|воск пчелиный опрятный
vosksv	воск свечной	noun	default		standard	воск свечной
voskəre	воскресенье	noun	default	źab	standard	воскресенье
vospal	воспаление	adjective	heuristic		standard	воспаление
vospit	воспитательница	noun	default		standard	воспитательница
vosptj	воспоминание тяжёлое	adjective	heuristic		standard	воспоминание тяжелое|воспоминание увесистое
vosssi	восстановление сил душевных	adjective	heuristic		standard	восстановление сил душевных
vosst	восстание	adjective	heuristic		standard	восстание
vot	накладная товарная	adjective	heuristic		standard	накладная товарная
votbli	вот блин (досада)	noun	default		colloquial	вот блин (досада
votj	вот (слово-паразит)	noun	default		colloquial	вот (слово-паразит
vottśi	вотчина	noun	default		standard	вотчина
votudo	вотум доверия	noun	default		standard	вотум доверия
votune	вотум недоверия правительству	noun	default		standard	вотум недоверия правительству
vozdbo	воздушный бой	adjective	heuristic		standard	воздушный бой|воздушный битва|воздушный сражение|воздушный схватка
vozdra	воздушная разведка	adjective	heuristic		standard	воздушная разведка
vozdsv	воздух свежий	noun	default		standard	воздух свежий|воздух недавний|воздух новый
vozdu	воздухоотводчик	noun	default		standard	воздухоотводчик
vozduh	воздух	noun	default		standard	воздух
vozdzm	воздушный змей	adjective	heuristic		standard	воздушный змей
vozdśa	воздушный шар пилотируемый	adjective	heuristic		standard	воздушный шар пилотируемый
vozmez	возмездие	adjective	heuristic		standard	возмездие
vozmeś	возмещение	adjective	heuristic		standard	возмещение
vozmvr	возмещение вреда	adjective	heuristic		standard	возмещение вреда
vozmvy	возможность выражение	verb	heuristic		standard	возможность выражение|возможность лексема|возможность слово
vozras	возраст	noun	default		standard	возраст
vozraź	возражение	adjective	heuristic		standard	возражение
vozrof	возражение официальное	adjective	heuristic		standard	возражение официальное
vozsen	воз сена	noun	default		standard	воз сена
vozvra	возвращаться	verb	explicit		standard	возвращаться
vozvyś	возвышенность	verb	heuristic	źaźgy	standard	возвышенность
vośab	обобщение итоговое	adjective	heuristic		standard	обобщение итоговое
vośtəśi	вощина	noun	default		standard	вощина
vośøź	сахарный завод	adjective	heuristic		standard	сахарный завод|сахарный предприятие|сахарный фабрика
vośźi	полк	noun	default		standard	полк
vośəf	образование	adjective	heuristic		standard	образование
voźdkl	вождь клана	noun	default		standard	вождь клана
voźź	вожжи	noun	default		standard	вожжи
vrag	враг	noun	default		standard	враг
vrali	стремя (слуховая косточка)	noun	default		standard	стремя (слуховая косточка
vratś	врач	noun	default		standard	врач
vraśze	вращение земли	adjective	heuristic		standard	вращение земли
vrefæz	пиранометр	noun	default		standard	пиранометр
vrefæź	пандус	noun	default		standard	пандус
vrem	время	noun	default	møcok	standard	время|период|срок
vremna	время начала операции	noun	default		standard	время начала операции|период начала операции|срок начала операции
vremoh	время охоты	noun	default		standard	время охоты|период охоты|срок охоты
vrempr	временное правительство	adjective	heuristic		standard	временное правительство|временное власти|временное кабинет
vrifan	верный	adjective	heuristic	ekac	standard	верный|корректный|правильный
vrihok	пессарий	adjective	heuristic		standard	пессарий
vriju	андеррайтинг	noun	default		standard	андеррайтинг
vrina	резекция	noun	default		standard	резекция
vrinos	между	noun	default	eg	standard	между
vripe	снежник	noun	default		standard	снежник
vrode	вроде, кажется	noun	default		colloquial	вроде|кажется
vronuf	нуклон	noun	default		standard	нуклон
vrukaz	кондитерская	adjective	heuristic	kondit	standard	кондитерская
vrutna	вручение награды церемония	adjective	heuristic		standard	вручение награды церемония
vruvu	каллюс (растительная ткань заживления)	noun	default		standard	каллюс (растительная ткань заживления
vrøhøs	полиуретан	noun	default		standard	полиуретан
vrøte	троллейбус	noun	default	trolle	standard	троллейбус
vselbe	вселенная бесконечная	adjective	heuristic		standard	вселенная бесконечная
vseoiz	всеобщее избирательное право	adjective	heuristic		standard	всеобщее избирательное право|всеобщее избирательное правомочие
vstako	вставная конструкция	adjective	heuristic		standard	вставная конструкция
vstast	вставлять стекло	verb	heuristic		standard	вставлять стекло
vstrpl	встречный план	adjective	heuristic		standard	встречный план
vsəhlip	всхлип	noun	default	zəlov	standard	всхлип
vsətret	встречать	verb	heuristic	cidov	standard	встречать|встречаться|принимать
vtorbl	второе блюдо	adjective	heuristic		standard	второе блюдо
vtorni	вторник	noun	default		standard	вторник
vtortu	второй тур выборов	adjective	heuristic		standard	второй тур выборов
vtykat	втыкать, медленно понимать или бездействовать	verb	heuristic		colloquial	бездействовать|втыкать|медленно понимать|медленно осознавать|медленно разбираться|медленно уразуметь|неспешно понимать|неторопливо понимать
vtśer	вчера	noun	default		standard	вчера
vtəśy	учиться	verb	heuristic	gat	standard	учиться
vtəśyte	учитель	noun	default	nærag	standard	учитель
vual	вуаль	noun	default	pusśu	standard	вуаль
vubfu	командир	noun	default		standard	командир
vufø	помпа (насос)	noun	default		standard	помпа (насос
vugik	попугай тропический	noun	default		standard	попугай тропический
vugnə	скрытность	verb	heuristic		standard	скрытность
vuh	манускрипт рукописный	noun	default		standard	манускрипт рукописный
vuhaś	задаток	noun	default		standard	задаток
vuho	ухо	noun	default	johbæ	standard	ухо
vujəc	водораздел	noun	default		standard	водораздел
vujəl	господин	noun	default		standard	господин
vuli	матчмувинг	noun	default		standard	матчмувинг
vulkan	вулканолог	noun	default		standard	вулканолог
vulyts	улица	noun	default	nas	standard	улица|проезд|улица города
vulzi	парторганизация	noun	default		standard	парторганизация
vumip	квартиль	noun	default		standard	квартиль
vunəź	пастернак	noun	default		standard	пастернак
vuret	дифтонг	noun	default		standard	дифтонг
vurog	самогон	noun	default	samog	standard	самогон
vus	отзыв	noun	default		standard	отзыв
vusif	поздравление письменное	adjective	heuristic		standard	поздравление письменное
vusæm	хобби чтение	noun	default		standard	хобби чтение
vut	сыромятная кожа	adjective	heuristic		standard	сыромятная кожа
vutuh	лужа дорожная	noun	default		standard	лужа дорожная
vutuj	вырываться из рук	verb	heuristic		standard	вырываться из рук
vuven	разбойное нападение	adjective	heuristic		standard	разбойное нападение
vuvhi	вышивание крестиком	adjective	heuristic		standard	вышивание крестиком
vuvyc	грязь весенняя	noun	default		standard	грязь весенняя
vuvzi	ток гумна	noun	default		standard	ток гумна
vuzcy	ясли	noun	default		standard	ясли
vuzk	узкий	adjective	heuristic	øtiz	standard	узкий|неширокий|тесный
vuzor	святилище	noun	default		standard	святилище
vuzus	отряд	noun	default		standard	отряд
vuś	мотопехота	noun	default		standard	мотопехота
vuśih	гидрокомпенсатор	noun	default		standard	гидрокомпенсатор
vuźpe	сильный	adjective	heuristic		standard	сильный
vuźyt	шиншилла	noun	default		standard	шиншилла
vybatś	прощать	verb	heuristic	źəkyk	standard	прощать
vybet	калька языковая	noun	default		standard	калька языковая
vyblja	выблядок (мат)	noun	default		colloquial	выблядок
vybup	хмуриться	verb	explicit		standard	хмуриться
vyc	землемер	noun	default		standard	землемер
vydelk	вилка	noun	default	ivuf	standard	вилка
vydr	выдра	noun	default		standard	выдра
vydul	ревальвация	noun	default		standard	ревальвация
vyebat	выебать (мат)	verb	heuristic		colloquial	выебать
vyebon	выебон (мат, показное поведение)	noun	default		colloquial	выебон (мат|показное поведение
vyfah	терять	verb	heuristic		standard	терять|лишаться|утрачивать
vygliz	выглядывать из-за ствола	verb	heuristic		standard	выглядывать из-за ствола
vygodu	выгорание душевное	adjective	heuristic		standard	выгорание душевное
vygosd	выгодная сделка	adjective	heuristic		standard	выгодная сделка
vygoź	воображение	adjective	heuristic	øjeg	standard	воображение
vygəś	скульптура мраморная	noun	default		standard	скульптура мраморная
vyhod	выходить	verb	heuristic	tætog	standard	выходить
vyhode	выходной день	adjective	heuristic		standard	выходной день|выходной дневное время|выходной сутки
vykləju	выключка	noun	default		standard	выключка
vykolo	выколотка	noun	default		standard	выколотка
vykrbu	выкройка бумажная	noun	default		standard	выкройка бумажная
vykune	выкуп невесты обряд	noun	default		standard	выкуп невесты обряд
vyl	предместье	noun	default		standard	предместье
vyletet	вылететь, аварийно закрыться	verb	heuristic		colloquial	аварийно закрыться|вылететь
vymivi	вымирающий вид	adjective	heuristic		standard	вымирающий вид
vympel	вымпел	noun	default		standard	вымпел
vymøm	палеонтолог	noun	default		standard	палеонтолог
vynepr	вынесение приговора	adjective	heuristic		standard	вынесение приговора
vynub	жестокость	verb	heuristic	źestok	standard	жестокость
vypendrivatsja	выпендриваться, демонстративно показывать себя	verb	heuristic		colloquial	выпендриваться|демонстративно показывать себя|демонстративно демонстрировать себя|демонстративно указывать себя
vypendrjoź	выпендрёж, показное поведение	noun	default		colloquial	выпендреж|показное поведение
vypiof	выписка официальная	noun	default		standard	выписка официальная
vypit	выпить, употребить алкоголь	verb	heuristic		colloquial	выпить|употребить алкоголь
vyprəja	выпрямитель	noun	default		standard	выпрямитель
vypym	компот из сухофруктов	noun	default		standard	компот из сухофруктов
vyrfy	заправка салатная	noun	default		standard	заправка салатная
vyrga	спасатель на воде	noun	default		standard	спасатель на воде
vyrgu	гильдейский совет	adjective	heuristic		standard	гильдейский совет
vyrubit	вырубить, выключить	verb	heuristic		colloquial	выключить|вырубить
vysele	выселение	adjective	heuristic	ødeh	standard	выселение
vyskotśka	выскочка	noun	default		colloquial	выскочка
vysok	высокий	adjective	heuristic	piśak	standard	высокий|возвышенный|рослый
vysopo	высотная поясность	adjective	heuristic		standard	высотная поясность
vysyst	высылка из страны	noun	default		standard	высылка из страны
vytipo	вытирать пот	verb	heuristic		standard	вытирать пот
vytir	вытирать	verb	explicit		standard	вытирать
vytira	вытирать разлитое	verb	heuristic		standard	вытирать разлитое
vytom	плотник	noun	default		standard	плотник
vytpo	выть по-собачьи	verb	heuristic		standard	выть по-собачьи
vytpy	мука рассыпанная	noun	default		standard	мука рассыпанная
vytøz	виселица	noun	default		standard	виселица
vytśts	вычислительный центр	adjective	heuristic		standard	вычислительный центр|вычислительный сердцевина|вычислительный середина
vyvan	государственный аппарат	adjective	heuristic		standard	государственный аппарат
vyvego	выветривание горных пород	adjective	heuristic		standard	выветривание горных пород
vyvema	вывеска магазина	noun	default		standard	вывеска магазина
vyvih	вывих	noun	default	otiv	standard	вывих
vyvæh	текст религиозный	noun	default		standard	текст религиозный|запись религиозный|письмо религиозный
vyz	полуостров	noun	default		standard	полуостров
vyzdor	выздоравливать	verb	explicit		standard	выздоравливать
vyzim	закат как время	noun	default		standard	закат как время|закат как период|закат как срок|закат каким образом время|закат каким способом время
vyzopo	вызов полиции	noun	default		standard	вызов полиции
vyś	воспитанность	verb	heuristic		standard	воспитанность
vyśivk	вышивка	noun	default		standard	вышивка
vyźro	статистика государственная	noun	default		standard	статистика государственная
vzdyh	вздыхать	verb	explicit		standard	вздыхать
vzljpo	взлётная полоса	adjective	heuristic		standard	взлетная полоса
vzvar	взвар	noun	default		standard	взвар
væb	вязание спицами	adjective	heuristic		standard	вязание спицами
væbzo	художник	noun	default		standard	художник
væc	похоронная молитва	adjective	heuristic		standard	похоронная молитва
vægyn	честный	adjective	heuristic	tśe	standard	честный
væjo	топология	noun	default		standard	топология
væjti	собрание старейшин	adjective	heuristic		standard	собрание старейшин
væk	стряпчий	adjective	heuristic		standard	стряпчий
vækas	муссон летний	noun	default		standard	муссон летний
vænga	сапёрная группа	adjective	heuristic		standard	саперная группа
væp	воздушный шар	adjective	heuristic		standard	воздушный шар
væs	золото	noun	default		standard	золото
vætih	извиняться	verb	heuristic	neciź	standard	извиняться
vætyr	парикмахерская женская	adjective	heuristic		standard	парикмахерская женская
væven	суеверие бытовое	adjective	heuristic		standard	суеверие бытовое
vævka	коневодство	noun	default		standard	коневодство
vævoc	поросячий визг	adjective	heuristic		standard	поросячий визг
vævup	качотта	noun	default		standard	качотта
væź	порок лжи	noun	default		standard	порок лжи
væźeb	безлунная ночь	adjective	heuristic		standard	безлунная ночь|безлунная ночное время|безлунная темное время суток
væźuk	наивный (прилагательное)	adjective	heuristic		standard	наивный
væźup	плесень	noun	default		standard	плесень
vøcly	говорить	verb	heuristic		standard	говорить
vøcra	берег	noun	default		standard	берег
vøfzø	гравировка на клинке	noun	default		standard	гравировка на клинке
vøg	пограничное озеро	adjective	heuristic		standard	пограничное озеро|пограничное водоем
vøgiś	порок	noun	default		standard	порок
vøgos	тирания	noun	default	tir	standard	тирания
vøgøb	ритуальный танец	adjective	heuristic		standard	ритуальный танец
vøhbø	здание почтамта	adjective	heuristic		standard	здание почтамта|постройка почтамта|строение почтамта
vøhut	регулировщик	noun	default		standard	регулировщик
vøhæn	резидент разведки	noun	default		standard	резидент разведки
vøjøj	дух	noun	default		standard	дух
vøke	кабестан	noun	default		standard	кабестан
vøkuź	либрация	noun	default		standard	либрация
vøl	шерсть овечья немытая	verb	heuristic		standard	шерсть овечья немытая
vølab	конверт	noun	default		standard	конверт
vøløb	бронхоскоп	noun	default		standard	бронхоскоп
vøm	демилитаризованная зона	adjective	heuristic		standard	демилитаризованная зона
vømvo	звонок дверной	noun	default		standard	звонок дверной
vøn	вон	noun	default		standard	вон
vøp	таксист	noun	default		standard	таксист
vøs	умелый (прилагательное)	adjective	heuristic		standard	умелый
vøsho	знание	adjective	heuristic		standard	знание|информация|сведение
vøtez	мстить	verb	explicit		standard	мстить
vøv	караульная будка	adjective	heuristic		standard	караульная будка
vøśat	чужой	adjective	heuristic		standard	чужой
vøśgə	геодезист	noun	default		standard	геодезист
vøź	родство	noun	default		standard	родство
vəb	зимнее безмолвие	adjective	heuristic		standard	зимнее безмолвие
vəbi	диверсия	noun	default	divers	standard	диверсия
vəc	билетная касса	adjective	heuristic		standard	билетная касса
vəcju	канатная дорога туристическая	adjective	heuristic		standard	канатная дорога туристическая|канатная путь туристическая|канатная трасса туристическая
vəcøf	банки медицинские	noun	default		standard	банки медицинские
vəd	потерять сапог	verb	heuristic		standard	потерять сапог
vədoh	список потерь	noun	default		standard	список потерь
vədæb	гипербола	noun	default		standard	гипербола
vəfdo	инженерное заграждение	adjective	heuristic		standard	инженерное заграждение
vəgeś	уступчивость	verb	heuristic		standard	уступчивость
vəjmø	противопоставлять	verb	explicit		standard	противопоставлять
vənə	антимонит	noun	default		standard	антимонит
vəpib	байт	noun	default		standard	байт
vət	ювелирная работа	adjective	heuristic		standard	ювелирная работа|ювелирная дело|ювелирная занятие|ювелирная труд
vəv	свист ветра	noun	default		standard	свист ветра
vəvug	вдова	noun	default		standard	вдова
vəvør	библиотека городская	noun	default		standard	библиотека городская
vəz	заворачивать	verb	explicit		standard	заворачивать
vəś	прощание на ночь	adjective	heuristic		standard	прощание на ночь|прощание на ночное время|прощание на темное время суток
vəśid	заслонка	noun	default		standard	заслонка
vəśøl	тихий	adjective	heuristic		standard	тихий
vəź	долговая расписка	adjective	heuristic		standard	долговая расписка
ybaf	политбюро	noun	default		standard	политбюро
ybin	тяпка огородная	noun	default		standard	тяпка огородная
ybob	стрижка	noun	default		standard	стрижка
ybos	шпаклёвка	noun	default		standard	шпаклевка
ybuv	уведомление письменное	adjective	heuristic		standard	уведомление письменное
ybyh	много	noun	default		standard	много|куча|масса|множество
ybær	бестактность	verb	heuristic		standard	бестактность
ybøc	отшельник	noun	default		standard	отшельник
ybør	переворот военный неудавшийся	noun	default		standard	переворот военный неудавшийся
ybəc	сало солёное	noun	default		standard	сало соленое
ycat	добродетель терпения	noun	default		standard	добродетель терпения
ycic	совет	noun	default		standard	совет
ycil	провод	noun	default		standard	провод
ycyk	бургерная	adjective	heuristic		standard	бургерная
ycyp	коса	noun	default		standard	коса
ycøk	денежный обмен	adjective	heuristic		standard	денежный обмен
ycøm	угроза словесная	noun	default		standard	угроза словесная
ycəs	овал	noun	default		standard	овал
ydem	целое	adjective	heuristic		standard	целое
ydus	дождь	noun	default		standard	дождь
ydæz	звук как явление физическое	noun	default		standard	звук как явление физическое|звук каким образом явление физическое|звук каким способом явление физическое
ydøl	падежное значение дательное	adjective	heuristic		standard	падежное значение дательное
ydəf	городки игра	noun	default		standard	городки игра|городки игрище
ydəz	грузовик	noun	default		standard	грузовик
yfij	политическое убежище	adjective	heuristic		standard	политическое убежище
yfyg	танец	noun	default		standard	танец
yfæl	ромб	noun	default		standard	ромб
ygoh	хранитель летописи	noun	default		standard	хранитель летописи
ygop	упряжь	noun	default		standard	упряжь
ygyr	нож кухонный	noun	default		standard	нож кухонный
ygæf	клаксон	noun	default		standard	клаксон
ygøm	кассир	noun	default		standard	кассир
ygəf	награда за службу	noun	default		standard	награда за службу
yh	таким образом (вводное слово)	noun	default		standard	таким образом (вводное слово|таким образом (вводное выражение|таким образом (вводное лексема
yhaś	гора	noun	default		standard	гора
yhin	треск костра	noun	default		standard	треск костра
yhub	дракон легендарный стерегущий	noun	default		standard	дракон легендарный стерегущий
yhupæ	головка чеснока	noun	default		standard	головка чеснока
yhyd	смешанная экономика	adjective	heuristic		standard	смешанная экономика
yhæf	берёза	noun	default		standard	береза
yhøf	сносить ворота	verb	heuristic		standard	сносить ворота
yhøj	обходной пост	adjective	heuristic		standard	обходной пост
yjer	дефектолог	noun	default		standard	дефектолог
yjev	фитиль лампады	noun	default		standard	фитиль лампады
yjod	дождь проливной	noun	default		standard	дождь проливной
yjov	сталактит	noun	default		standard	сталактит
yjæj	электростанция тепловая	noun	default		standard	электростанция тепловая
ykac	температура физическая	noun	default		standard	температура физическая
ykat	центр фигуры	noun	default		standard	центр фигуры|сердцевина фигуры|середина фигуры
ykih	венок из полевых цветов	noun	default		standard	венок из полевых цветов
ykiv	лук охотничий тугой	noun	default		standard	лук охотничий тугой
ykyl	цепная передача	adjective	heuristic		standard	цепная передача
ykøn	текст исторический	noun	default		standard	текст исторический|запись исторический|письмо исторический
ykør	жаворонок	noun	default		standard	жаворонок
ykøt	душа	noun	default		standard	душа
ylam	аэродром подскока	noun	default		standard	аэродром подскока
ylid	ложка столовая	noun	default		standard	ложка столовая
ylim	торговое соглашение	adjective	heuristic		standard	торговое соглашение
ylok	солнечный храм	adjective	heuristic		standard	солнечный храм
ylæs	алтарь	noun	default		standard	алтарь
yløh	похлёбка	noun	default		standard	похлебка
ymac	оценщик товара	noun	default		standard	оценщик товара
ymez	манеж детский	noun	default		standard	манеж детский
ymug	антенна телевизионная домовая	noun	default		standard	антенна телевизионная домовая
ymæt	танкодесантная группа	adjective	heuristic		standard	танкодесантная группа
ynaz	самообман	noun	default		standard	самообман
yneź	ушиб	noun	default		standard	ушиб
yniv	обменный пункт	adjective	heuristic		standard	обменный пункт
yniz	садовод	noun	default		standard	садовод
ynoc	молитва на рассвете	noun	default		standard	молитва на рассвете
ynog	стон	noun	default		standard	стон
ynot	цеп молотильный	noun	default		standard	цеп молотильный
ynyk	наставник духовный	noun	default		standard	наставник духовный
ynæj	капуста белокочанная	noun	default		standard	капуста белокочанная
ynæk	шлем	noun	default		standard	шлем
ynæv	оппозиция парламентская	noun	default		standard	оппозиция парламентская
ynən	они	pronoun	rule		standard	они
ypan	дровник крытый	noun	default		standard	дровник крытый
yped	разведгруппа	noun	default		standard	разведгруппа
ypil	неодобрение	adjective	heuristic		standard	неодобрение
ypota	самогонный аппарат	adjective	heuristic		standard	самогонный аппарат
ypyg	девушка	noun	default		standard	девушка
ypəz	метеозонд	noun	default		standard	метеозонд
yreb	недостача	noun	default		standard	недостача
yric	текст рекламный	noun	default		standard	текст рекламный|запись рекламный|письмо рекламный
yrin	светлый	adjective	heuristic		standard	светлый
yrub	текст разговорный	noun	default		standard	текст разговорный|запись разговорный|письмо разговорный
yrym	новая одежда	adjective	heuristic		standard	новая одежда|недавняя одежда|свежяя одежда
yryr	запах пряностей	noun	default		standard	запах пряностей
ysar	деблокирующий удар	adjective	heuristic		standard	деблокирующий удар
ysof	паштет	noun	default		standard	паштет
ysæz	таможенный склад временного хранения	adjective	heuristic		standard	таможенный склад временного хранения
ysəd	глаз	noun	default		standard	глаз|глазище|око
ytok	бриз морской	noun	default		standard	бриз морской
yton	вотум недоверия	noun	default		standard	вотум недоверия
ytoź	наёмник	noun	default		standard	наемник
ytæf	побег молодой	noun	default		standard	побег молодой|побег нестарый|побег юный
ytəg	антилопа	noun	default		standard	антилопа
ytəp	шланг поливочный	noun	default		standard	шланг поливочный
yvaj	премьер-министр	noun	default		standard	премьер-министр
yvaź	парник	noun	default		standard	парник
yvon	клумба цветочная	noun	default		standard	клумба цветочная
yvut	не частица	noun	default		standard	не частица
yvyb	светлячок	noun	default		standard	светлячок
yvəb	обещание твёрдое	adjective	heuristic		standard	обещание твердое|обещание жесткее|обещание крепкее
yvəs	заимствованное слово	adjective	heuristic		standard	заимствованное слово|заимствованное выражение|заимствованное лексема
yzab	загон для скота	noun	default		standard	загон для скота
yziv	верёвка альпинистская	noun	default		standard	веревка альпинистская
yzon	инкрустация	noun	default		standard	инкрустация
yzøc	яблоня	noun	default		standard	яблоня
yśaś	выделка кожи	noun	default		standard	выделка кожи
yśeb	солод	noun	default		standard	солод
yśyc	однотонный (прилагательное)	adjective	heuristic		standard	однотонный
yśøn	позывной	adjective	heuristic		standard	позывной
yśəd	годовщина революции	noun	default		standard	годовщина революции
yśət	палуба	noun	default		standard	палуба
yźih	беспородный кот	adjective	heuristic		standard	беспородный кот
yźus	единство	noun	default		standard	единство
yźæh	порода овец мясная	noun	default		standard	порода овец мясная
yźəf	колючка	noun	default		standard	колючка
yźəv	мякина	noun	default		standard	мякина
za	за (предлог позади)	noun	default		standard	за (предлог позади
zab	урчать от голода	verb	heuristic		standard	урчать от голода
zabanit	забанить, запретить доступ	verb	heuristic		colloquial	забанить|запретить доступ
zabast	забастовка	noun	default		standard	забастовка
zabere	заберег	noun	default		standard	заберег
zabeźat	забежать, ненадолго зайти	verb	heuristic		colloquial	забежать|ненадолго зайти
zabit	забить, перестать заниматься	verb	heuristic		colloquial	забить|перестать заниматься
zabluź	заблуждение	adjective	heuristic	ahəc	standard	заблуждение
zaboź	голубятня	noun	default	golubj	standard	голубятня
zabrzd	заброшенное здание историческое	adjective	heuristic		standard	заброшенное здание историческое|заброшенное постройка историческое|заброшенное строение историческое
zabrśa	заброшенная шахта	adjective	heuristic		standard	заброшенная шахта
zabv	забвение	adjective	heuristic		standard	забвение
zaceni	зацени, посмотри или оцени	noun	default		colloquial	зацени|оцени|посмотри
zacenit	заценить, оценить	verb	heuristic		colloquial	заценить|оценить
zacjə	панельный дом	adjective	heuristic		standard	панельный дом|панельный жилище|панельный жилье|панельный обиталище
zad	варка на медленном огне	noun	default		standard	варка на медленном огне|варка на медлительном огне|варка на неторопливом огне
zadead	задержание административное	adjective	heuristic		standard	задержание административное
zadij	жёрнов ручной	noun	default		standard	жернов ручной
zadn	задний	adjective	heuristic		standard	задний
zadolbal	задолбал, сильно надоел	noun	default		colloquial	задолбал|сильно надоел|крайне надоел|очень надоел|чрезвычайно надоел
zadonatit	задонатить, отправить донат	verb	heuristic		colloquial	задонатить|отправить донат
zadrot	задрот, человек чрезмерно увлечённый занятием	noun	default		colloquial	задрот|человек чрезмерно увлеченный занятием|индивид чрезмерно увлеченный занятием|личность чрезмерно увлеченный занятием|персона чрезмерно увлеченный занятием
zadviź	задвижка	noun	default		standard	задвижка
zaebal	заебал (мат, выражение крайнего раздражения)	noun	default		colloquial	выражение крайнего раздражения|заебал (мат|выражение последнего раздражения|выражение финального раздражения|лексема крайнего раздражения|слово крайнего раздражения
zaebalo	заебало (мат, всё окончательно надоело)	noun	default		colloquial	все окончательно надоело|заебало (мат|полностью окончательно надоело|целое окончательно надоело
zaebis	заебись (мат, очень хорошо)	noun	default		colloquial	заебись (мат|очень хорошо
zaf	переулок тихий	noun	default		standard	переулок тихий
zafludit	зафлудить, заполнить чат сообщениями	verb	heuristic		colloquial	заполнить чат сообщениями|зафлудить
zafø	вертишейка	noun	default		standard	вертишейка
zag	святая реликвия	adjective	heuristic		standard	святая реликвия
zagab	полоскание	adjective	heuristic		standard	полоскание
zagade	загадка детская	noun	default		standard	загадка детская
zagadk	загадка	noun	default		standard	загадка
zagado	загадочный	adjective	heuristic	śədny	standard	загадочный
zagasf	загадка сфинкса	noun	default		standard	загадка сфинкса
zagca	садоводство	noun	default		standard	садоводство
zagob	коготь	verb	heuristic	kog	standard	коготь
zagoor	заговорённое оружие	adjective	heuristic		standard	заговоренное оружие|заговоренное вооружение|заговоренное ствол
zagrad	заградотряд	noun	default	tən	standard	заградотряд
zagruz	загрузчик	noun	default		standard	загрузчик
zaguglit	загуглить, найти в интернете	verb	heuristic		colloquial	загуглить|найти в интернете
zahid	закат	noun	default	køźih	standard	закат
zahin	отряд	noun	default	vuzus	standard	отряд
zahmby	захмелеть быстро	verb	heuristic		standard	захмелеть быстро|захмелеть скорее|захмелеть стремительно
zahuel	захуел (мат, перешёл границы)	noun	default		colloquial	захуел (мат|перешел границы
zahæ	овсяница	noun	default		standard	овсяница
zajaof	заявление официальное	adjective	heuristic		standard	заявление официальное
zajats	заяц	noun	default		standard	заяц
zaje	озонометр	noun	default		standard	озонометр
zajom	заём	noun	default		standard	заем
zajpæ	половина часа	noun	default		standard	половина часа
zak	гамак туристический	noun	default		standard	гамак туристический
zakale	закалённое лезвие	adjective	heuristic		standard	закаленное лезвие
zakape	закалочная печь	adjective	heuristic		standard	закалочная печь
zakasø	заканчивать песню	verb	heuristic		standard	заканчивать песню|завершать песню|кончать песню
zakaza	закатное зарево	adjective	heuristic		standard	закатное зарево
zakazt	заказчик	noun	default		standard	заказчик
zakinut	закинуть, отправить или добавить	verb	heuristic		colloquial	добавить|закинуть|отправить
zakldu	заклинатель духов	noun	default		standard	заклинатель духов
zaklep	заклепочник	noun	default		standard	заклепочник
zaklin	заклинание	adjective	heuristic	øvif	standard	заклинание
zaklis	заклинание исцеления	adjective	heuristic		standard	заклинание исцеления
zaklja	заклятие	adjective	heuristic		standard	заклятие
zakljo	заклёпка	noun	default		standard	заклепка
zaklpr	заклинание призыва	adjective	heuristic		standard	заклинание призыва
zaklza	заклятие защитное	adjective	heuristic		standard	заклятие защитное
zakon	закон	noun	default	byf	standard	закон|норма|правило
zakono	закономерность	verb	heuristic		standard	закономерность
zakrom	закром	noun	default		standard	закром
zakuho	закуска холодная	noun	default		standard	закуска холодная|закуска прохладная|закуска студеная
zakup	закуп	noun	default		standard	закуп
zakupo	закусывать после рюмки	verb	heuristic		standard	закусывать после рюмки
zakut	закут	noun	default		standard	закут
zakuvy	закуска к выпивке	noun	default		standard	закуска к выпивке
zakvas	закваска	noun	default		standard	закваска
zalagat	залагать, начать работать с задержками	verb	heuristic		colloquial	залагать|начать работать с задержками|начать заниматься работой с задержками|начать трудиться с задержками
zalbi	реплика	noun	default		standard	реплика
zalet	полнолуние	adjective	heuristic	polnol	standard	полнолуние
zaligl	залив глубокий	noun	default		standard	залив глубокий
zalipat	залипать, долго смотреть или заниматься чем-то	verb	heuristic		colloquial	долго смотреть|залипать|заниматься чем-то|долго взирать|долго видеть|долго глядеть|долго замечать|долго наблюдать|долго отслеживать|долго посматривать|долго следить|долго увидеть
zalipnut	залипнуть, надолго увлечься	verb	heuristic		colloquial	залипнуть|надолго увлечься
zalit	залить, загрузить файл	verb	heuristic		colloquial	загрузить файл|залить
zalivn	заливное	adjective	heuristic	hibyn	standard	заливное
zaloob	залоговое обязательство	adjective	heuristic		standard	залоговое обязательство
zaloźi	зал ожидания	noun	default		standard	зал ожидания
zalpa	долговременная огневая точка	adjective	heuristic		standard	долговременная огневая точка|долговременная огневая локация|долговременная огневая место
zam	трапеция	noun	default		standard	трапеция
zamaed	заманивать едой	verb	heuristic		standard	заманивать едой
zamiok	замиокулькас	noun	default		standard	замиокулькас
zamiz	иллюзия	noun	default		standard	иллюзия
zamkha	замкнутость характера	verb	heuristic		standard	замкнутость характера
zamora	заморозки ранние	noun	default		standard	заморозки ранние
zamoto	заморский товар	adjective	heuristic		standard	заморский товар|заморский изделие|заморский продукт
zamove	замок велосипедный	noun	default		standard	замок велосипедный
zamutit	замутить, сделать или организовать	verb	heuristic		colloquial	замутить|организовать|сделать
zamyka	замыкание (функция с сохраненным окружением)	adjective	heuristic		standard	замыкание (функция с сохраненным окружением
zan	очистные сооружения	adjective	heuristic		standard	очистные сооружения
zanaok	занавеска оконная	noun	default		standard	занавеска оконная
zanast	занавес сцены	noun	default		standard	занавес сцены
zandər	зандр	noun	default		standard	зандр
zanjis	занятие исходных позиций	adjective	heuristic		standard	занятие исходных позиций|дело исходных позиций|работа исходных позиций|труд исходных позиций
zanost	заносчивость	verb	heuristic		standard	заносчивость
zanuda	зануда	noun	default		colloquial	зануда
zanśə	аккордеон	noun	default		standard	аккордеон
zap	индивидуальная экскурсия	adjective	heuristic		standard	индивидуальная экскурсия
zapady	запах дыма	noun	default		standard	запах дыма
zapah	запах	noun	default		standard	запах
zapahv	запах хвои	noun	default		standard	запах хвои
zapalit	запалить, заметить	verb	heuristic		colloquial	заметить|запалить
zapamo	запах моря	noun	default		standard	запах моря
zapas	запас	noun	default		standard	запас
zapast	запах старых книг	noun	default		standard	запах старых книг
zapasy	запах сырости	noun	default		standard	запах сырости
zapats	запах цветов	noun	default		standard	запах цветов
zapave	западный ветер	adjective	heuristic		standard	западный ветер
zapepe	запекать в печи	verb	heuristic		standard	запекать в печи
zapfa	приручённое животное	adjective	heuristic		standard	прирученное животное
zapgø	эликсир	noun	default		standard	эликсир
zapipl	запись на плёнку	noun	default		standard	запись на пленку|письмо на пленку|текст на пленку
zaplat	заплата	noun	default		standard	заплата
zaples	заплеск	noun	default		standard	заплеск
zapostit	запостить, опубликовать	verb	heuristic		colloquial	запостить|опубликовать
zaprzn	запретное знание	adjective	heuristic		standard	запретное знание|запретное информация|запретное сведение
zapyta	вопрос	noun	default	tødzi	standard	вопрос|вопросительное обращение|запрос
zar	прополка	noun	default		standard	прополка
zareportit	зарепортить, пожаловаться	verb	heuristic		colloquial	зарепортить|пожаловаться
zarjus	зарядное устройство	adjective	heuristic		standard	зарядное устройство|зарядное система|зарядное структура
zarnit	зарница	noun	default		standard	зарница
zas	батарея	noun	default		standard	батарея
zasad	засада	noun	default	śuź	standard	засада
zasam	заезжий дом	adjective	heuristic		standard	заезжий дом|заезжий жилище|заезжий жилье|заезжий обиталище
zasapo	засадный полк	adjective	heuristic		standard	засадный полк
zasetś	засечка	noun	default		standard	засечка
zasev	засев	noun	default		standard	засев
zaskotśit	заскочить, ненадолго зайти	verb	heuristic		colloquial	заскочить|ненадолго зайти
zasopo	засоленность почвы	verb	heuristic		standard	засоленность почвы
zaspamit	заспамить, заполнить спамом	verb	heuristic		colloquial	заполнить спамом|заспамить
zasrat	засрать (грубо: испачкать или захламить)	verb	heuristic		colloquial	засрать (грубо: испачкать|захламить
zastav	застава	noun	default		standard	застава
zastde	застолье деревенское	noun	default		standard	застолье деревенское
zasteźk	застежка	noun	default	zastjo	standard	застежка
zastjo	застёжка	noun	default		standard	застежка
zastmo	застёжка-молния	noun	default		standard	застежка-молния
zastpe	застольная песня	adjective	heuristic		standard	застольная песня|застольная композиция|застольная трек
zasuze	засушливая земля	adjective	heuristic		standard	засушливая земля|засушливая грунт|засушливая почва
zasø	свиная грудинка	adjective	heuristic		standard	свиная грудинка
zat	из-за (предлог причины)	noun	default		standard	из-за (предлог причины
zatakt	затакт	noun	default		standard	затакт
zate	ластик	noun	default	lastik	standard	ластик
zatmpr	затмение как предвестие	adjective	heuristic		standard	затмение как предвестие|затмение каким образом предвестие|затмение каким способом предвестие
zatokl	заточка клинка	noun	default		standard	заточка клинка
zatoso	затонувшее сокровище	adjective	heuristic		standard	затонувшее сокровище
zatupit	затупить, на время перестать соображать	verb	heuristic		colloquial	затупить|на время перестать соображать|на период перестать соображать|на срок перестать соображать
zatvor	затвор (управляющий электрод транзистора)	noun	default		standard	затвор (управляющий электрод транзистора
zatśkl	зачарованный клинок	adjective	heuristic		standard	зачарованный клинок
zautju	заутюживание	adjective	heuristic		standard	заутюживание
zav	вентилятор промышленный	noun	default		standard	вентилятор промышленный
zava	звать	verb	heuristic		standard	звать
zavfy	заморозки поздние	noun	default		standard	заморозки поздние
zavisat	зависать, долго проводить время где-то	verb	heuristic		colloquial	долго проводить время где-то|зависать|долго проводить период где-то|долго проводить срок где-то
zavisnut	зависнуть, перестать отвечать	verb	heuristic		colloquial	зависнуть|перестать отвечать
zavod	завод	noun	default		standard	завод
zavutś	завуч	noun	default		standard	завуч
zazdəri	зависть	verb	heuristic	labyg	standard	зависть
zazyja	зазывала на ярмарке	noun	default		standard	зазывала на ярмарке
zaśa	дружный	adjective	heuristic	druźn	standard	дружный
zaśibi	зашибись (восторг грубоватый)	noun	default		colloquial	зашибись (восторг грубоватый
zaśid	голец	noun	default		standard	голец
zaśidi	защита диплома	noun	default		standard	защита диплома
zaśika	зашифрованная карта	adjective	heuristic		standard	зашифрованная карта
zaśitn	защитник	noun	default		standard	защитник
zaśtəśi	защитник	noun	default	zaśitn	standard	защитник
zaź	встречное течение	adjective	heuristic		standard	встречное течение
zaźig	зажигать	verb	explicit		standard	зажигать
zaźor	зажор	noun	default		standard	зажор
zdanae	здание аэропорта терминал	adjective	heuristic		standard	здание аэропорта терминал|постройка аэропорта терминал|строение аэропорта терминал
zdanar	здание арсенала	adjective	heuristic		standard	здание арсенала|постройка арсенала|строение арсенала
zdanfi	здание филармонии	adjective	heuristic		standard	здание филармонии|постройка филармонии|строение филармонии
zdanka	здание казармы	adjective	heuristic		standard	здание казармы|постройка казармы|строение казармы
zdantj	здание тюрьмы	adjective	heuristic		standard	здание тюрьмы|постройка тюрьмы|строение тюрьмы
zdants	здание цирка стационарного	adjective	heuristic		standard	здание цирка стационарного|постройка цирка стационарного|строение цирка стационарного
zdanun	здание университета главное	adjective	heuristic		standard	здание университета главное|здание университета ведущее|здание университета ключевое|здание университета основное|постройка университета главное|строение университета главное
zdanvo	здание вокзала	adjective	heuristic		standard	здание вокзала|постройка вокзала|строение вокзала
zdorov	здоровый (прилагательное)	adjective	heuristic		standard	здоровый
zdravi	здравица	noun	default		standard	здравица
zeb	синоним	noun	default		standard	синоним
zedeź	горные земли	adjective	heuristic		standard	горные земли
zedmy	нарты	noun	default		standard	нарты
zefira	зефирантес	noun	default		standard	зефирантес
zegøp	костюм сценический	noun	default		standard	костюм сценический
zegə	интернет	noun	default	internet	standard	интернет
zehbu	швы послеоперационные	noun	default		standard	швы послеоперационные
zehfæ	вязкий (прилагательное)	adjective	heuristic		standard	вязкий
zejed	полубак	noun	default		standard	полубак
zekhy	солнечное затмение полное	adjective	heuristic		standard	солнечное затмение полное|солнечное затмение наполненное|солнечное затмение целое
zekol	избирательный округ	adjective	heuristic		standard	избирательный округ
zel	домашнее задание	adjective	heuristic		standard	домашнее задание
zelen	зелёный	adjective	heuristic		standard	зеленый
zelesv	зелень свежая	noun	default		standard	зелень свежая
zeljlu	зелёный луч на закате	adjective	heuristic		standard	зеленый луч на закате
zelæm	достопримечательность городская	verb	heuristic		standard	достопримечательность городская
zemab	ханжа	noun	default		standard	ханжа
zemlet	землетрясение	adjective	heuristic		standard	землетрясение
zemlre	землетрясение регистрация	adjective	heuristic		standard	землетрясение регистрация
zemlva	земляной вал	adjective	heuristic		standard	земляной вал
zemsna	земский начальник	adjective	heuristic		standard	земский начальник
zemsvr	земский врач	adjective	heuristic		standard	земский врач
zemtə	свадьба	noun	default		standard	свадьба
zemvo	издание книги	adjective	heuristic		standard	издание книги|книга книги|том книги
zepi	фотосфера	noun	default		standard	фотосфера
zereb	пастух	noun	default		standard	пастух
zerkna	зеркало настенное	noun	default		standard	зеркало настенное
zern	зерно	noun	default		standard	зерно
zernoh	зернохранилище	noun	default		standard	зернохранилище
zerov	визовый режим	adjective	heuristic		standard	визовый режим
zesjo	укроп	noun	default		standard	укроп
zessə	сборная команда	adjective	heuristic		standard	сборная команда
zesu	комедия	noun	default	komedi	standard	комедия
zet	благословенный предмет	adjective	heuristic		standard	благословенный предмет|благословенный вещь|благословенный объект|благословенный штука
zeto	каракатица	noun	default		standard	каракатица
zevøl	интервью	noun	default	faf	standard	интервью
zez	праздник	noun	default		standard	праздник
zezdy	наковальня кузнечная	noun	default		standard	наковальня кузнечная
zezæc	парашют	noun	default		standard	парашют
zhæsi	повторять припев	verb	heuristic		standard	повторять припев
zic	среда день недели	noun	default		standard	среда день недели|среда дневное время недели|среда сутки недели
zid	шелкопряд тутовый	noun	default		standard	шелкопряд тутовый
zidag	термообработка	noun	default		standard	термообработка
zidhe	переворот	noun	default		standard	переворот
ziføg	угли	noun	default	ugli	standard	угли
zifśa	в прошлом году	noun	default		standard	в прошлом году
zigot	зигота	noun	default		standard	зигота
zigyg	электровеник	noun	default		standard	электровеник
zigyś	субботник	noun	default		standard	субботник
zigæl	наркоз	noun	default	narkoz	standard	наркоз
zihoz	военкомат	noun	default		standard	военкомат
zij	древний	adjective	heuristic		standard	древний
zijəm	смотровая площадка	adjective	heuristic		standard	смотровая площадка
zikfy	престолонаследие	adjective	heuristic		standard	престолонаследие
ziki	триангуляция (разбиение на треугольники)	noun	default		standard	триангуляция (разбиение на треугольники
zikyk	страховка альпинистская	noun	default		standard	страховка альпинистская
zikze	торговец рыбой на рынке	noun	default		standard	торговец рыбой на рынке
zikźæ	сгущённое молоко	adjective	heuristic		standard	сгущенное молоко
zile	сырть	verb	heuristic		standard	сырть
zilyf	хобби рукоделие	noun	default		standard	хобби рукоделие
zimlə	отвлекающий манёвр военный	adjective	heuristic		standard	отвлекающий маневр военный
zimnp	зимний покой растения	adjective	heuristic		standard	зимний покой растения
zimnpo	зимний покой природы	adjective	heuristic		standard	зимний покой природы
zimnvj	зимняя вьюга	adjective	heuristic		standard	зимняя вьюга
zimod	формовка	noun	default	formov	standard	формовка
zimom	соль	noun	default		standard	соль
zimuź	перпендикулярные линии	adjective	heuristic		standard	перпендикулярные линии
zimvø	минирование фарватера	adjective	heuristic		standard	минирование фарватера
zinyts	зрачок	noun	default	mæm	standard	зрачок
zip	швартовка	noun	default		standard	швартовка
zipcə	кривая линия	adjective	heuristic		standard	кривая линия
ziplə	стадион	noun	default		standard	стадион
zipol	октябрь	noun	default	oktjab	standard	октябрь
zipøs	портфель школьный	noun	default		standard	портфель школьный
zira	диптанк	noun	default		standard	диптанк
zirak	каравай	noun	default	karav	standard	каравай
zirym	вибрант	noun	default		standard	вибрант
zisru	искупление	adjective	heuristic		standard	искупление
zite	равенство	noun	default	ravens	standard	равенство
zivbə	сверчок	noun	default		standard	сверчок
zivə	многообразие	adjective	heuristic		standard	многообразие
zizəg	силовой тренажёр	adjective	heuristic		standard	силовой тренажер
zjat	зять	verb	heuristic		standard	зять
zlagaź	панир	noun	default		standard	панир
zlanoź	промтовары	noun	default	śeduź	standard	промтовары
zlatog	златоглазка	noun	default		standard	златоглазка
zlepol	карниз	noun	default		standard	карниз
zlifir	кудрявый	adjective	heuristic	kudrja	standard	кудрявый
zlireś	жажда	noun	default	esys	standard	жажда
zlisa	кернер	noun	default		standard	кернер
zloj	злой	adjective	heuristic		standard	злой
zlojdu	злой дух	adjective	heuristic		standard	злой дух|недобрый дух|плохой дух
zlovgn	зловоние гнили	adjective	heuristic		standard	зловоние гнили
zlovin	ришелье	noun	default		standard	ришелье
zlośən	ерунок	noun	default		standard	ерунок
zlunet	триатлон	noun	default	triatl	standard	триатлон
zluvol	перкаль	noun	default		standard	перкаль
zly	злиться	verb	heuristic	nus	standard	злиться
zlysyt	лаг (судовой прибор измерения скорости)	noun	default		standard	лаг (судовой прибор измерения скорости
zlæfer	сорбит (сахарный спирт)	noun	default		standard	сорбит (сахарный спирт
zløsəh	суперъячейка	noun	default		standard	суперъячейка
zləki	ризография	noun	default		standard	ризография
zləkib	редис	noun	default	redis	standard	редис
zmahan	соревнование	adjective	heuristic	sorevn	standard	соревнование
zna	знать	verb	heuristic	røg	standard	знать|быть в курсе|ведать
znah	находить	verb	heuristic	nahod	standard	находить|обнаруживать|отыскивать
znahar	знахарь	noun	default		standard	знахарь
znahśj	знахарский шёпот	adjective	heuristic		standard	знахарский шепот
znajka	знайка, человек который всё знает	noun	default		colloquial	знайка|человек который все знает|индивид который все знает|личность который все знает|персона который все знает|человек который полностью знает|человек который целое знает
znak	знак	noun	default		standard	знак
znakot	знак отличия	noun	default		standard	знак отличия
znamba	знамя над башней	noun	default		standard	знамя над башней
zname	знаменосец	noun	default	kimav	standard	знаменосец
znamen	знамение	adjective	heuristic	əryk	standard	знамение
znamgo	знамя государственное	noun	default		standard	знамя государственное
znampo	знамя полковое	noun	default		standard	знамя полковое
znann	знание	adjective	heuristic	vøsho	standard	знание|информация|сведение
znatok	значок октябрёнка	noun	default		standard	значок октябренка
znatśi	значит (слово-паразит)	noun	default		colloquial	значит (слово-паразит
znoj	зной	adjective	heuristic	baź	standard	зной
zobkæ	объятие	adjective	heuristic		standard	объятие
zodko	повозка	noun	default		standard	повозка
zodæd	племя земледельцев	noun	default		standard	племя земледельцев
zof	сидеть	verb	heuristic		standard	сидеть|находиться сидя
zofa	бурундук	noun	default		standard	бурундук
zofym	монотипия	noun	default		standard	монотипия
zogpə	мочевой пузырь	adjective	heuristic		standard	мочевой пузырь
zoguź	папайя	noun	default		standard	папайя
zoj	государственная монополия	adjective	heuristic		standard	государственная монополия
zojbæ	блюдце	noun	default		standard	блюдце
zokźu	волокита канцелярская	noun	default		standard	волокита канцелярская
zolaot	зола очага	noun	default		standard	зола очага
zolobl	золотое блюдо	adjective	heuristic		standard	золотое блюдо
zolosv	золотая свадьба	adjective	heuristic		standard	золотая свадьба
zom	хутор	noun	default		standard	хутор
zoməz	менять	verb	heuristic	səv	standard	менять|заменять|изменять
zonøp	мультиплексор	noun	default		standard	мультиплексор
zoolog	зоолог	noun	default		standard	зоолог
zoomag	зоомагазин	noun	default		standard	зоомагазин
zooteh	зоотехник	noun	default		standard	зоотехник
zophe	пересадочный узел метро	adjective	heuristic		standard	пересадочный узел метро
zopuś	сжиматься	verb	explicit		standard	сжиматься
zor	сон	noun	default		standard	сон
zoreva	светлеть на рассвете	verb	heuristic		standard	светлеть на рассвете
zorja	звезда	noun	default	etæd	standard	звезда
zorjanin	носитель зорьского языка, зорянин	noun	default		standard	зорянин|носитель зорьского языка
zorjanka	зорянка	noun	default		standard	зорянка
zornik	утренний дежурный, встречающий рассвет	adjective	heuristic		standard	встречающий рассвет|утренний дежурный
zorsk	зорьский	adjective	heuristic		standard	зорьский
zosty	буферное государство	adjective	heuristic		standard	буферное государство|буферное держава|буферное страна
zosəb	клеймо	noun	default		standard	клеймо
zotam	дебуккализация	noun	default		standard	дебуккализация
zotij	барабан пионерский	noun	default		standard	барабан пионерский
zovto	скромный (прилагательное)	adjective	heuristic		standard	скромный
zovu	электрон	noun	default		standard	электрон
zozaf	кража	noun	default		standard	кража
zośyt	тетрадь	noun	default	tetrad	standard	тетрадь
zrad	предательство	noun	default	śec	standard	предательство
zrelos	зрелость	verb	heuristic		standard	зрелость
zrost	расти	verb	heuristic	røv	standard	расти
zubnpr	зубной протез	adjective	heuristic		standard	зубной протез
zubśjo	зубная щётка	adjective	heuristic		standard	зубная щетка
zudsi	пенал	noun	default		standard	пенал
zudus	таять	verb	heuristic	mæj	standard	таять
zudøz	тираж газеты	noun	default		standard	тираж газеты
zuek	зуек	noun	default		standard	зуек
zug	пуговичная петля	adjective	heuristic		standard	пуговичная петля
zughi	наследство	noun	default		standard	наследство
zuhfi	обмен послами	noun	default		standard	обмен послами
zuj	бодать рылом	verb	heuristic		standard	бодать рылом
zuko	горбыль	noun	default		standard	горбыль
zukut	деловая поездка	adjective	heuristic		standard	деловая поездка
zul	гости свадебные	verb	heuristic		standard	гости свадебные
zuli	астролябия	noun	default	astrol	standard	астролябия
zuləp	солончак	noun	default		standard	солончак
zunil	гонка вооружений	noun	default		standard	гонка вооружений
zunog	рыбацкая артель	adjective	heuristic		standard	рыбацкая артель
zupuf	заботливый	adjective	heuristic	bøpuś	standard	заботливый
zusiś	ингибитор	noun	default		standard	ингибитор
zustəri	встреча	noun	default	źæj	standard	встреча
zutiź	соединять	verb	explicit		standard	соединять
zuvla	маркетинг	noun	default		standard	маркетинг
zuz	ложиться	verb	explicit		standard	ложиться
zuzøk	ключ скрипичный	noun	default		standard	ключ скрипичный
zuś	сварочный аппарат	adjective	heuristic		standard	сварочный аппарат
zuźej	котёл окружённых	noun	default		standard	котел окруженных
zuźu	гематокрит	noun	default		standard	гематокрит
zuźve	центр строя	noun	default		standard	центр строя|сердцевина строя|середина строя
zuźæś	маржинальность	verb	heuristic		standard	маржинальность
zvatpo	звать на помощь	verb	heuristic		standard	звать на помощь
zver	зверь	noun	default		standard	зверь
zvezd	звездопад	noun	default	əbuv	standard	звездопад
zvezdo	звездочёт	noun	default		standard	звездочет
zvezdr	звездочёт древний	noun	default		standard	звездочет древний|звездочет ветхий|звездочет старый
zvezne	звезда неподвижная	noun	default		standard	звезда неподвижная|светило неподвижная
zvistək	весть	verb	heuristic	æhæś	standard	весть
zvjodo	звёздный дождь	adjective	heuristic		standard	звездный дождь
zvjone	звёздное небо	adjective	heuristic		standard	звездное небо|звездное небеса|звездное небосвод
zvjono	звёздная ночь	adjective	heuristic		standard	звездная ночь|звездная ночное время|звездная темное время суток
zvjopo	звёздочка на погонах	noun	default		standard	звездочка на погонах
zvonor	звон оружия	noun	default		standard	звон оружия
zvukka	звук капели	noun	default		standard	звук капели
zvytś	обычай	noun	default	obytśa	standard	обычай
zybho	фехтование	adjective	heuristic		standard	фехтование
zybtu	рыбный магазин	adjective	heuristic		standard	рыбный магазин|рыбный лавка|рыбный торговая точка
zycri	очаг домашний	noun	default		standard	очаг домашний
zycuś	признаваться	verb	explicit		standard	признаваться
zyd	подвоз продовольствия фронтовой	noun	default		standard	подвоз продовольствия фронтовой
zydæś	одуванчик	noun	default	ræpro	standard	одуванчик
zyf	побеждать	verb	explicit		standard	побеждать|выигрывать|одерживать победу
zyfef	лайвлок	noun	default		standard	лайвлок
zyfrə	сенатор	noun	default		standard	сенатор
zyga	свилеватость	verb	heuristic		standard	свилеватость
zygyz	полугодие	adjective	heuristic		standard	полугодие
zyjøz	прищуриваться	verb	explicit		standard	прищуриваться
zykaś	прямое следствие	adjective	heuristic		standard	прямое следствие
zykə	табу	noun	default	tabu	standard	табу
zyma	зима	noun	default	lukyl	standard	зима
zypej	явная причина	adjective	heuristic		standard	явная причина|явная основание|явная повод
zyrab	жилой квартал	adjective	heuristic		standard	жилой квартал
zysim	просо	noun	default		standard	просо
zysøś	осадное положение	adjective	heuristic		standard	осадное положение
zytəc	фотоателье	noun	default		standard	фотоателье
zyv	наждачная бумага	adjective	heuristic		standard	наждачная бумага
zyz	сельская ярмарка	adjective	heuristic		standard	сельская ярмарка
zyśe	шпинель	noun	default		standard	шпинель
zyśo	экстраполяция	noun	default		standard	экстраполяция
zyśuź	зверобой	adjective	heuristic		standard	зверобой
zyśə	ветчина домашняя	noun	default		standard	ветчина домашняя
zyźe	бит	noun	default		standard	бит
zyźiv	кислица	noun	default		standard	кислица
zyźnə	солярий	adjective	heuristic		standard	солярий
zzizø	пустая бутылка	adjective	heuristic		standard	пустая бутылка|незаполненная бутылка|порожняя бутылка
zæbyt	плавник	noun	default		standard	плавник
zæc	орденская лента	adjective	heuristic		standard	орденская лента
zæd	кошка	noun	default		standard	кошка
zædoź	гончарный круг	adjective	heuristic		standard	гончарный круг
zæf	час икс	noun	default		standard	час икс|час времени икс
zæfəj	погода ясная	noun	default		standard	погода ясная
zægi	гипероним	noun	default		standard	гипероним
zæhsæ	радио	noun	default		standard	радио
zæhub	боронование	adjective	heuristic	boron	standard	боронование
zæhən	нейлон	noun	default		standard	нейлон
zæjig	броня	noun	default		standard	броня
zæjuh	верёвка	noun	default		standard	веревка
zælut	искра	noun	default	iskr	standard	искра
zælyl	микроскоп электронный	noun	default		standard	микроскоп электронный
zæmre	саммит международный	noun	default		standard	саммит международный
zæpyr	патрульная машина	adjective	heuristic		standard	патрульная машина|патрульная авто|патрульная автомобиль|патрульная тачка
zæru	аксон	noun	default		standard	аксон
zæs	берет	noun	default		standard	берет
zæsi	земля	noun	default	keźej	standard	земля
zæt	гром раскатистый	noun	default		standard	гром раскатистый
zætit	глинистый обрыв	adjective	heuristic		standard	глинистый обрыв
zætka	парча	noun	default		standard	парча
zætub	овца	noun	default		standard	овца
zætś	зачем	noun	default		standard	зачем
zæva	нитепритягиватель	noun	default		standard	нитепритягиватель
zæz	волнистая форма	adjective	heuristic		standard	волнистая форма
zæzab	красивый	adjective	heuristic		standard	красивый
zæze	мотыга ручная	noun	default		standard	мотыга ручная
zæś	чудо	noun	default		standard	чудо
zæźti	гарнизонный командир	adjective	heuristic		standard	гарнизонный командир|гарнизонный военный начальник|гарнизонный офицер
zøbəf	желудок	noun	default		standard	желудок
zøc	досмотровое судно	adjective	heuristic		standard	досмотровое судно|досмотровое кораблик|досмотровое корабль
zøcøg	уменьшаться	verb	explicit		standard	уменьшаться
zøf	руна	noun	default		standard	руна
zøfəb	толчея	noun	default		standard	толчея
zøg	грузило	noun	default		standard	грузило
zøgel	кисть	verb	heuristic		standard	кисть
zøgæn	плевать	verb	explicit		standard	плевать
zøgæt	кочерга	noun	default		standard	кочерга
zølnu	молоко	noun	default		standard	молоко
zønoj	трап самолётный	noun	default		standard	трап самолетный
zøp	свинец	noun	default		standard	свинец
zøpiź	кондуктор	noun	default		standard	кондуктор
zøpæn	сокольничий	adjective	heuristic		standard	сокольничий
zøref	хранитель храма	noun	default		standard	хранитель храма
zørni	в этом месяце	noun	default		standard	в этом месяце
zøs	прямоугольник	noun	default		standard	прямоугольник
zøsym	детская кроватка	adjective	heuristic		standard	детская кроватка
zøsæn	тронный зал просторный	adjective	heuristic		standard	тронный зал просторный|тронный зал обширный|тронный зал широкий
zøtog	гололёд	noun	default		standard	гололед
zøtoh	копоть	verb	heuristic		standard	копоть
zøv	овин	noun	default		standard	овин
zøśźø	творческий кризис	adjective	heuristic		standard	творческий кризис
zøśəś	задачник	noun	default		standard	задачник
zøźet	каша молочная	noun	default		standard	каша молочная
zøźoh	варенье	noun	default	varen	standard	варенье
zøźov	воспитанник	noun	default		standard	воспитанник
zə	во-первых (вводное слово)	noun	default		standard	во-первых (вводное слово|во-первых (вводное выражение|во-первых (вводное лексема
zəbol	хорошие манеры	adjective	heuristic		standard	хорошие манеры|благые манеры|добротные манеры|добрые манеры|качественные манеры|отличные манеры
zəc	нос	noun	default		standard	нос
zəcit	хроника	noun	default		standard	хроника
zədcu	хлеб домашний свежий	noun	default		standard	хлеб домашний свежий|булка домашний свежий|хлеб домашний недавний|хлеб домашний новый|хлебный продукт домашний свежий
zədyd	томлёное в печи	adjective	heuristic		standard	томленое в печи
zəfbi	наводнение	adjective	heuristic		standard	наводнение
zəfjø	гражданство	noun	default		standard	гражданство
zəgəf	свеча именинная	noun	default		standard	свеча именинная
zəhid	библиотека	noun	default		standard	библиотека
zəji	воксель	noun	default		standard	воксель
zək	игнорировать	verb	explicit		standard	игнорировать
zəlov	всхлип	noun	default		standard	всхлип
zəpli	оговорка к договору	noun	default		standard	оговорка к договору
zərus	диафрагма	noun	default		standard	диафрагма
zəs	календарь астрономический	noun	default		standard	календарь астрономический
zəseh	зевать	verb	explicit		standard	зевать
zəsæc	угольная печь	adjective	heuristic		standard	угольная печь
zəvty	атмосферный фронт	adjective	heuristic		standard	атмосферный фронт
zəzli	пальма кокосовая	noun	default		standard	пальма кокосовая
zəzśæ	восторг	noun	default		standard	восторг
zəzźu	магнетизм	noun	default		standard	магнетизм
zəśce	учебное полугодие	adjective	heuristic		standard	учебное полугодие
zəśuk	трамвай	noun	default		standard	трамвай
zəź	мышление	adjective	heuristic		standard	мышление
æbav	обложка книги	noun	default		standard	обложка книги
æbon	саламандра	noun	default		standard	саламандра
æbur	закатное небо багровое	adjective	heuristic		standard	закатное небо багровое|закатное небеса багровое|закатное небосвод багровое
æbyś	дружеская ссора	adjective	heuristic		standard	дружеская ссора
æbæn	заслонка печная	noun	default		standard	заслонка печная
æc	весь (квантор)	noun	default		standard	весь
æcif	рыбоводство	noun	default		standard	рыбоводство
æcub	рождество	noun	default		standard	рождество
æcuź	сервиз столовый	noun	default		standard	сервиз столовый
æcøś	икона в окладе	noun	default		standard	икона в окладе
æcəg	воробей	noun	default		standard	воробей
æcəh	утверждать	verb	explicit		standard	утверждать
ædar	куст смородины	noun	default		standard	куст смородины
æder	русло	noun	default		standard	русло
ædop	милосердие	adjective	heuristic		standard	милосердие
ædoz	круг гончарный вращающийся	noun	default		standard	круг гончарный вращающийся
ædud	западные рубежи	adjective	heuristic		standard	западные рубежи
ædyj	атмосферное давление	adjective	heuristic		standard	атмосферное давление
ædys	новобранец	noun	default		standard	новобранец
ædøc	якорь маленький лодочный	noun	default		standard	якорь маленький лодочный|якорь малый лодочный|якорь мелкий лодочный|якорь небольшой лодочный
æf	к счастью (вводное слово)	noun	default		standard	к счастью (вводное слово|к счастью (вводное выражение|к счастью (вводное лексема
æfej	эпос	noun	default		standard	эпос
æfid	звезда падающая	noun	default		standard	звезда падающая|светило падающая
æfuh	ворота дворовые	noun	default		standard	ворота дворовые
æfæd	миф	noun	default		standard	миф
æføb	уязвимость	verb	heuristic		standard	уязвимость
æfək	ипотечный брокер	adjective	heuristic		standard	ипотечный брокер
æfər	ткань атласная	noun	default		standard	ткань атласная
ægiji	фыркать сердито	verb	heuristic		standard	фыркать сердито
ægof	почтовая станция	adjective	heuristic		standard	почтовая станция
ægoj	мостовщик	noun	default		standard	мостовщик
ægok	гибель	noun	default		standard	гибель
æguj	сторожевой пёс	adjective	heuristic		standard	сторожевой пес
æguk	классный журнал	adjective	heuristic		standard	классный журнал
ægøk	отец	noun	default		standard	отец
ægəv	прятать	verb	heuristic		standard	прятать
æhal	причелина резная	noun	default		standard	причелина резная
æhib	палисад	noun	default		standard	палисад
æhoh	лунное гало	adjective	heuristic		standard	лунное гало
æhyr	указка учительская	noun	default		standard	указка учительская
æhæc	сопеть тяжело	verb	heuristic		standard	сопеть тяжело
æhæf	одичавшее животное	adjective	heuristic		standard	одичавшее животное
æhæś	весть	verb	heuristic		standard	весть
æhəd	разделочная доска кухонная	adjective	heuristic		standard	разделочная доска кухонная
æhəg	красивый (прилагательное)	adjective	heuristic		standard	красивый
æhəśø	перегородить дорогу	verb	heuristic		standard	перегородить дорогу
æhəź	герой	adjective	heuristic		standard	герой
æjas	похоронная команда полевая	adjective	heuristic		standard	похоронная команда полевая
æjib	загон	noun	default		standard	загон
æjoś	прядение	adjective	heuristic		standard	прядение
æjuv	маршрутка	noun	default		standard	маршрутка
æjæh	позёмка	noun	default		standard	поземка
æjæn	семя	noun	default		standard	семя
ækac	адвокат	noun	default		standard	адвокат
ækuk	радиоактивность	verb	heuristic		standard	радиоактивность
ækuś	пустыня	noun	default		standard	пустыня
ækyg	лаборатория	noun	default		standard	лаборатория
ækæc	нижний	adjective	heuristic		standard	нижний|внизу|низший
ækəś	туча грозовая	noun	default		standard	туча грозовая
ælac	искать пропавшую обувь	verb	heuristic		standard	искать пропавшую обувь|подыскивать пропавшую обувь|разыскивать пропавшую обувь
ælad	солдат	noun	default		standard	солдат
æles	просьба	noun	default		standard	просьба
æluf	гололедица	noun	default		standard	гололедица
ælæm	координатная ось	adjective	heuristic		standard	координатная ось
æm	а	noun	default		standard	а
æmij	пояс тканый	noun	default		standard	пояс тканый
æmoj	солонка	noun	default		standard	солонка
æmoś	расстрел перед строем	noun	default		standard	расстрел перед строем
æmuf	длинный	adjective	heuristic		standard	длинный|протяженный
æmøk	пчелиный рой	adjective	heuristic		standard	пчелиный рой
æmøm	полоса межевая	noun	default		standard	полоса межевая
ænat	болотистая местность	adjective	heuristic		standard	болотистая местность
ænef	недоверие подспудное	adjective	heuristic		standard	недоверие подспудное
ænuh	власть народная	verb	heuristic		standard	власть народная|правление народная|управление народная
ænæd	полати	verb	heuristic		standard	полати
æpab	разведданные	adjective	heuristic		standard	разведданные
æpeg	вечерняя молитва	adjective	heuristic		standard	вечерняя молитва
æpog	трофейное оружие	adjective	heuristic		standard	трофейное оружие|трофейное вооружение|трофейное ствол
æpov	бурдюк с водой	noun	default		standard	бурдюк с водой
æpøź	спасение экипажа	adjective	heuristic		standard	спасение экипажа
æpəd	ватные диски	adjective	heuristic		standard	ватные диски
ærof	жалюзи вертикальные	noun	default		standard	жалюзи вертикальные
æros	прощение	adjective	heuristic		standard	прощение
æryh	матрос палубный	noun	default		standard	матрос палубный
æryt	причастный оборот	adjective	heuristic		standard	причастный оборот
æræj	шарманщик	noun	default		standard	шарманщик
æræs	шайка банная	noun	default		standard	шайка банная
ærøk	изумруд	noun	default		standard	изумруд
æsavæ	секатор ручной	noun	default		standard	секатор ручной
æsed	бойница узкая стрельчатая	noun	default		standard	бойница узкая стрельчатая
æses	чёрный рынок	adjective	heuristic		standard	черный рынок
æsim	бокал	noun	default		standard	бокал
æsoz	оттепель	noun	default		standard	оттепель
æsoź	лесная тропинка	adjective	heuristic		standard	лесная тропинка
æsuj	священная клятва предков	adjective	heuristic		standard	священная клятва предков
æsyb	смеяться до слез	verb	heuristic		standard	смеяться до слез|усмехаться до слез|хохотать до слез
ætim	горный орёл	adjective	heuristic		standard	горный орел
ætod	капель весенняя звонкая	noun	default		standard	капель весенняя звонкая
ætup	спелая слива	adjective	heuristic		standard	спелая слива
ætur	ключ	noun	default		standard	ключ
ætym	рот	noun	default		standard	рот|пасть|уста
ætəh	переменная величина	adjective	heuristic		standard	переменная величина|переменная габарит|переменная размер
ævar	волос	noun	default		standard	волос
æviv	жалейка	noun	default		standard	жалейка
ævob	баня общественная	noun	default		standard	баня общественная
ævæg	рентген	noun	default		standard	рентген
ævæn	береговое братство	adjective	heuristic		standard	береговое братство
ævøś	эшафот	noun	default		standard	эшафот
æzer	перемирие временное	adjective	heuristic		standard	перемирие временное
æzog	балет	noun	default		standard	балет
æzyb	таможенная пошлина государственная	adjective	heuristic		standard	таможенная пошлина государственная
æzæc	испытание судьбы	adjective	heuristic		standard	испытание судьбы
æzæl	собачья будка	noun	default		standard	собачья будка
æzæś	железный занавес	adjective	heuristic		standard	железный занавес
æzəm	пока союз	noun	default		standard	пока союз
æśen	нарушение договорённости	adjective	heuristic		standard	нарушение договоренности
æśug	растущая луна	adjective	heuristic		standard	растущая луна|растущая месяц|растущая спутник
æśələ	дверной косяк	adjective	heuristic		standard	дверной косяк|дверной ошибка|дверной промах
æźet	телеграфный столб	adjective	heuristic		standard	телеграфный столб
æźyb	портовый базар	adjective	heuristic		standard	портовый базар
æźyv	звание героя	adjective	heuristic		standard	звание героя
æźøk	долина	noun	default		standard	долина
æźøs	пассажир	noun	default		standard	пассажир
æźəj	траурная лента	adjective	heuristic		standard	траурная лента
øbap	артиллерийское орудие	adjective	heuristic		standard	артиллерийское орудие
øbet	голос низкий	noun	default		standard	голос низкий|голос невысокий|голос приземистый
øbev	разбитая кружка	adjective	heuristic		standard	разбитая кружка
øbil	ученик	noun	default		standard	ученик|учащийся|школьник
øboz	темперамент вспыльчивый	noun	default		standard	темперамент вспыльчивый
øbyt	материал кость	noun	default		standard	материал кость
øbøs	заголовок статьи	noun	default		standard	заголовок статьи
øbøź	пенальти	verb	heuristic		standard	пенальти
øcal	чердачное помещение	adjective	heuristic		standard	чердачное помещение
øcar	стабилизационный фонд	adjective	heuristic		standard	стабилизационный фонд
øcok	маточное молочко	adjective	heuristic		standard	маточное молочко
øcuk	виндсёрфинг	noun	default		standard	виндсерфинг
øcut	дисциплинарный устав	adjective	heuristic		standard	дисциплинарный устав
øcæb	жаждущий (прилагательное)	adjective	heuristic		standard	жаждущий
øcæm	хобби коллекционирование	noun	default		standard	хобби коллекционирование
øcøv	пихта	noun	default		standard	пихта
øcəh	ветряная мельница на холме	adjective	heuristic		standard	ветряная мельница на холме
ødeh	выселение	adjective	heuristic		standard	выселение
ødem	скамья	noun	default		standard	скамья
ødeź	родовой герб	adjective	heuristic		standard	родовой герб
øduz	змея	noun	default		standard	змея
ødyv	приправа сушёная	noun	default		standard	приправа сушеная
øfil	солнечный столб	adjective	heuristic		standard	солнечный столб
øfon	материал глина	noun	default		standard	материал глина
øfyd	звонкие бубенцы на упряжи	adjective	heuristic		standard	звонкие бубенцы на упряжи
øfæd	запрещать	verb	explicit		standard	запрещать
øfæn	приданое	adjective	heuristic		standard	приданое
øføh	клён	noun	default		standard	клен
øføz	тень прошлого преследующая	noun	default		standard	тень прошлого преследующая
øfəg	герб государственный	noun	default		standard	герб государственный
øgaz	республика	noun	default		standard	республика
øgef	тайный причал	adjective	heuristic		standard	тайный причал
øgim	диктор радио	noun	default		standard	диктор радио
øgis	совет магов	noun	default		standard	совет магов
øguc	одеяло	noun	default		standard	одеяло
øhag	пластинка граммофонная	noun	default		standard	пластинка граммофонная
øhek	дневник школьный	noun	default		standard	дневник школьный
øhip	полок парной	noun	default		standard	полок парной
øhiz	воодушевление	adjective	heuristic		standard	воодушевление
øhyz	гнать зверя	verb	heuristic		standard	гнать зверя
øhəc	замковый камень свода	adjective	heuristic		standard	замковый камень свода|замковый валун свода|замковый камешек свода
øjal	такелажная мастерская	adjective	heuristic		standard	такелажная мастерская
øjeg	воображение	adjective	heuristic		standard	воображение
øjoc	роды	noun	default		standard	роды
øjof	плацдарм	noun	default		standard	плацдарм
øjuze	рыть землю рылом	verb	heuristic		standard	рыть землю рылом
øjød	городской глашатай	adjective	heuristic		standard	городской глашатай
øjəd	замок	noun	default		standard	замок
økeh	аттестат зрелости	noun	default		standard	аттестат зрелости
økoś	портовый кран	adjective	heuristic		standard	портовый кран
økæb	мотыга садовая	noun	default		standard	мотыга садовая
økøź	корабль	noun	default		standard	корабль|кораблик|судно
økəp	верстак столярный	noun	default		standard	верстак столярный
ølam	метеорит	noun	default		standard	метеорит
ølas	пыльца	noun	default		standard	пыльца
ølet	жила рудная	noun	default		standard	жила рудная
ølor	приказ	noun	default		standard	приказ
øloź	эвакуационный выход	adjective	heuristic		standard	эвакуационный выход|эвакуационный развязка|эвакуационный решение
ølyd	плен	noun	default		standard	плен
ølyś	вулканический пепел	adjective	heuristic		standard	вулканический пепел
ømal	путь странника	verb	heuristic		standard	путь странника|дорога странника|трасса странника
øman	постоянная величина	adjective	heuristic		standard	постоянная величина|постоянная габарит|постоянная размер
ømas	ботаник	noun	default		standard	ботаник
ømoś	читальный зал	adjective	heuristic		standard	читальный зал
ømuz	левиафан	noun	default		standard	левиафан
ømæn	наблюдатель на выборах	noun	default		standard	наблюдатель на выборах
ømøb	бунт	noun	default		standard	бунт
øməl	окно волоковое	noun	default		standard	окно волоковое
ønas	ностальгия	noun	default		standard	ностальгия
ønub	зловоние	adjective	heuristic		standard	зловоние
ønud	энциклопедия детская	noun	default		standard	энциклопедия детская
ønyk	бочка солёной рыбы	noun	default		standard	бочка соленой рыбы
ønət	партийный билет	adjective	heuristic		standard	партийный билет
øpen	туман	noun	default		standard	туман
øpib	корона с каменьями	noun	default		standard	корона с каменьями
øpom	радиомолчание	adjective	heuristic		standard	радиомолчание
øpyg	пенсионный фонд	adjective	heuristic		standard	пенсионный фонд
øpæk	трансформаторная будка	adjective	heuristic		standard	трансформаторная будка
øpøf	же частица	noun	default		standard	же частица
ørat	конькобежный спорт	adjective	heuristic		standard	конькобежный спорт
ørih	оркестр симфонический	noun	default		standard	оркестр симфонический
ørøk	штора плотная	noun	default		standard	штора плотная
ørəg	показательный процесс	adjective	heuristic		standard	показательный процесс
øsed	барабан праздничный	noun	default		standard	барабан праздничный
øsyn	следователь	noun	default		standard	следователь
øtih	ссылка	noun	default		standard	ссылка
øtij	легенда	noun	default		standard	легенда
øtiz	узкий	adjective	heuristic		standard	узкий|неширокий|тесный
øtoh	стражник	noun	default		standard	стражник
øtoź	умеренный климат	adjective	heuristic		standard	умеренный климат
øtyd	высылка дипломата	noun	default		standard	высылка дипломата
øtyn	центр города деловой	noun	default		standard	центр города деловой|сердцевина города деловой|середина города деловой
øtæb	эвакуация раненых	noun	default		standard	эвакуация раненых
øtæź	снежная вершина	adjective	heuristic		standard	снежная вершина|снежная возвышенность|снежная гора
øval	комендант	noun	default		standard	комендант
øvif	заклинание	adjective	heuristic		standard	заклинание
øvus	чистая совесть	adjective	heuristic		standard	чистая совесть|незагрязненная совесть|опрятная совесть
øvyb	хранитель тайны	noun	default		standard	хранитель тайны
øvæź	негнущийся (прилагательное)	noun	default		standard	негнущийся
øzaź	бильярд	noun	default		standard	бильярд
øzim	тоска	noun	default		standard	тоска
øzoc	паника в войсках	noun	default		standard	паника в войсках
øzyp	равнодушный (прилагательное)	adjective	heuristic		standard	равнодушный
øzyź	роза	noun	default		standard	роза
øzæd	рынок	noun	default		standard	рынок
øzæh	противотанковый рубеж	adjective	heuristic		standard	противотанковый рубеж|противотанковый граница|противотанковый предел
øzøź	сложное предложение	adjective	heuristic		standard	сложное предложение|непростое предложение|трудное предложение
øśef	наместник	noun	default		standard	наместник
øśes	граб	noun	default		standard	граб
øśod	дымовая завеса	adjective	heuristic		standard	дымовая завеса
øśul	почтовое отделение	adjective	heuristic		standard	почтовое отделение
øśur	прошлое	adjective	heuristic		standard	прошлое
øśyl	радиомаяк	noun	default		standard	радиомаяк
øśys	погонщик верблюдов	noun	default		standard	погонщик верблюдов
øźag	медсанбат	noun	default		standard	медсанбат
øźeg	артикуляция	noun	default		standard	артикуляция
øźes	суффикс собирательный	noun	default		standard	суффикс собирательный
øźir	ядовитая стрела	adjective	heuristic		standard	ядовитая стрела
øźit	тупой	adjective	heuristic		standard	тупой
øźyc	имянаречение младенца	adjective	heuristic		standard	имянаречение младенца
øźæg	курица	noun	default		standard	курица
øźæś	национальность политическая	verb	heuristic		standard	национальность политическая
øźøh	предупреждать	verb	explicit		standard	предупреждать
øźøś	политический беженец	adjective	heuristic		standard	политический беженец
øźən	гость	verb	heuristic		standard	гость
śaber	шабер	noun	default		standard	шабер
śabren	шабрение	adjective	heuristic		standard	шабрение
śac	сплетня	noun	default		standard	сплетня
śachə	поражение	adjective	heuristic		standard	поражение|проигрыш|разгром
śadbæ	дым	noun	default		standard	дым
śadul	перебежчик	noun	default	perebe	standard	перебежчик
śadvæ	благовест	noun	default		standard	благовест
śaggæ	изобретатель-самоучка	noun	default		standard	изобретатель-самоучка
śah	привязанность	verb	heuristic		standard	привязанность
śahel	дезинформация политическая	noun	default		standard	дезинформация политическая
śahəg	ветер	noun	default		standard	ветер
śajøm	муравьед	noun	default		standard	муравьед
śaka	шакал	noun	default		standard	шакал
śakgu	молитва об урожае	noun	default		standard	молитва об урожае
śalnə	аптечка	noun	default		standard	аптечка
śaloś	морской климат	adjective	heuristic		standard	морской климат
śam	целеустремлённость	verb	heuristic		standard	целеустремленность
śama	фундук	noun	default	razyv	standard	фундук
śamok	эвакогоспиталь	noun	default	evakog	standard	эвакогоспиталь
śan	загонять зверя в угол	verb	heuristic		standard	загонять зверя в угол
śane	улитка	noun	default	ezoź	standard	улитка
śantaź	шантаж	noun	default		standard	шантаж
śanøv	дуршлаг	noun	default	durśla	standard	дуршлаг
śap	смета ремонтная	noun	default		standard	смета ремонтная
śapa	шапка	noun	default		standard	шапка
śapam	маяк спасительный вдали	noun	default		standard	маяк спасительный вдали
śapkme	шапка меховая	noun	default		standard	шапка меховая
śapød	подъёмный механизм	adjective	heuristic		standard	подъемный механизм
śapøs	племя изгнанников	noun	default		standard	племя изгнанников
śardir	шардирование	adjective	heuristic		standard	шардирование
śarfvj	шарф вязаный	noun	default		standard	шарф вязаный
śargeo	шар геометрический	noun	default		standard	шар геометрический
śarit	шарить, хорошо разбираться	verb	heuristic		colloquial	хорошо разбираться|шарить|хорошо осознавать|хорошо понимать|хорошо уразуметь
śaræf	многоэтажка	noun	default		standard	многоэтажка
śasøś	время жатвы	noun	default		standard	время жатвы|период жатвы|срок жатвы
śatjor	шатёр	noun	default		standard	шатер
śazøź	раскалённый металл	adjective	heuristic		standard	раскаленный металл|горячий металл|жаркий металл
śaśrø	загс	noun	default		standard	загс
śaź	кровать двуспальная	verb	heuristic		standard	кровать двуспальная
śaźal	слабость духа	verb	heuristic		standard	слабость духа
śec	предательство	noun	default		standard	предательство
śed	перевал горный	noun	default		standard	перевал горный
śedu	инкассо	noun	default		standard	инкассо
śeduź	промтовары	noun	default		standard	промтовары
śedær	гнездо	noun	default		standard	гнездо
śeelit	шеелит	noun	default		standard	шеелит
śefa	змееголов	noun	default		standard	змееголов
śeferd	шефердия	noun	default		standard	шефердия
śeffəle	шеффлера	noun	default		standard	шеффлера
śefyv	анонимное письмо	adjective	heuristic		standard	анонимное письмо|анонимное запись|анонимное текст
śegul	телецентр	noun	default		standard	телецентр
śehæv	напёрсток швейный	noun	default		standard	наперсток швейный
śekog	сени избы	noun	default		standard	сени избы
śekot	щекотать	verb	explicit		standard	щекотать
śel	вал приводной	noun	default		standard	вал приводной
śeleli	шелест листвы	noun	default		standard	шелест листвы
śelkov	шелковица	noun	default		standard	шелковица
śelom	рыночная экономика	adjective	heuristic		standard	рыночная экономика
śem	голос	noun	default		standard	голос
śenill	шенилл	noun	default		standard	шенилл
śenpe	ключ басовый	noun	default		standard	ключ басовый
śenød	велогонка	noun	default	velogo	standard	велогонка
śepśy	китобойный промысел	adjective	heuristic		standard	китобойный промысел
śerheb	шерхебель	noun	default		standard	шерхебель
śerip	багажное отделение	adjective	heuristic		standard	багажное отделение
śers	шерсть	verb	heuristic	etov	standard	шерсть
śersto	шерстомойня	noun	default		standard	шерстомойня
śeruj	масштаб карты	noun	default		standard	масштаб карты
śeræ	аск	noun	default		standard	аск
śest	шесть	verb	heuristic		standard	шесть
śester	шестерня	noun	default		standard	шестерня
śestv	шествие	adjective	heuristic		standard	шествие
śesøk	монофтонг	noun	default		standard	монофтонг
śetfi	автономия	noun	default		standard	автономия
śez	банковский вклад	adjective	heuristic		standard	банковский вклад
śeś	тигр	noun	default		standard	тигр
śeśøv	роголистник	noun	default		standard	роголистник
śeźof	созвездие девы	adjective	heuristic		standard	созвездие девы
śibæb	стекольный завод	adjective	heuristic		standard	стекольный завод|стекольный предприятие|стекольный фабрика
śicfi	произведение чисел	adjective	heuristic		standard	произведение чисел
śiciś	ткацкий станок	adjective	heuristic		standard	ткацкий станок
śif	троюродный брат	adjective	heuristic		standard	троюродный брат
śifon	шифон	noun	default		standard	шифон
śifr	шифр	noun	default		standard	шифр
śifrsv	шифрованная связь	adjective	heuristic		standard	шифрованная связь
śifæz	подстановка (замена переменной или выражения)	noun	default		standard	выражения|подстановка (замена переменной
śigpø	бронеколонна	noun	default		standard	бронеколонна
śihab	тушканчик	noun	default		standard	тушканчик
śihta	смесь сырья для плавки	noun	default		standard	смесь сырья для плавки
śihy	ложь	noun	default	loź	standard	ложь
śik	дух леса	noun	default		standard	дух леса
śikæ	благословение	adjective	heuristic	blagos	standard	благословение
śikæn	картель	noun	default		standard	картель
śikəs	птицеферма	noun	default	ptitse	standard	птицеферма
śil	щит	noun	default		standard	щит
śiluz	замерзать	verb	explicit		standard	замерзать
śiməm	признание государства	adjective	heuristic		standard	признание государства
śinel	шинель	noun	default		standard	шинель
śinomo	шиномонтаж	noun	default		standard	шиномонтаж
śinśil	шиншилла	noun	default	vuźyt	standard	шиншилла
śip	шип	noun	default		standard	шип
śis	сомневаться	verb	explicit		standard	сомневаться
śisem	фарисей	noun	default		standard	фарисей
śivæ	отказываться от погони	verb	heuristic		standard	отказываться от погони
śiś	спина	noun	default		standard	спина
śiśuv	созвездие охотника	adjective	heuristic		standard	созвездие охотника
śiźøv	переворачивать корыто	verb	heuristic		standard	переворачивать корыто
śjolza	шёлк заморский	noun	default		standard	шелк заморский
śjopot	шёпот	noun	default		standard	шепот
śkaf	шкаф	noun	default		standard	шкаф
śkafpe	шкаф перевернутый	noun	default		standard	шкаф перевернутый
śkafpl	шкаф платяной	noun	default		standard	шкаф платяной
śkant	шкант	noun	default		standard	шкант
śkir	кожа	noun	default	rices	standard	кожа
śkiv	шкив	noun	default		standard	шкив
śkol	школа	noun	default	oźøs	standard	школа|учебное заведение|училище
śkolbo	школа боевых искусств	noun	default		standard	школа боевых искусств|учебное заведение боевых искусств|училище боевых искусств
śkolps	школьный психолог	adjective	heuristic		standard	школьный психолог
śkursv	шкура свиньи	noun	default		standard	шкура свиньи
śkəval	шквал	noun	default		standard	шквал
śkəvore	шкворень	noun	default		standard	шкворень
ślafør	трипс	noun	default		standard	трипс
ślaga	покидать	verb	heuristic	sepep	standard	покидать
ślalo	субдомен	noun	default		standard	субдомен
ślapa	кавитация	noun	default		standard	кавитация
śleha	магнетит	noun	default		standard	магнетит
ślejf	кабельная петля или протяжённая линия	adjective	heuristic		standard	кабельная петля|протяженная линия|длинная линия
ślem	шлем	noun	default	ynæk	standard	шлем
ślemza	шлем защитный спортивный	noun	default		standard	шлем защитный спортивный
ślesin	стратопауза	noun	default		standard	стратопауза
śliby	борщевик	noun	default		standard	борщевик
ślinuv	дискретизация	noun	default		standard	дискретизация
ślisak	саксофон	noun	default	saksof	standard	саксофон
ślisu	пиретрум	noun	default		standard	пиретрум
ślohøv	нектар	noun	default	źincə	standard	нектар
ślopog	бунтовать	verb	heuristic	kypeź	standard	бунтовать
ślopu	кожеед	noun	default		standard	кожеед
ślumæ	эскроу	noun	default		standard	эскроу
ślunok	желудок	noun	default	zøbəf	standard	желудок
ślusez	аргиллит	noun	default		standard	аргиллит
śluśut	имянаречение	adjective	heuristic	imjana	standard	имянаречение
śluźe	проводимость	verb	heuristic		standard	проводимость
ślæheh	скрывать	verb	heuristic	skr	standard	скрывать
ślølal	вальяжный	adjective	heuristic		standard	вальяжный
śləjah	путь	verb	heuristic	put	standard	путь
śmel	шмель	noun	default	evær	standard	шмель
śnek	винтовой транспортёр	adjective	heuristic		standard	винтовой транспортер
śobof	стебель	noun	default	stebel	standard	стебель
śocil	аэродром	noun	default		standard	аэродром
śodoś	приглашать за стол	verb	heuristic		standard	приглашать за стол
śoh	медицинская сестра	adjective	heuristic		standard	медицинская сестра
śojlu	горизонт	noun	default		standard	горизонт
śoju	рецептор	noun	default		standard	рецептор
śojyź	табельщик	noun	default	iløt	standard	табельщик
śokva	каменщик	noun	default		standard	каменщик
śol	обобщение	adjective	heuristic		standard	обобщение
śom	проклятие	adjective	heuristic		standard	проклятие
śomal	нож столовый	noun	default		standard	нож столовый
śomky	грязный	adjective	heuristic		standard	грязный|замаранный|нечистый
śop	объединение земель	adjective	heuristic		standard	объединение земель|организация земель|структура земель
śor	целитель ранами	noun	default		standard	целитель ранами
śorttr	шорт-трек	noun	default		standard	шорт-трек
śorøn	тактическая карта	adjective	heuristic		standard	тактическая карта
śorør	мебельная фабрика	adjective	heuristic		standard	мебельная фабрика|мебельная завод|мебельная предприятие
śotøf	нарушенное обещание	adjective	heuristic		standard	нарушенное обещание
śoz	письмо-отказ	noun	default		standard	письмо-отказ
śozzu	охотничий пёс	adjective	heuristic		standard	охотничий пес
śośøk	спасательная шлюпка	adjective	heuristic		standard	спасательная шлюпка
śpigat	шпигат	noun	default		standard	шпигат
śpinde	шпиндель	noun	default		standard	шпиндель
śpinga	шпингалет	noun	default		standard	шпингалет
śprits	шприц	noun	default		standard	шприц
śpulk	шпулька	noun	default		standard	шпулька
śpunt	шпунт	noun	default		standard	шпунт
śpuntu	шпунтубель	noun	default		standard	шпунтубель
śram	шрам	noun	default		standard	шрам
śranut	нейтрофил	noun	default		standard	нейтрофил
śraźi	дербник	noun	default		standard	дербник
śregyp	глиптика	noun	default		standard	глиптика
śrejæn	псевдотсуга	noun	default		standard	псевдотсуга
śrekuh	витязь	noun	default	vitjaz	standard	витязь
śrele	чеканка	noun	default	ved	standard	чеканка
śrevæk	шортс	noun	default		standard	шортс
śrirat	шрирача	noun	default		standard	шрирача
środah	вертолет	noun	default	vertol	standard	вертолет
śrofy	саженец	noun	default	saźene	standard	саженец
śruro	филигрань	noun	default		standard	филигрань
śrydel	экспандер	noun	default		standard	экспандер
śryheh	гомеостаз	noun	default		standard	гомеостаз
śrypud	прораб	noun	default	prorab	standard	прораб
śryśe	кадриль	noun	default	kadril	standard	кадриль
śrædyś	питчер	noun	default		standard	питчер
śrægag	дедлок	noun	default		standard	дедлок
śrætok	билирубин	noun	default		standard	билирубин
śrøhyr	экзопланета	noun	default		standard	экзопланета
śrøhæ	тамарин	noun	default		standard	тамарин
śrəneg	компьютер	noun	default	kompjuter	standard	компьютер
śrəsel	охотиться	verb	heuristic	ohot	standard	охотиться
śrəśos	бойница	noun	default	sødźi	standard	бойница
śrəźin	экскаватор	noun	default	ekskav	standard	экскаватор
śtabra	штабная разработка	adjective	heuristic		standard	штабная разработка
śtal	конструкционная сталь	adjective	heuristic		standard	конструкционная сталь
śtan	штаны	noun	default		standard	штаны
śtange	штангенциркуль	noun	default		standard	штангенциркуль
śti	щи	noun	default		standard	щи
śtilmo	штиль на море	noun	default		standard	штиль на море|штиль на водное пространство|штиль на морская акватория
śtopru	штопор ручной	noun	default		standard	штопор ручной
śtorpr	штормовое предупреждение	adjective	heuristic		standard	штормовое предупреждение
śtorve	штормовой ветер	adjective	heuristic		standard	штормовой ветер
śtovh	толкать	verb	heuristic	civov	standard	толкать
śtrado	штраф дорожный	noun	default		standard	штраф дорожный
śtrito	штрихкод товара	noun	default		standard	штрихкод товара
śtukst	штукатурка стен	noun	default		standard	штукатурка стен
śturgr	штурмовая группа	adjective	heuristic		standard	штурмовая группа
śturka	штурманская карта	adjective	heuristic		standard	штурманская карта
śturkr	штурм крепостной стены	noun	default		standard	штурм крепостной стены
śturma	штурман	noun	default	bəvke	standard	штурман
śturmo	штурман морской	noun	default		standard	штурман морской
śturvo	штурмовка с воздуха	noun	default		standard	штурмовка с воздуха
śtutse	штуцер	noun	default		standard	штуцер
śtśas	щас, сейчас	noun	default		colloquial	сейчас|щас
śtśedv	щеколда дверная	noun	default		standard	щеколда дверная
śtśeka	щетина кабана	noun	default		standard	щетина кабана
śtəju	кричать ура	verb	heuristic		standard	кричать ура|вопить ура|орать ура
śtəśedr	щедрость	verb	heuristic	cøfko	standard	щедрость
śtəśele	челюсть	verb	heuristic	gæj	standard	челюсть
śtəśohl	мачта	noun	default	matśt	standard	мачта
śtəśupl	щуплый	adjective	heuristic		standard	щуплый
śtəśyt	щит	noun	default	śil	standard	щит
śubig	хвостокол	noun	default		standard	хвостокол
śubuk	байдара	noun	default	bajdar	standard	байдара
śubø	русло	noun	default	æder	standard	русло
śubər	устный уговор	adjective	heuristic		standard	устный уговор
śudiv	мель	noun	default		standard	мель
śufak	текстолит	noun	default		standard	текстолит
śug	становиться	verb	explicit		standard	становиться
śugit	долларизация	noun	default		standard	долларизация
śugøs	метеор	noun	default		standard	метеор
śuhbe	бусина	noun	default		standard	бусина
śuhja	демон	noun	default		standard	демон
śuhləja	ящик	noun	default	doźes	standard	ящик
śuj	подземный ход тайный	adjective	heuristic		standard	подземный ход тайный
śuk	плодовый сад	adjective	heuristic		standard	плодовый сад
śul	добыча пиратская	noun	default		standard	добыча пиратская
śulet	обсерватория звёздная	noun	default		standard	обсерватория звездная
śulma	заварочный чайник	adjective	heuristic		standard	заварочный чайник
śumgo	судебное собрание	adjective	heuristic		standard	судебное собрание
śumndv	шумный двор	adjective	heuristic		standard	шумный двор
śumvod	шум водопада	noun	default		standard	шум водопада
śunes	расторопный	adjective	heuristic		standard	расторопный
śunmə	вьючное животное	adjective	heuristic		standard	вьючное животное
śunsæ	забытый закон	adjective	heuristic		standard	забытый закон|забытый норма|забытый правило
śunt	шунт	noun	default		standard	шунт
śunøz	двоюродный брат	adjective	heuristic		standard	двоюродный брат
śupnæ	микрорайон	noun	default		standard	микрорайон
śupop	кеш	noun	default		standard	кеш
śurdø	виноградарство	noun	default		standard	виноградарство
śurer	зыбь	noun	default		standard	зыбь
śustəro	шустрость	verb	heuristic		standard	шустрость
śutkanut	шуткануть, пошутить один раз	verb	heuristic		colloquial	пошутить один раз|шуткануть
śutøb	рис	noun	default		standard	рис
śuviź	письмо с извинениями	noun	default		standard	письмо с извинениями|запись с извинениями|текст с извинениями
śuz	пост религиозный	noun	default		standard	пост религиозный
śuzøf	радиозонд	noun	default		standard	радиозонд
śuśæs	камера видеонаблюдения	noun	default		standard	камера видеонаблюдения
śuź	засада	noun	default		standard	засада
śuźfø	пиво	noun	default		standard	пиво
śuźu	жиклер	noun	default		standard	жиклер
śvejfa	швейная фабрика	adjective	heuristic		standard	швейная фабрика|швейная завод|швейная предприятие
śvejma	швейная машинка	adjective	heuristic		standard	швейная машинка
śvets	сапожник	noun	default	źulav	standard	сапожник
śvydk	быстрый	adjective	heuristic	bystr	standard	быстрый|скорый|стремительный|шустрый
śyc	журнал	noun	default		standard	журнал
śydæs	светофор	noun	default		standard	светофор
śygbu	вождь	noun	default		standard	вождь
śygnu	мечта	noun	default		standard	мечта
śyh	верность	verb	heuristic		standard	верность
śyja	шея	noun	default	sægur	standard	шея
śyjæs	салат листовой	noun	default		standard	салат листовой
śykaj	сленг	noun	default		standard	сленг
śykcu	колония	noun	default		standard	колония
śymgo	письмо	noun	default		standard	письмо|запись|текст
śymky	квас	noun	default		standard	квас
śymsy	меч длинный	noun	default		standard	меч длинный|меч протяженный
śyr	побег весенний	noun	default		standard	побег весенний
śyrok	широкий	adjective	heuristic	jakśy	standard	широкий|обширный|просторный
śysæn	спрашивать	verb	explicit		standard	спрашивать
śyt	плебисцит	noun	default		standard	плебисцит
śytho	шарф зимний	noun	default		standard	шарф зимний
śytig	смоление корпуса	adjective	heuristic		standard	смоление корпуса
śytzø	вольный перевод	adjective	heuristic		standard	вольный перевод|независимый перевод|свободный перевод
śyv	бирюзовый цвет	adjective	heuristic		standard	бирюзовый цвет
śyz	какао	noun	default		standard	какао
śyźsi	ярость	verb	heuristic		standard	ярость
śyźøl	дифферент	noun	default		standard	дифферент
śæbcy	горка детская	noun	default		standard	горка детская
śæbip	цветение	adjective	heuristic	tsvet	standard	цветение
śæbæp	веб-камера	noun	default		standard	веб-камера
śæc	фён ветер	noun	default		standard	фен ветер
śædad	долговязый	adjective	heuristic		standard	долговязый
śæg	карандаш художественный	noun	default		standard	карандаш художественный
śægøś	этикет деловой	noun	default		standard	этикет деловой
śæhap	каяк	noun	default		standard	каяк
śæjhy	племя	noun	default		standard	племя
śækeh	картограф	noun	default		standard	картограф
śækej	чтобы союз	noun	default		standard	чтобы союз
śæl	крепостная стена	adjective	heuristic		standard	крепостная стена
śæmaś	коллекторское агентство	adjective	heuristic		standard	коллекторское агентство
śæmbæ	дух-хранитель рода	noun	default		standard	дух-хранитель рода
śæmig	бородавочник	noun	default		standard	бородавочник
śænun	кариокинез	noun	default		standard	кариокинез
śær	творог	noun	default		standard	творог
śæra	удочка	noun	default	udotśk	standard	удочка
śæroz	минута времени	noun	default		standard	минута времени|минутка времени
śæs	вес тела физический	noun	default		standard	вес тела физический|масса тела физический|тяжесть тела физический
śætid	велюте (базовый соус на бульоне)	noun	default		standard	велюте (базовый соус на бульоне
śævøg	печать власти	verb	heuristic		standard	печать власти|печать кабинет|печать правительство
śæś	песня протяжная	noun	default		standard	песня протяжная|композиция протяжная|трек протяжная
śæśaf	ягода садовая	noun	default		standard	ягода садовая
śæśdi	закваска хлебная	noun	default		standard	закваска хлебная
śæź	набережная	adjective	heuristic		standard	набережная
śøb	прибыль коммерческая	noun	default		standard	прибыль коммерческая
śøbuh	невоспитанность	verb	heuristic	nevosp	standard	невоспитанность
śøczə	дорожная разметка	adjective	heuristic		standard	дорожная разметка
śøcæb	племя лесовиков	noun	default		standard	племя лесовиков
śødo	конфирмат	noun	default		standard	конфирмат
śøf	воздух спёртый	noun	default		standard	воздух спертый
śøgit	девять	verb	heuristic		standard	девять
śøhu	ворон	noun	default	egik	standard	ворон
śøjət	смола	noun	default		standard	смола
śøk	пьяная песня	adjective	heuristic		standard	пьяная песня|пьяная композиция|пьяная трек
śøkar	сокрушение	adjective	heuristic		standard	сокрушение
śølak	подсолнух	noun	default		standard	подсолнух
śømpe	фен для волос	noun	default		standard	фен для волос
śønnə	миграционная служба	adjective	heuristic		standard	миграционная служба
śøp	управлять	verb	explicit		standard	управлять
śøs	джинсы	noun	default		standard	джинсы
śøtəb	дуга расписная	noun	default		standard	дуга расписная
śøv	материал ткань	noun	default		standard	материал ткань
śøzəg	храм	noun	default		standard	храм
śøś	временное заключение	adjective	heuristic		standard	временное заключение
śøźgæ	сушильная машина	adjective	heuristic		standard	сушильная машина|сушильная авто|сушильная автомобиль|сушильная тачка
śøźøb	тщеславие	adjective	heuristic		standard	тщеславие
śəba	лунь	noun	default		standard	лунь
śədi	фрахтователь	noun	default	cesom	standard	фрахтователь
śədny	загадочный (прилагательное)	adjective	heuristic		standard	загадочный
śədæg	грюйер	noun	default		standard	грюйер
śəffi	верить словам	verb	explicit		standard	верить словам
śəg	гауптвахта	noun	default		standard	гауптвахта
śəgfæ	волшебное кольцо силы	adjective	heuristic		standard	волшебное кольцо силы
śəhy	дирижабль	noun	default	diriźa	standard	дирижабль
śəhźa	махотка	noun	default		standard	махотка
śəj	время бедствий	noun	default		standard	время бедствий|период бедствий|срок бедствий
śəjef	учёт материальный	noun	default		standard	учет материальный
śəjub	обет	noun	default		standard	обет
śəkef	яковод	noun	default	jakovo	standard	яковод
śəlyź	острота вкуса	noun	default		standard	острота вкуса
śəm	хлопок	noun	default		standard	хлопок
śəmby	пассат	noun	default		standard	пассат
śənkə	сухой	adjective	heuristic		standard	сухой|несырой|обезвоженный
śəntu	пиратский флаг	adjective	heuristic		standard	пиратский флаг
śənæk	автостоянка	noun	default		standard	автостоянка
śəpøm	русалка	noun	default	rusalk	standard	русалка
śərku	горшок глиняный	noun	default		standard	горшок глиняный
śərmi	решимость	verb	heuristic		standard	решимость
śəspo	цеп боевой	noun	default		standard	цеп боевой
śəsźə	дойка	noun	default		standard	дойка
śətro	союз племён	noun	default		standard	союз племен
śətə	габбро	noun	default		standard	габбро
śəv	городской парк центральный	adjective	heuristic		standard	городской парк центральный
śəvla	побратим	noun	default		standard	побратим
śəvæm	порода кур мясная	noun	default		standard	порода кур мясная
śəvəź	погремушка	noun	default	pogrem	standard	погремушка
śəzyp	орден за заслуги	noun	default		standard	орден за заслуги
śəś	весы	noun	default		standard	весы
źab	воскресенье	noun	default		standard	воскресенье
źabjø	возобновление переговоров	adjective	heuristic		standard	возобновление переговоров
źadeg	сверхпроводимость	verb	heuristic		standard	сверхпроводимость
źadina	жадина	noun	default		colloquial	жадина
źadnos	жадность	verb	heuristic		standard	жадность
źafi	мягкотелка	noun	default		standard	мягкотелка
źafle	явочная квартира	adjective	heuristic		standard	явочная квартира
źag	засыпать	verb	explicit		standard	засыпать
źagde	обмундирование	adjective	heuristic		standard	обмундирование
źahæf	наполнять рюмку	verb	heuristic		standard	наполнять рюмку
źakav	эликсир	noun	default	zapgø	standard	эликсир
źakdy	обожжённый горшок	adjective	heuristic		standard	обожженный горшок
źakkar	жаккард	noun	default		standard	жаккард
źal	полуденный привал	adjective	heuristic		standard	полуденный привал
źalejk	жалейка	noun	default	æviv	standard	жалейка
źalo	жало	noun	default		standard	жало
źaloof	жалоба официальная	noun	default		standard	жалоба официальная
źalos	обвинять	verb	heuristic	obvin	standard	обвинять
źamaź	термистор	noun	default		standard	термистор
źamib	редакция	noun	default		standard	редакция
źan	дед	noun	default		standard	дед
źano	дозиметр	noun	default	dozime	standard	дозиметр
źapkæ	доказательство логическое	noun	default		standard	доказательство логическое
źar	власть законная	verb	heuristic		standard	власть законная|власть легальная|власть легитимная|власть правомерная|правление законная|управление законная
źarab	собрание жильцов	adjective	heuristic		standard	собрание жильцов
źaresk	жареное на сковороде	adjective	heuristic		standard	жареное на сковороде
źarkdi	жаркое из дичи	adjective	heuristic		standard	жаркое из дичи
źarkmj	жаркое мясное	adjective	heuristic		standard	жаркое мясное
źarkug	жарка на углях	noun	default		standard	жарка на углях
źarovn	жаровня	noun	default		standard	жаровня
źasgø	налокотники защитные	noun	default		standard	налокотники защитные
źateh	линейка канцелярская	noun	default		standard	линейка канцелярская
źatkø	орлиное гнездо на скале	adjective	heuristic		standard	орлиное гнездо на скале
źav	лёгкий бриз	adjective	heuristic		standard	легкий бриз|нетяжелый бриз
źavta	хата деревенская	noun	default		standard	хата деревенская
źazfe	диалект	noun	default		standard	диалект
źazæz	династический брак	adjective	heuristic		standard	династический брак
źaśef	термоклин	noun	default		standard	термоклин
źaśpy	стропило	noun	default		standard	стропило
źaźgy	возвышенность	verb	heuristic		standard	возвышенность
źdat	ждать	verb	explicit		standard	ждать|дожидаться|ожидать
źebzy	келья монашеская тесная	noun	default		standard	келья монашеская тесная|келья монашеская неширокяя|келья монашеская узкяя
źecfo	травяной чай	adjective	heuristic		standard	травяной чай
źedaj	заросли ивняка	noun	default		standard	заросли ивняка
źedip	фазоинвертор	noun	default		standard	фазоинвертор
źeg	отвратительный (прилагательное)	adjective	heuristic		standard	отвратительный
źegas	офицер	noun	default		standard	офицер
źehhø	толстый	adjective	heuristic		standard	толстый
źehnø	пекарь	noun	default		standard	пекарь
źeju	можжевельник	noun	default		standard	можжевельник
źejyp	авангард	noun	default		standard	авангард
źekcy	повитуха	noun	default		standard	повитуха
źel	кожевенная мастерская	adjective	heuristic		standard	кожевенная мастерская
źelemo	железнодорожный мост	adjective	heuristic		standard	железнодорожный мост
źelez	железо	noun	default	raf	standard	железо
źeli	амортизация	noun	default		standard	амортизация
źeliz	разъединять	verb	explicit		standard	разъединять
źeln	желна	noun	default		standard	желна
źelovo	желоб водосточный	noun	default		standard	желоб водосточный
źeloz	махать рукой	verb	explicit		standard	махать рукой
źeludu	желудь дубовый	noun	default		standard	желудь дубовый
źem	главная башня	adjective	heuristic		standard	главная башня|ведущяя башня|ключевая башня|основная башня
źemol	игольник	noun	default		standard	игольник
źemtśu	жемчуг	noun	default		standard	жемчуг
źena	жена	noun	default	ezyp	standard	жена
źenbo	балконная дверь	adjective	heuristic		standard	балконная дверь
źep	галактика далёкая	noun	default		standard	галактика далекая
źepu	мурекс	noun	default		standard	мурекс
źepud	показывать	verb	explicit		standard	показывать|демонстрировать|указывать
źepzo	государственный долг	adjective	heuristic		standard	государственный долг
źepæh	балкон	noun	default		standard	балкон
źepśi	моделирование кораблей	adjective	heuristic		standard	моделирование кораблей
źer	артель косарей	noun	default		standard	артель косарей
źeraj	конструктор изделия	noun	default		standard	конструктор изделия
źerebe	жеребенок	noun	default	źæffy	standard	жеребенок
źereh	жерех	noun	default		standard	жерех
źertv	жертва	noun	default		standard	жертва
źertvo	жертвоприношение	adjective	heuristic		standard	жертвоприношение
źertźi	жертвенное животное	adjective	heuristic		standard	жертвенное животное
źes	чемодан дорожный	noun	default		standard	чемодан дорожный
źest	жесть (эмоциональное восклицание)	verb	heuristic		colloquial	жесть (эмоциональное восклицание
źestok	жестокость	verb	heuristic		standard	жестокость
źetop	петрушка	noun	default	petruś	standard	петрушка
źetyh	риф	noun	default		standard	риф
źetəj	бухта укромная	noun	default		standard	бухта укромная
źev	серебряная свадьба	adjective	heuristic		standard	серебряная свадьба
źevac	отруби кормовые	noun	default		standard	отруби кормовые
źevb	жевать	verb	explicit		standard	жевать
źeved	серийное производство	adjective	heuristic		standard	серийное производство
źevzi	паспорт заграничный	noun	default		standard	паспорт заграничный
źeś	фамильный герб	adjective	heuristic		standard	фамильный герб
źeźaś	тектит	noun	default		standard	тектит
źfeśø	объедаться за столом	verb	heuristic		standard	объедаться за столом
źfyzə	занавеска на окне	noun	default		standard	занавеска на окне
źib	сопротивляться	verb	explicit		standard	сопротивляться
źicøh	подшипник	noun	default		standard	подшипник
źidod	гортань	noun	default		standard	гортань
źif	командный пункт	adjective	heuristic		standard	командный пункт
źifgu	эскорт конвоя	noun	default		standard	эскорт конвоя
źih	башня	noun	default		standard	башня
źihtø	резервный фонд государственный	adjective	heuristic		standard	резервный фонд государственный
źij	душевное равновесие	adjective	heuristic		standard	душевное равновесие
źijse	пустота утраты	noun	default		standard	пустота утраты
źikka	сказочный змей	adjective	heuristic		standard	сказочный змей
źikyź	пестик	noun	default	pestik	standard	пестик
źilet	жилет	noun	default		standard	жилет
źilist	жилистый	adjective	heuristic		standard	жилистый
źilæ	пятка	noun	default	pjatk	standard	пятка
źin	ковать	verb	heuristic		standard	ковать
źincə	нектар	noun	default		standard	нектар
źinez	разбойники на караванном пути	noun	default		standard	разбойники на караванном пути
źink	женщина	noun	default	tjotka	standard	женщина|тетка|дама|женщина женского пола
źip	тишина храма	noun	default		standard	тишина храма
źipec	фрукт	noun	default		standard	фрукт
źipo	посестра	noun	default	posest	standard	посестра
źir	полночь	verb	heuristic		standard	полночь
źiraf	жираф	noun	default		standard	жираф
źitam	останавливаться	verb	heuristic	dymoź	standard	останавливаться
źitnəja	житняк	noun	default		standard	житняк
źittæ	истопник	noun	default		standard	истопник
źiv	обыск личный	noun	default		standard	обыск личный
źiva	жизнь	noun	default		standard	жизнь
źivot	живот	noun	default		standard	живот
źiza	жиза, жизненно	noun	default		colloquial	жиза|жизненно
źiś	разрыв отношений	noun	default		standard	разрыв отношений
źiź	магнитная лента запись	adjective	heuristic		standard	магнитная лента запись|магнитная лента письмо|магнитная лента текст
źiźe	сабвуфер	noun	default		standard	сабвуфер
źiźo	полиэтилен	noun	default		standard	полиэтилен
źjorno	жёрнов	noun	default		standard	жернов
źmur	жмуриться	verb	heuristic		standard	жмуриться
źmurde	жмурки детская игра	noun	default		standard	жмурки детская игра|жмурки детская игрище
źobaź	идемпотентность	verb	heuristic		standard	идемпотентность
źoc	наконечник стрелы	noun	default		standard	наконечник стрелы
źodaz	самозванец	noun	default		standard	самозванец
źodźa	деревенская свадьба	adjective	heuristic		standard	деревенская свадьба
źof	толкование снов	adjective	heuristic		standard	толкование снов
źog	реабилитация осуждённого	noun	default		standard	реабилитация осужденного
źogør	трава	noun	default		standard	трава
źogəz	строительная бригада	adjective	heuristic		standard	строительная бригада
źoj	апелляция	noun	default		standard	апелляция
źojaf	штрафной батальон	adjective	heuristic		standard	штрафной батальон
źojaz	зоотехник	noun	default	zooteh	standard	зоотехник
źoksæ	конопатка мхом щелей	noun	default		standard	конопатка мхом щелей
źol	истощение	adjective	heuristic		standard	истощение
źolt	жёлтый	adjective	heuristic		standard	желтый
źomah	киноа	noun	default		standard	киноа
źomfæ	ямщик	noun	default		standard	ямщик
źona	надкостница	noun	default		standard	надкостница
źonoz	молния ветвистая	noun	default		standard	молния ветвистая
źonəb	надрыв	noun	default		standard	надрыв
źopa	жопа (грубое слово)	noun	default		colloquial	жопа (грубое слово|жопа (грубое выражение|жопа (грубое лексема|задница (грубое слово|ягодицы (грубое слово
źopif	фета (рассольный сыр)	noun	default		standard	фета (рассольный сыр
źopiz	самоанализ	noun	default	samoan	standard	самоанализ
źopyv	устьице	noun	default		standard	устьице
źorig	маслонасос	noun	default		standard	маслонасос
źortu	поклонение светилу	adjective	heuristic		standard	поклонение светилу
źorum	хоровод	noun	default		standard	хоровод
źorøf	роспуск парламента досрочный	noun	default		standard	роспуск парламента досрочный
źos	товар	noun	default		standard	товар|изделие|продукт
źoshu	плантация	noun	default		standard	плантация
źosih	изоморфизм	noun	default		standard	изоморфизм
źoster	жостер	noun	default		standard	жостер
źotbø	аромат	noun	default		standard	аромат
źote	водоворот	noun	default	rovbe	standard	водоворот
źoti	тоталитаризм	noun	default	totali	standard	тоталитаризм
źoto	синовия	noun	default		standard	синовия
źov	подчиняться	verb	explicit		standard	подчиняться
źovmə	здесь	noun	default		standard	здесь
źoz	племя оседлое	noun	default		standard	племя оседлое
źozyf	молодожёны	noun	default		standard	молодожены
źośdø	краска боевая	noun	default		standard	краска боевая
źośy	веселая гулянка	adjective	heuristic		standard	веселая гулянка
źoź	небо	noun	default		standard	небо
źoźøź	подорожник	noun	default		standard	подорожник
źrapab	пересыпь	noun	default		standard	пересыпь
źrebu	демультиплексор	noun	default		standard	демультиплексор
źregæd	соболезнование	adjective	heuristic	sobole	standard	соболезнование
źremi	бессердечие	adjective	heuristic	besser	standard	бессердечие
źrenah	хиреть	verb	heuristic		standard	хиреть
źrepum	мозаика	noun	default	mozaik	standard	мозаика
źretob	жреческое облачение	adjective	heuristic		standard	жреческое облачение
źrets	жрец	noun	default	kij	standard	жрец
źretvo	жрец воды	noun	default		standard	жрец воды
źrivar	выхухоль	noun	default		standard	выхухоль
źrivi	брага	noun	default	braga	standard	брага
źroruź	хранение	adjective	heuristic	hranenie	standard	хранение
źrosu	сервитут	noun	default		standard	сервитут
źruśøz	дуриан	noun	default		standard	дуриан
źruźy	создавать	verb	heuristic	møgos	standard	создавать
źryve	варистор	noun	default		standard	варистор
źræjæk	тростник	noun	default	trostn	standard	тростник
źrøfah	пинг	noun	default		standard	пинг
źrøki	сардоникс	noun	default		standard	сардоникс
źrømi	чернь	noun	default		standard	чернь
źrøsun	шифратор	noun	default		standard	шифратор
źub	глотать	verb	explicit		standard	глотать
źubif	колодезный журавль	adjective	heuristic		standard	колодезный журавль
źubta	упрямый (прилагательное)	adjective	heuristic		standard	упрямый
źuc	сквер	noun	default		standard	сквер
źucfø	дозор	noun	default		standard	дозор
źudke	мудрый	adjective	heuristic		standard	мудрый
źufi	надколенник	noun	default		standard	надколенник
źug	розвальни	noun	default		standard	розвальни
źuh	хмуриться (глагол дубль-уточнение)	verb	heuristic		standard	хмуриться (глагол дубль-уточнение
źuhl	жухлый	adjective	heuristic		standard	жухлый
źukaz	релаксация	noun	default		standard	релаксация
źukok	учредительное собрание	adjective	heuristic		standard	учредительное собрание
źukuź	молодой	adjective	heuristic		standard	молодой
źula	тахограф	noun	default		standard	тахограф
źulas	дарить	verb	heuristic	źæjor	standard	дарить
źulav	сапожник	noun	default		standard	сапожник
źumed	ахондрит	noun	default		standard	ахондрит
źumun	ковыль	noun	default		standard	ковыль
źumød	верховный жрец	adjective	heuristic		standard	верховный жрец
źupib	пульс	noun	default	puls	standard	пульс
źur	внутренние земли	adjective	heuristic		standard	внутренние земли|внутригосударственные земли
źuravl	журавль	noun	default		standard	журавль
źuref	варрант	noun	default		standard	варрант
źurnal	журналист	noun	default		standard	журналист
źurtru	журчание ручья	adjective	heuristic		standard	журчание ручья
źurtəśa	журчалка	noun	default		standard	журчалка
źuseź	купол	noun	default	kupol	standard	купол
źutku	незаконнорождённый	adjective	heuristic		standard	незаконнорожденный
źuvmo	отвлекающий десант	adjective	heuristic		standard	отвлекающий десант
źuvyv	нуцеллус	noun	default		standard	нуцеллус
źuvəź	дуополия	noun	default		standard	дуополия
źuz	висок	noun	default		standard	висок
źuś	санитар	noun	default		standard	санитар
źuź	противник	noun	default		standard	противник
źuźeli	жужелица	noun	default		standard	жужелица
źy	перед (предлог места)	noun	default		standard	перед (предлог места|перед
źya	жить	verb	heuristic		standard	жить|обитать|существовать
źydop	реостат	noun	default		standard	реостат
źyfət	шпонка	noun	default		standard	шпонка
źygud	прииск	noun	default		standard	прииск
źykoc	микробиолог	noun	default		standard	микробиолог
źykpu	стачечный комитет	adjective	heuristic		standard	стачечный комитет
źykəm	гранит	noun	default		standard	гранит
źynaź	складской смотритель	adjective	heuristic		standard	складской смотритель
źynśu	хозяин	noun	default		standard	хозяин
źypdu	голова	noun	default		standard	голова
źyriv	северный ветер	adjective	heuristic		standard	северный ветер
źyrna	гавань	noun	default		standard	гавань
źyræf	брокколи	noun	default		standard	брокколи
źys	ометок сена	noun	default		standard	ометок сена
źyto	рожь	noun	default	roźm	standard	рожь
źyvi	живот	noun	default	źivot	standard	живот
źyvyj	живой	adjective	heuristic	gyjap	standard	живой
źyvər	левый	adjective	heuristic		standard	левый|левосторонний|слева
źyś	кольцо	noun	default		standard	кольцо
źyź	переговоры	noun	default		standard	переговоры
źæcśi	исключение из правила	adjective	heuristic		standard	исключение из правила
źædyk	окружность	verb	heuristic	okruźn	standard	окружность
źæffy	жеребёнок	noun	default		standard	жеребенок
źæg	дуновение	adjective	heuristic		standard	дуновение
źægmæ	весло рыбацкое	noun	default		standard	весло рыбацкое
źægta	штиль	noun	default		standard	штиль
źægæf	скульптор	noun	default		standard	скульптор
źæhda	убыток коммерческий	noun	default		standard	убыток коммерческий
źæhzy	заложник мира	noun	default		standard	заложник мира
źæj	встреча	noun	default		standard	встреча
źæjor	дарить	verb	explicit		standard	дарить
źækub	печная труба глиняная	adjective	heuristic		standard	печная труба глиняная
źæl	святыня	noun	default		standard	святыня
źæmte	антенна спутниковая наземная	noun	default		standard	антенна спутниковая наземная
źæn	родовое оружие	adjective	heuristic		standard	родовое оружие|родовое вооружение|родовое ствол
źænyg	лодыжка	noun	default		standard	лодыжка
źæp	бронза	noun	default		standard	бронза
źæpæh	хендшейк	noun	default		standard	хендшейк
źæpør	китоглав	noun	default		standard	китоглав
źær	архаизм	noun	default		standard	архаизм
źæraź	континент	noun	default		standard	континент
źæs	полярник	noun	default		standard	полярник
źæshə	заготовка кормов	noun	default		standard	заготовка кормов
źæv	трубач	noun	default		standard	трубач
źæś	и союз	noun	default		standard	и союз
źøbuf	приставка усилительная	noun	default		standard	приставка усилительная
źøbśo	зал вылета	noun	default		standard	зал вылета
źøc	литьё	noun	default		standard	литье
źøcpy	фабрика	noun	default		standard	фабрика
źødog	каменотёс	noun	default		standard	каменотес
źødyf	упоминать	verb	explicit		standard	упоминать
źøf	осуждать	verb	explicit		standard	осуждать
źøgty	старуха	noun	default		standard	старуха
źøhbo	тысяча	numeral	heuristic		standard	тысяча
źøj	поэзия	noun	default		standard	поэзия
źøjug	гуми	noun	default		standard	гуми
źøk	дурные манеры	adjective	heuristic		standard	дурные манеры|глупые манеры|некачественные манеры|неумные манеры|плохые манеры|скверные манеры|тупые манеры
źøke	звать	verb	heuristic	zava	standard	звать
źøki	монополист	noun	default	joźpæ	standard	монополист
źøl	противень	noun	default		standard	противень
źølor	лапта деревенская игра	noun	default		standard	лапта деревенская игра|лапта деревенская игрище
źøloz	очищать	verb	explicit		standard	очищать
źømær	телепередача	noun	default	telepe	standard	телепередача
źønæs	дежурство по дому	noun	default		standard	дежурство по дому
źøp	скрипка	noun	default		standard	скрипка
źøpæn	ортоклаз	noun	default		standard	ортоклаз
źør	централизация власти	noun	default		standard	централизация власти|централизация кабинет|централизация правительство
źøvar	крыша протекающая	noun	default		standard	крыша протекающая
źøśo	парусность	verb	heuristic		standard	парусность
źøśok	караванный путь	adjective	heuristic		standard	караванный путь|караванный дорога|караванный трасса
źøśy	карикатура	noun	default	karika	standard	карикатура
źøśə	триаж	noun	default		standard	триаж
źøź	операционная	adjective	heuristic		standard	операционная
źźeni	жжение	adjective	heuristic		standard	жжение
źə	много (квантор дубль-уточнение)	noun	default		standard	много (квантор дубль-уточнение|куча (квантор дубль-уточнение|масса (квантор дубль-уточнение|множество (квантор дубль-уточнение
źəb	кофе	noun	default		standard	кофе
źəcsy	микроволновая печь	adjective	heuristic		standard	микроволновая печь
źəfvo	мозг	noun	default		standard	мозг
źəg	самопожертвование	adjective	heuristic		standard	самопожертвование
źəh	роща священная	noun	default		standard	роща священная
źəha	говорить тост	verb	heuristic		standard	говорить тост|произносить тост|рассказывать тост|сказать тост
źəjgə	иней	noun	default		standard	иней
źək	планктон морской	noun	default		standard	планктон морской
źəknæ	резкий (прилагательное)	adjective	heuristic		standard	резкий
źəkyk	прощать	verb	explicit		standard	прощать
źəkæ	студень	noun	default	studen	standard	студень
źəmgu	капитуляция государства	noun	default		standard	капитуляция государства
źəne	сегодня	noun	default	segodn	standard	сегодня
źənoc	газетный стенд	adjective	heuristic		standard	газетный стенд
źəphy	информационное табло	adjective	heuristic		standard	информационное табло
źəpiv	сарафан	noun	default	tevdu	standard	сарафан
źər	тезис	noun	default		standard	тезис
źərzø	кувшин	noun	default		standard	кувшин
źərøf	квашня	noun	default		standard	квашня
źərəg	постулат	noun	default		standard	постулат
źəsel	выбор	noun	default		standard	выбор
źəsfa	дух воды	noun	default		standard	дух воды
źət	экзит-полл	noun	default		standard	экзит-полл
źətyt	чатни	noun	default		standard	чатни
źəvbo	стартап	noun	default		standard	стартап
źəvyr	лизать	verb	explicit		standard	лизать
źəśbo	очная ставка	adjective	heuristic		standard	очная ставка
źəź	недоносительство	noun	default		standard	недоносительство
əbim	досудебное разбирательство	adjective	heuristic		standard	досудебное разбирательство
əbuv	звездопад	noun	default		standard	звездопад
əbæv	предательский (прилагательное)	adjective	heuristic		standard	предательский
əbøz	краб	noun	default		standard	краб
əbəh	водолазная служба	adjective	heuristic		standard	водолазная служба
əbəv	бассейн реки	noun	default		standard	бассейн реки
əcav	куратор агента	noun	default		standard	куратор агента
əcaz	сноуборд	noun	default		standard	сноуборд
əcoj	смех	noun	default		standard	смех
əcol	южные земли	adjective	heuristic		standard	южные земли
əcym	сельская дорога просёлочная	adjective	heuristic		standard	сельская дорога проселочная|сельская путь проселочная|сельская трасса проселочная
əcæm	радуга двойная	noun	default		standard	радуга двойная
əcən	изолента	noun	default		standard	изолента
əcət	вяз	noun	default		standard	вяз
ədin	униженное достоинство	adjective	heuristic		standard	униженное достоинство
ədit	тепло объятий	noun	default		standard	тепло объятий
ədæk	логово	noun	default		standard	логово
ədæs	очевидный (прилагательное)	adjective	heuristic		standard	очевидный
ədøg	снеговая линия	adjective	heuristic		standard	снеговая линия
ədəź	эхо пещеры	noun	default		standard	эхо пещеры
əfeh	спортивный зал	adjective	heuristic		standard	спортивный зал
əfus	новогодняя ночь	adjective	heuristic		standard	новогодняя ночь|новогодняя ночное время|новогодняя темное время суток
əfym	обряд посвящения	noun	default		standard	обряд посвящения
əfyź	сторожевая собака	adjective	heuristic		standard	сторожевая собака
əfæt	праздник зимний	noun	default		standard	праздник зимний
əføb	борода	noun	default		standard	борода
əg	половина (квантор дубль)	noun	default		standard	половина (квантор дубль
əgic	перчатки зимние	noun	default		standard	перчатки зимние
əgujy	бубен круглый	noun	default		standard	бубен круглый
əgyg	мираж пустынный	noun	default		standard	мираж пустынный
əgæf	племенной сход	adjective	heuristic		standard	племенной сход
əgæj	начальник цеха	noun	default		standard	начальник цеха
əhim	либо союз	noun	default		standard	либо союз
əhiv	цапля болотная	noun	default		standard	цапля болотная
əhiś	точка на графике	noun	default		standard	точка на графике|локация на графике|место на графике
əhom	радуга	noun	default		standard	радуга
əhud	есть	verb	heuristic		standard	есть|кушать|принимать пищу
əhuś	подделка документов	noun	default		standard	подделка документов
əhæh	уступка на переговорах	noun	default		standard	уступка на переговорах
əhæl	заградительный огонь	adjective	heuristic		standard	заградительный огонь|заградительный пламя|заградительный пожар
əhəb	водитель автобуса	noun	default		standard	водитель автобуса
əj	напротив (предлог)	noun	default		standard	напротив
əjac	пищеварительная система	adjective	heuristic		standard	пищеварительная система|пищеварительная структура|пищеварительная устройство
əjef	метель колючая	noun	default		standard	метель колючая
əjet	засада вражеская	noun	default		standard	засада вражеская
əjuś	путешественник дальний	noun	default		standard	путешественник дальний
əjyh	сказка о богатыре	noun	default		standard	сказка о богатыре
əjyt	рог	noun	default		standard	рог
əjyza	ругаться от усталости	verb	heuristic		standard	ругаться от усталости
əkas	дверь	noun	default		standard	дверь
əker	реанимация	noun	default		standard	реанимация
əkor	государственный строй	adjective	heuristic		standard	государственный строй|государственный организованность|государственный порядок
əkys	переводчик текста	noun	default		standard	переводчик текста
əkær	потоотделение	adjective	heuristic		standard	потоотделение
əkøm	паром	noun	default		standard	паром
əkəz	туфли женские	noun	default		standard	туфли женские
əkəzø	делить последний кусок	verb	heuristic		standard	делить последний кусок|делить крайний кусок|делить последний доля|делить последний фрагмент|делить последний часть|делить финальный кусок
əl	мало (квантор дубль-уточнение)	noun	default		standard	мало (квантор дубль-уточнение|мало|малое количество (квантор дубль-уточнение|немного (квантор дубль-уточнение
əlac	хор	noun	default		standard	хор
əleh	старый	adjective	heuristic		standard	старый
əlej	новый указ	adjective	heuristic		standard	новый указ|недавний указ|свежий указ
əlir	гладкий (прилагательное)	adjective	heuristic		standard	гладкий
əlol	внешний	adjective	heuristic		standard	внешний|внеший|наружный
əlor	сборщик урожая тропический	noun	default		standard	сборщик урожая тропический
əlud	нотариальная контора	adjective	heuristic		standard	нотариальная контора
əløl	неумелый (прилагательное)	adjective	heuristic		standard	неумелый
ələk	морозильная камера	adjective	heuristic		standard	морозильная камера
ələl	карандаш	noun	default		standard	карандаш
əmagu	грязная щетина	adjective	heuristic		standard	грязная щетина|замаранная щетина|нечистая щетина
əmej	похмелье тяжелое	noun	default		standard	похмелье тяжелое|похмелье увесистое
əmoj	закопанный клад	adjective	heuristic		standard	закопанный клад
əmyc	галактическое скопление	adjective	heuristic		standard	галактическое скопление
əmyr	водительские права	adjective	heuristic		standard	водительские права
əmæj	тайное учение	adjective	heuristic		standard	тайное учение
ənez	конкретизировать	verb	explicit		standard	конкретизировать
ənyt	шайба	noun	default		standard	шайба
ənøc	электрочайник	noun	default		standard	электрочайник
əpab	карта географическая подробная	noun	default		standard	карта географическая подробная
əped	мох	noun	default		standard	мох
əpos	перебивать	verb	explicit		standard	перебивать
əpyf	пограничный инцидент	adjective	heuristic		standard	пограничный инцидент
əpøf	дуб	noun	default		standard	дуб
əpəl	стена	noun	default		standard	стена
ərev	турнир рыцарский	noun	default		standard	турнир рыцарский
ərig	союз	noun	default		standard	союз
ərih	ботинки мужские	noun	default		standard	ботинки мужские
ərip	самолёт	noun	default		standard	самолет|аэроплан
ərol	дуга упряжная	noun	default		standard	дуга упряжная
ərot	спорить	verb	explicit		standard	спорить
ərov	сельский праздник урожая шумный	adjective	heuristic		standard	сельский праздник урожая шумный
əryk	знамение	adjective	heuristic		standard	знамение
əræl	овцеводство	noun	default		standard	овцеводство
ərər	ледоход весенний	noun	default		standard	ледоход весенний
əsit	согласованность	verb	heuristic		standard	согласованность
əsok	морской разбой	adjective	heuristic		standard	морской разбой
əsuh	рынок продуктовый	noun	default		standard	рынок продуктовый
əsum	дверной засов	adjective	heuristic		standard	дверной засов
əsytæ	окно разбитое	noun	default		standard	окно разбитое
əsyv	милый (прилагательное)	adjective	heuristic		standard	милый
əsøj	ратификация договора	noun	default		standard	ратификация договора
əsøp	прополис	noun	default		standard	прополис
ətec	шёлк-сырец	noun	default		standard	шелк-сырец
ətez	национализм	noun	default		standard	национализм
ətik	стопа	noun	default		standard	стопа
ətut	угловой удар	adjective	heuristic		standard	угловой удар
ətæb	хоровод вокруг костра	noun	default		standard	хоровод вокруг костра
ətæg	государственная пропаганда	adjective	heuristic		standard	государственная пропаганда
ətæm	тёрка	noun	default		standard	терка
ətøv	лейка садовая	noun	default		standard	лейка садовая
əvof	мнительность	verb	heuristic		standard	мнительность
əvoh	колено	noun	default		standard	колено
əvoź	кисель густой	noun	default		standard	кисель густой
əvun	струбцина	noun	default		standard	струбцина
əvæc	чары	noun	default		standard	чары
əvøb	голос высокий	noun	default		standard	голос высокий|голос возвышенный|голос рослый
əzod	здание оперного театра	adjective	heuristic		standard	здание оперного театра|постройка оперного театра|строение оперного театра
əzæś	пролетариат	noun	default		standard	пролетариат
əzøm	строевая подготовка	adjective	heuristic		standard	строевая подготовка
əzəf	созвездие южное	adjective	heuristic		standard	созвездие южное
əśug	таможня	noun	default		standard	таможня
əśyj	погоня	noun	default		standard	погоня
əśæź	сытость	verb	heuristic		standard	сытость
əźaz	тягловый вол	adjective	heuristic		standard	тягловый вол
əźez	клятва верности	noun	default		standard	клятва верности
əźoź	орион созвездие	noun	default		standard	орион созвездие
əźym	лавка у стены	noun	default		standard	лавка у стены|магазин у стены|торговая точка у стены
əźyp	бадья колодезная	noun	default		standard	бадья колодезная
əźyr	известняк	noun	default		standard	известняк
əźøn	цареубийство	noun	default		standard	цареубийство
əźøp	спичечная фабрика	adjective	heuristic		standard	спичечная фабрика|спичечная завод|спичечная предприятие
əźøs	глобус школьный	noun	default		standard	глобус школьный
əźøv	индекс почтовый	noun	default		standard	индекс почтовый
